project_id,entity_code,project_name,asset_class,bu_code,period_key,approved_amount_local,spend_local,currency_code,status
CP-200-202301-01,NIG-200,Buildings and improvements programme,BUILDING,FC,202301,34713.78,31409.97,USD,COMPLETE
CP-200-202301-01,NIG-200,Machinery and equipment programme,PLANT,FC,202301,70445.13,60202.44,USD,IN_PROGRESS
CP-200-202301-01,NIG-200,Vehicles programme,VEHICLE,FC,202301,19595.1,17013.73,USD,COMPLETE
CP-200-202301-01,NIG-200,Computer hardware and software programme,IT,FC,202301,13783.74,11778.74,USD,COMPLETE
CP-200-202301-01,NIG-200,Leasehold improvements programme,LEASEHOLD,FC,202301,10937.65,10469.99,USD,COMPLETE
CP-200-202302-01,NIG-200,Buildings and improvements programme,BUILDING,FC,202302,36856.69,31409.97,USD,IN_PROGRESS
CP-200-202302-01,NIG-200,Machinery and equipment programme,PLANT,FC,202302,63407.54,60202.44,USD,COMPLETE
CP-200-202302-01,NIG-200,Vehicles programme,VEHICLE,FC,202302,19955.47,17013.73,USD,COMPLETE
CP-200-202302-01,NIG-200,Computer hardware and software programme,IT,FC,202302,12908.75,11778.74,USD,COMPLETE
CP-200-202302-01,NIG-200,Leasehold improvements programme,LEASEHOLD,FC,202302,11236.98,10469.99,USD,COMPLETE
CP-200-202303-01,NIG-200,Buildings and improvements programme,BUILDING,FC,202303,35828.2,31409.97,USD,COMPLETE
CP-200-202303-01,NIG-200,Machinery and equipment programme,PLANT,FC,202303,68976.2,60202.44,USD,COMPLETE
CP-200-202303-01,NIG-200,Vehicles programme,VEHICLE,FC,202303,17964.26,17013.73,USD,COMPLETE
CP-200-202303-01,NIG-200,Computer hardware and software programme,IT,FC,202303,12966.11,11778.74,USD,COMPLETE
CP-200-202303-01,NIG-200,Leasehold improvements programme,LEASEHOLD,FC,202303,11344.01,10469.99,USD,COMPLETE
CP-200-202304-01,NIG-200,Buildings and improvements programme,BUILDING,FC,202304,35071.24,31409.97,USD,COMPLETE
CP-200-202304-01,NIG-200,Machinery and equipment programme,PLANT,FC,202304,69989.82,60202.44,USD,COMPLETE
CP-200-202304-01,NIG-200,Vehicles programme,VEHICLE,FC,202304,19252.9,17013.73,USD,COMPLETE
CP-200-202304-01,NIG-200,Computer hardware and software programme,IT,FC,202304,12753.28,11778.74,USD,COMPLETE
CP-200-202304-01,NIG-200,Leasehold improvements programme,LEASEHOLD,FC,202304,11048.0,10469.99,USD,COMPLETE
CP-200-202305-01,NIG-200,Buildings and improvements programme,BUILDING,FC,202305,36917.98,31409.97,USD,COMPLETE
CP-200-202305-01,NIG-200,Machinery and equipment programme,PLANT,FC,202305,63777.83,60202.44,USD,COMPLETE
CP-200-202305-01,NIG-200,Vehicles programme,VEHICLE,FC,202305,17725.87,17013.73,USD,COMPLETE
CP-200-202305-01,NIG-200,Computer hardware and software programme,IT,FC,202305,12357.48,11778.74,USD,COMPLETE
CP-200-202305-01,NIG-200,Leasehold improvements programme,LEASEHOLD,FC,202305,10980.65,10469.99,USD,COMPLETE
CP-200-202306-01,NIG-200,Buildings and improvements programme,BUILDING,FC,202306,34766.32,31409.97,USD,COMPLETE
CP-200-202306-01,NIG-200,Machinery and equipment programme,PLANT,FC,202306,63014.24,60202.44,USD,COMPLETE
CP-200-202306-01,NIG-200,Vehicles programme,VEHICLE,FC,202306,19617.67,17013.73,USD,COMPLETE
CP-200-202306-01,NIG-200,Computer hardware and software programme,IT,FC,202306,12770.1,11778.74,USD,COMPLETE
CP-200-202306-01,NIG-200,Leasehold improvements programme,LEASEHOLD,FC,202306,11373.72,10469.99,USD,COMPLETE
CP-200-202307-01,NIG-200,Buildings and improvements programme,BUILDING,FC,202307,35752.93,31409.97,USD,COMPLETE
CP-200-202307-01,NIG-200,Machinery and equipment programme,PLANT,FC,202307,67435.44,60202.44,USD,COMPLETE
CP-200-202307-01,NIG-200,Vehicles programme,VEHICLE,FC,202307,17956.97,17013.73,USD,IN_PROGRESS
CP-200-202307-01,NIG-200,Computer hardware and software programme,IT,FC,202307,12249.85,11778.74,USD,COMPLETE
CP-200-202307-01,NIG-200,Leasehold improvements programme,LEASEHOLD,FC,202307,10765.34,10469.99,USD,COMPLETE
CP-200-202308-01,NIG-200,Buildings and improvements programme,BUILDING,FC,202308,35799.73,31409.97,USD,COMPLETE
CP-200-202308-01,NIG-200,Machinery and equipment programme,PLANT,FC,202308,67555.73,60202.44,USD,COMPLETE
CP-200-202308-01,NIG-200,Vehicles programme,VEHICLE,FC,202308,18990.58,17013.73,USD,IN_PROGRESS
CP-200-202308-01,NIG-200,Computer hardware and software programme,IT,FC,202308,13430.05,11778.74,USD,COMPLETE
CP-200-202308-01,NIG-200,Leasehold improvements programme,LEASEHOLD,FC,202308,11832.99,10469.99,USD,COMPLETE
CP-200-202309-01,NIG-200,Buildings and improvements programme,BUILDING,FC,202309,33143.07,31409.97,USD,COMPLETE
CP-200-202309-01,NIG-200,Machinery and equipment programme,PLANT,FC,202309,65305.89,60202.44,USD,IN_PROGRESS
CP-200-202309-01,NIG-200,Vehicles programme,VEHICLE,FC,202309,18411.4,17013.73,USD,COMPLETE
CP-200-202309-01,NIG-200,Computer hardware and software programme,IT,FC,202309,13665.16,11778.74,USD,COMPLETE
CP-200-202309-01,NIG-200,Leasehold improvements programme,LEASEHOLD,FC,202309,11591.94,10469.99,USD,COMPLETE
CP-200-202310-01,NIG-200,Buildings and improvements programme,BUILDING,FC,202310,35349.36,31409.97,USD,COMPLETE
CP-200-202310-01,NIG-200,Machinery and equipment programme,PLANT,FC,202310,66455.12,60202.44,USD,COMPLETE
CP-200-202310-01,NIG-200,Vehicles programme,VEHICLE,FC,202310,19802.66,17013.73,USD,COMPLETE
CP-200-202310-01,NIG-200,Computer hardware and software programme,IT,FC,202310,12221.84,11778.74,USD,COMPLETE
CP-200-202310-01,NIG-200,Leasehold improvements programme,LEASEHOLD,FC,202310,11113.5,10469.99,USD,IN_PROGRESS
CP-200-202311-01,NIG-200,Buildings and improvements programme,BUILDING,FC,202311,34150.16,31409.97,USD,COMPLETE
CP-200-202311-01,NIG-200,Machinery and equipment programme,PLANT,FC,202311,64425.83,60202.44,USD,COMPLETE
CP-200-202311-01,NIG-200,Vehicles programme,VEHICLE,FC,202311,19799.28,17013.73,USD,COMPLETE
CP-200-202311-01,NIG-200,Computer hardware and software programme,IT,FC,202311,13556.89,11778.74,USD,COMPLETE
CP-200-202311-01,NIG-200,Leasehold improvements programme,LEASEHOLD,FC,202311,10908.52,10469.99,USD,IN_PROGRESS
CP-200-202312-01,NIG-200,Buildings and improvements programme,BUILDING,FC,202312,34867.36,31409.97,USD,COMPLETE
CP-200-202312-01,NIG-200,Machinery and equipment programme,PLANT,FC,202312,64910.12,60202.44,USD,COMPLETE
CP-200-202312-01,NIG-200,Vehicles programme,VEHICLE,FC,202312,18723.68,17013.73,USD,COMPLETE
CP-200-202312-01,NIG-200,Computer hardware and software programme,IT,FC,202312,13436.7,11778.74,USD,IN_PROGRESS
CP-200-202312-01,NIG-200,Leasehold improvements programme,LEASEHOLD,FC,202312,11103.63,10469.99,USD,IN_PROGRESS
CP-200-202401-01,NIG-200,Buildings and improvements programme,BUILDING,FC,202401,101161.11,93988.13,USD,COMPLETE
CP-200-202401-01,NIG-200,Machinery and equipment programme,PLANT,FC,202401,183865.22,180143.91,USD,COMPLETE
CP-200-202401-01,NIG-200,Vehicles programme,VEHICLE,FC,202401,52121.12,50910.24,USD,COMPLETE
CP-200-202401-01,NIG-200,Computer hardware and software programme,IT,FC,202401,37420.54,35245.55,USD,IN_PROGRESS
CP-200-202401-01,NIG-200,Leasehold improvements programme,LEASEHOLD,FC,202401,34429.88,31329.38,USD,COMPLETE
CP-200-202402-01,NIG-200,Buildings and improvements programme,BUILDING,FC,202402,100490.12,93988.13,USD,COMPLETE
CP-200-202402-01,NIG-200,Machinery and equipment programme,PLANT,FC,202402,202186.32,180143.91,USD,COMPLETE
CP-200-202402-01,NIG-200,Vehicles programme,VEHICLE,FC,202402,56007.4,50910.24,USD,COMPLETE
CP-200-202402-01,NIG-200,Computer hardware and software programme,IT,FC,202402,36238.07,35245.55,USD,IN_PROGRESS
CP-200-202402-01,NIG-200,Leasehold improvements programme,LEASEHOLD,FC,202402,32835.9,31329.38,USD,COMPLETE
CP-200-202403-01,NIG-200,Buildings and improvements programme,BUILDING,FC,202403,101837.29,93988.13,USD,COMPLETE
CP-200-202403-01,NIG-200,Machinery and equipment programme,PLANT,FC,202403,200326.11,180143.91,USD,COMPLETE
CP-200-202403-01,NIG-200,Vehicles programme,VEHICLE,FC,202403,54653.38,50910.24,USD,COMPLETE
CP-200-202403-01,NIG-200,Computer hardware and software programme,IT,FC,202403,35987.52,35245.55,USD,COMPLETE
CP-200-202403-01,NIG-200,Leasehold improvements programme,LEASEHOLD,FC,202403,33844.02,31329.38,USD,COMPLETE
CP-200-202404-01,NIG-200,Buildings and improvements programme,BUILDING,FC,202404,94528.13,93988.13,USD,COMPLETE
CP-200-202404-01,NIG-200,Machinery and equipment programme,PLANT,FC,202404,202939.45,180143.91,USD,COMPLETE
CP-200-202404-01,NIG-200,Vehicles programme,VEHICLE,FC,202404,57256.78,50910.24,USD,COMPLETE
CP-200-202404-01,NIG-200,Computer hardware and software programme,IT,FC,202404,35647.86,35245.55,USD,COMPLETE
CP-200-202404-01,NIG-200,Leasehold improvements programme,LEASEHOLD,FC,202404,31850.16,31329.38,USD,COMPLETE
CP-200-202405-01,NIG-200,Buildings and improvements programme,BUILDING,FC,202405,109890.85,93988.13,USD,COMPLETE
CP-200-202405-01,NIG-200,Machinery and equipment programme,PLANT,FC,202405,192366.53,180143.91,USD,COMPLETE
CP-200-202405-01,NIG-200,Vehicles programme,VEHICLE,FC,202405,52817.11,50910.24,USD,COMPLETE
CP-200-202405-01,NIG-200,Computer hardware and software programme,IT,FC,202405,38687.1,35245.55,USD,IN_PROGRESS
CP-200-202405-01,NIG-200,Leasehold improvements programme,LEASEHOLD,FC,202405,33618.83,31329.38,USD,COMPLETE
CP-200-202406-01,NIG-200,Buildings and improvements programme,BUILDING,FC,202406,109882.74,93988.13,USD,COMPLETE
CP-200-202406-01,NIG-200,Machinery and equipment programme,PLANT,FC,202406,207451.32,180143.91,USD,COMPLETE
CP-200-202406-01,NIG-200,Vehicles programme,VEHICLE,FC,202406,57055.49,50910.24,USD,COMPLETE
CP-200-202406-01,NIG-200,Computer hardware and software programme,IT,FC,202406,38254.18,35245.55,USD,COMPLETE
CP-200-202406-01,NIG-200,Leasehold improvements programme,LEASEHOLD,FC,202406,35946.13,31329.38,USD,COMPLETE
CP-200-202407-01,NIG-200,Buildings and improvements programme,BUILDING,FC,202407,102595.17,93988.13,USD,COMPLETE
CP-200-202407-01,NIG-200,Machinery and equipment programme,PLANT,FC,202407,189981.83,180143.91,USD,COMPLETE
CP-200-202407-01,NIG-200,Vehicles programme,VEHICLE,FC,202407,52166.1,50910.24,USD,COMPLETE
CP-200-202407-01,NIG-200,Computer hardware and software programme,IT,FC,202407,38258.6,35245.55,USD,COMPLETE
CP-200-202407-01,NIG-200,Leasehold improvements programme,LEASEHOLD,FC,202407,35209.55,31329.38,USD,COMPLETE
CP-200-202408-01,NIG-200,Buildings and improvements programme,BUILDING,FC,202408,94683.37,93988.13,USD,COMPLETE
CP-200-202408-01,NIG-200,Machinery and equipment programme,PLANT,FC,202408,200935.24,180143.91,USD,COMPLETE
CP-200-202408-01,NIG-200,Vehicles programme,VEHICLE,FC,202408,57647.99,50910.24,USD,COMPLETE
CP-200-202408-01,NIG-200,Computer hardware and software programme,IT,FC,202408,37865.42,35245.55,USD,COMPLETE
CP-200-202408-01,NIG-200,Leasehold improvements programme,LEASEHOLD,FC,202408,34236.33,31329.38,USD,COMPLETE
CP-200-202409-01,NIG-200,Buildings and improvements programme,BUILDING,FC,202409,104722.58,93988.13,USD,COMPLETE
CP-200-202409-01,NIG-200,Machinery and equipment programme,PLANT,FC,202409,203367.25,180143.91,USD,COMPLETE
CP-200-202409-01,NIG-200,Vehicles programme,VEHICLE,FC,202409,53329.8,50910.24,USD,COMPLETE
CP-200-202409-01,NIG-200,Computer hardware and software programme,IT,FC,202409,40166.94,35245.55,USD,COMPLETE
CP-200-202409-01,NIG-200,Leasehold improvements programme,LEASEHOLD,FC,202409,36071.61,31329.38,USD,COMPLETE
CP-200-202410-01,NIG-200,Buildings and improvements programme,BUILDING,FC,202410,95850.29,93988.13,USD,COMPLETE
CP-200-202410-01,NIG-200,Machinery and equipment programme,PLANT,FC,202410,211024.62,180143.91,USD,COMPLETE
CP-200-202410-01,NIG-200,Vehicles programme,VEHICLE,FC,202410,57954.72,50910.24,USD,COMPLETE
CP-200-202410-01,NIG-200,Computer hardware and software programme,IT,FC,202410,40589.15,35245.55,USD,COMPLETE
CP-200-202410-01,NIG-200,Leasehold improvements programme,LEASEHOLD,FC,202410,32930.28,31329.38,USD,COMPLETE
CP-200-202411-01,NIG-200,Buildings and improvements programme,BUILDING,FC,202411,98241.06,93988.13,USD,COMPLETE
CP-200-202411-01,NIG-200,Machinery and equipment programme,PLANT,FC,202411,204338.11,180143.91,USD,COMPLETE
CP-200-202411-01,NIG-200,Vehicles programme,VEHICLE,FC,202411,55407.6,50910.24,USD,COMPLETE
CP-200-202411-01,NIG-200,Computer hardware and software programme,IT,FC,202411,37985.25,35245.55,USD,COMPLETE
CP-200-202411-01,NIG-200,Leasehold improvements programme,LEASEHOLD,FC,202411,35825.37,31329.38,USD,COMPLETE
CP-200-202412-01,NIG-200,Buildings and improvements programme,BUILDING,FC,202412,107268.6,93988.13,USD,COMPLETE
CP-200-202412-01,NIG-200,Machinery and equipment programme,PLANT,FC,202412,186677.11,180143.91,USD,COMPLETE
CP-200-202412-01,NIG-200,Vehicles programme,VEHICLE,FC,202412,55633.36,50910.24,USD,COMPLETE
CP-200-202412-01,NIG-200,Computer hardware and software programme,IT,FC,202412,40988.75,35245.55,USD,COMPLETE
CP-200-202412-01,NIG-200,Leasehold improvements programme,LEASEHOLD,FC,202412,32376.96,31329.38,USD,COMPLETE
CP-200-202501-01,NIG-200,Buildings and improvements programme,BUILDING,FC,202501,96183.04,83877.0,USD,COMPLETE
CP-200-202501-01,NIG-200,Machinery and equipment programme,PLANT,FC,202501,165528.72,160764.25,USD,COMPLETE
CP-200-202501-01,NIG-200,Vehicles programme,VEHICLE,FC,202501,47439.7,45433.37,USD,COMPLETE
CP-200-202501-01,NIG-200,Computer hardware and software programme,IT,FC,202501,36803.05,31453.87,USD,COMPLETE
CP-200-202501-01,NIG-200,Leasehold improvements programme,LEASEHOLD,FC,202501,32407.06,27959.0,USD,COMPLETE
CP-200-202502-01,NIG-200,Buildings and improvements programme,BUILDING,FC,202502,98879.73,83877.0,USD,COMPLETE
CP-200-202502-01,NIG-200,Machinery and equipment programme,PLANT,FC,202502,188301.82,160764.25,USD,COMPLETE
CP-200-202502-01,NIG-200,Vehicles programme,VEHICLE,FC,202502,47891.15,45433.37,USD,COMPLETE
CP-200-202502-01,NIG-200,Computer hardware and software programme,IT,FC,202502,32160.93,31453.87,USD,COMPLETE
CP-200-202502-01,NIG-200,Leasehold improvements programme,LEASEHOLD,FC,202502,31942.67,27959.0,USD,COMPLETE
CP-200-202503-01,NIG-200,Buildings and improvements programme,BUILDING,FC,202503,96222.58,83877.0,USD,COMPLETE
CP-200-202503-01,NIG-200,Machinery and equipment programme,PLANT,FC,202503,160802.15,160764.25,USD,COMPLETE
CP-200-202503-01,NIG-200,Vehicles programme,VEHICLE,FC,202503,50781.92,45433.37,USD,COMPLETE
CP-200-202503-01,NIG-200,Computer hardware and software programme,IT,FC,202503,34887.25,31453.87,USD,COMPLETE
CP-200-202503-01,NIG-200,Leasehold improvements programme,LEASEHOLD,FC,202503,29504.37,27959.0,USD,COMPLETE
CP-200-202504-01,NIG-200,Buildings and improvements programme,BUILDING,FC,202504,89812.68,83877.0,USD,COMPLETE
CP-200-202504-01,NIG-200,Machinery and equipment programme,PLANT,FC,202504,175499.54,160764.25,USD,IN_PROGRESS
CP-200-202504-01,NIG-200,Vehicles programme,VEHICLE,FC,202504,51822.02,45433.37,USD,COMPLETE
CP-200-202504-01,NIG-200,Computer hardware and software programme,IT,FC,202504,32433.6,31453.87,USD,COMPLETE
CP-200-202504-01,NIG-200,Leasehold improvements programme,LEASEHOLD,FC,202504,28410.0,27959.0,USD,COMPLETE
CP-200-202505-01,NIG-200,Buildings and improvements programme,BUILDING,FC,202505,89459.84,83877.0,USD,COMPLETE
CP-200-202505-01,NIG-200,Machinery and equipment programme,PLANT,FC,202505,173800.73,160764.25,USD,COMPLETE
CP-200-202505-01,NIG-200,Vehicles programme,VEHICLE,FC,202505,53508.67,45433.37,USD,COMPLETE
CP-200-202505-01,NIG-200,Computer hardware and software programme,IT,FC,202505,32412.14,31453.87,USD,IN_PROGRESS
CP-200-202505-01,NIG-200,Leasehold improvements programme,LEASEHOLD,FC,202505,31645.1,27959.0,USD,COMPLETE
CP-200-202506-01,NIG-200,Buildings and improvements programme,BUILDING,FC,202506,87515.93,83877.0,USD,COMPLETE
CP-200-202506-01,NIG-200,Machinery and equipment programme,PLANT,FC,202506,169860.57,160764.25,USD,COMPLETE
CP-200-202506-01,NIG-200,Vehicles programme,VEHICLE,FC,202506,49029.48,45433.37,USD,IN_PROGRESS
CP-200-202506-01,NIG-200,Computer hardware and software programme,IT,FC,202506,35040.09,31453.88,USD,COMPLETE
CP-200-202506-01,NIG-200,Leasehold improvements programme,LEASEHOLD,FC,202506,27987.02,27959.0,USD,COMPLETE
CP-200-202507-01,NIG-200,Buildings and improvements programme,BUILDING,FC,202507,85746.87,83877.0,USD,IN_PROGRESS
CP-200-202507-01,NIG-200,Machinery and equipment programme,PLANT,FC,202507,166500.47,160764.25,USD,IN_PROGRESS
CP-200-202507-01,NIG-200,Vehicles programme,VEHICLE,FC,202507,49438.6,45433.37,USD,COMPLETE
CP-200-202507-01,NIG-200,Computer hardware and software programme,IT,FC,202507,33040.04,31453.87,USD,COMPLETE
CP-200-202507-01,NIG-200,Leasehold improvements programme,LEASEHOLD,FC,202507,29228.75,27959.0,USD,IN_PROGRESS
CP-200-202508-01,NIG-200,Buildings and improvements programme,BUILDING,FC,202508,97270.06,83877.0,USD,COMPLETE
CP-200-202508-01,NIG-200,Machinery and equipment programme,PLANT,FC,202508,173659.64,160764.25,USD,COMPLETE
CP-200-202508-01,NIG-200,Vehicles programme,VEHICLE,FC,202508,49285.98,45433.37,USD,COMPLETE
CP-200-202508-01,NIG-200,Computer hardware and software programme,IT,FC,202508,37060.3,31453.87,USD,COMPLETE
CP-200-202508-01,NIG-200,Leasehold improvements programme,LEASEHOLD,FC,202508,30992.2,27959.0,USD,COMPLETE
CP-200-202509-01,NIG-200,Buildings and improvements programme,BUILDING,FC,202509,84899.02,83877.0,USD,IN_PROGRESS
CP-200-202509-01,NIG-200,Machinery and equipment programme,PLANT,FC,202509,163397.56,160764.25,USD,COMPLETE
CP-200-202509-01,NIG-200,Vehicles programme,VEHICLE,FC,202509,51198.62,45433.37,USD,COMPLETE
CP-200-202509-01,NIG-200,Computer hardware and software programme,IT,FC,202509,35928.7,31453.87,USD,COMPLETE
CP-200-202509-01,NIG-200,Leasehold improvements programme,LEASEHOLD,FC,202509,31542.55,27959.0,USD,COMPLETE
CP-200-202510-01,NIG-200,Buildings and improvements programme,BUILDING,FC,202510,85392.16,83877.0,USD,COMPLETE
CP-200-202510-01,NIG-200,Machinery and equipment programme,PLANT,FC,202510,181026.38,160764.25,USD,IN_PROGRESS
CP-200-202510-01,NIG-200,Vehicles programme,VEHICLE,FC,202510,51792.08,45433.37,USD,COMPLETE
CP-200-202510-01,NIG-200,Computer hardware and software programme,IT,FC,202510,35641.69,31453.87,USD,COMPLETE
CP-200-202510-01,NIG-200,Leasehold improvements programme,LEASEHOLD,FC,202510,29856.44,27959.0,USD,IN_PROGRESS
CP-200-202511-01,NIG-200,Buildings and improvements programme,BUILDING,FC,202511,89526.18,83877.0,USD,COMPLETE
CP-200-202511-01,NIG-200,Machinery and equipment programme,PLANT,FC,202511,175627.05,160764.25,USD,COMPLETE
CP-200-202511-01,NIG-200,Vehicles programme,VEHICLE,FC,202511,49816.56,45433.37,USD,IN_PROGRESS
CP-200-202511-01,NIG-200,Computer hardware and software programme,IT,FC,202511,34888.08,31453.87,USD,COMPLETE
CP-200-202511-01,NIG-200,Leasehold improvements programme,LEASEHOLD,FC,202511,28506.95,27959.0,USD,COMPLETE
CP-200-202512-01,NIG-200,Buildings and improvements programme,BUILDING,FC,202512,87363.92,83877.0,USD,IN_PROGRESS
CP-200-202512-01,NIG-200,Machinery and equipment programme,PLANT,FC,202512,188080.44,160764.25,USD,COMPLETE
CP-200-202512-01,NIG-200,Vehicles programme,VEHICLE,FC,202512,47695.88,45433.37,USD,COMPLETE
CP-200-202512-01,NIG-200,Computer hardware and software programme,IT,FC,202512,34887.7,31453.87,USD,COMPLETE
CP-200-202512-01,NIG-200,Leasehold improvements programme,LEASEHOLD,FC,202512,29321.86,27959.0,USD,COMPLETE
CP-200-202601-01,NIG-200,Buildings and improvements programme,BUILDING,FC,202601,82673.54,70989.19,USD,COMPLETE
CP-200-202601-01,NIG-200,Machinery and equipment programme,PLANT,FC,202601,142818.39,136062.62,USD,COMPLETE
CP-200-202601-01,NIG-200,Vehicles programme,VEHICLE,FC,202601,41968.4,38452.48,USD,COMPLETE
CP-200-202601-01,NIG-200,Computer hardware and software programme,IT,FC,202601,27791.65,26620.95,USD,COMPLETE
CP-200-202601-01,NIG-200,Leasehold improvements programme,LEASEHOLD,FC,202601,26360.26,23663.06,USD,IN_PROGRESS
CP-200-202602-01,NIG-200,Buildings and improvements programme,BUILDING,FC,202602,71140.66,70989.19,USD,COMPLETE
CP-200-202602-01,NIG-200,Machinery and equipment programme,PLANT,FC,202602,155953.13,136062.62,USD,IN_PROGRESS
CP-200-202602-01,NIG-200,Vehicles programme,VEHICLE,FC,202602,43950.24,38452.48,USD,COMPLETE
CP-200-202602-01,NIG-200,Computer hardware and software programme,IT,FC,202602,27800.4,26620.95,USD,IN_PROGRESS
CP-200-202602-01,NIG-200,Leasehold improvements programme,LEASEHOLD,FC,202602,27347.63,23663.06,USD,COMPLETE
CP-200-202603-01,NIG-200,Buildings and improvements programme,BUILDING,FC,202603,79173.25,70989.19,USD,COMPLETE
CP-200-202603-01,NIG-200,Machinery and equipment programme,PLANT,FC,202603,143776.34,136062.62,USD,COMPLETE
CP-200-202603-01,NIG-200,Vehicles programme,VEHICLE,FC,202603,41363.6,38452.48,USD,COMPLETE
CP-200-202603-01,NIG-200,Computer hardware and software programme,IT,FC,202603,30632.0,26620.95,USD,IN_PROGRESS
CP-200-202603-01,NIG-200,Leasehold improvements programme,LEASEHOLD,FC,202603,27288.87,23663.06,USD,COMPLETE
CP-200-202604-01,NIG-200,Buildings and improvements programme,BUILDING,FC,202604,75903.47,70989.19,USD,COMPLETE
CP-200-202604-01,NIG-200,Machinery and equipment programme,PLANT,FC,202604,148251.89,136062.62,USD,IN_PROGRESS
CP-200-202604-01,NIG-200,Vehicles programme,VEHICLE,FC,202604,39566.48,38452.48,USD,COMPLETE
CP-200-202604-01,NIG-200,Computer hardware and software programme,IT,FC,202604,31062.41,26620.95,USD,COMPLETE
CP-200-202604-01,NIG-200,Leasehold improvements programme,LEASEHOLD,FC,202604,26795.89,23663.06,USD,IN_PROGRESS
CP-200-202605-01,NIG-200,Buildings and improvements programme,BUILDING,FC,202605,82614.89,70989.19,USD,COMPLETE
CP-200-202605-01,NIG-200,Machinery and equipment programme,PLANT,FC,202605,150734.87,136062.62,USD,COMPLETE
CP-200-202605-01,NIG-200,Vehicles programme,VEHICLE,FC,202605,43126.42,38452.48,USD,COMPLETE
CP-200-202605-01,NIG-200,Computer hardware and software programme,IT,FC,202605,30336.68,26620.95,USD,COMPLETE
CP-200-202605-01,NIG-200,Leasehold improvements programme,LEASEHOLD,FC,202605,26194.8,23663.06,USD,COMPLETE
CP-200-202606-01,NIG-200,Buildings and improvements programme,BUILDING,FC,202606,77418.36,70989.19,USD,COMPLETE
CP-200-202606-01,NIG-200,Machinery and equipment programme,PLANT,FC,202606,151663.97,136062.62,USD,COMPLETE
CP-200-202606-01,NIG-200,Vehicles programme,VEHICLE,FC,202606,40897.2,38452.48,USD,COMPLETE
CP-200-202606-01,NIG-200,Computer hardware and software programme,IT,FC,202606,29236.85,26620.95,USD,IN_PROGRESS
CP-200-202606-01,NIG-200,Leasehold improvements programme,LEASEHOLD,FC,202606,24277.91,23663.06,USD,COMPLETE
CP-200-202607-01,NIG-200,Buildings and improvements programme,BUILDING,FC,202607,71614.98,70989.19,USD,COMPLETE
CP-200-202607-01,NIG-200,Machinery and equipment programme,PLANT,FC,202607,144633.74,136062.62,USD,COMPLETE
CP-200-202607-01,NIG-200,Vehicles programme,VEHICLE,FC,202607,44992.49,38452.48,USD,COMPLETE
CP-200-202607-01,NIG-200,Computer hardware and software programme,IT,FC,202607,31317.14,26620.95,USD,COMPLETE
CP-200-202607-01,NIG-200,Leasehold improvements programme,LEASEHOLD,FC,202607,26749.72,23663.06,USD,COMPLETE
CP-200-202608-01,NIG-200,Buildings and improvements programme,BUILDING,FC,202608,81184.24,70989.19,USD,COMPLETE
CP-200-202608-01,NIG-200,Machinery and equipment programme,PLANT,FC,202608,150257.27,136062.62,USD,IN_PROGRESS
CP-200-202608-01,NIG-200,Vehicles programme,VEHICLE,FC,202608,41064.54,38452.48,USD,COMPLETE
CP-200-202608-01,NIG-200,Computer hardware and software programme,IT,FC,202608,28182.77,26620.95,USD,COMPLETE
CP-200-202608-01,NIG-200,Leasehold improvements programme,LEASEHOLD,FC,202608,24667.29,23663.06,USD,IN_PROGRESS
CP-210-202301-01,NIG-210,Buildings and improvements programme,BUILDING,FC,202301,8645.85,7346.0,CAD,COMPLETE
CP-210-202301-01,NIG-210,Machinery and equipment programme,PLANT,FC,202301,14802.03,14079.83,CAD,COMPLETE
CP-210-202301-01,NIG-210,Vehicles programme,VEHICLE,FC,202301,4088.82,3979.08,CAD,COMPLETE
CP-210-202301-01,NIG-210,Computer hardware and software programme,IT,FC,202301,2853.43,2754.75,CAD,COMPLETE
CP-210-202301-01,NIG-210,Leasehold improvements programme,LEASEHOLD,FC,202301,2484.85,2448.67,CAD,IN_PROGRESS
CP-210-202302-01,NIG-210,Buildings and improvements programme,BUILDING,FC,202302,8458.19,7346.0,CAD,COMPLETE
CP-210-202302-01,NIG-210,Machinery and equipment programme,PLANT,FC,202302,14310.1,14079.83,CAD,COMPLETE
CP-210-202302-01,NIG-210,Vehicles programme,VEHICLE,FC,202302,4691.14,3979.08,CAD,COMPLETE
CP-210-202302-01,NIG-210,Computer hardware and software programme,IT,FC,202302,3139.21,2754.75,CAD,COMPLETE
CP-210-202302-01,NIG-210,Leasehold improvements programme,LEASEHOLD,FC,202302,2782.91,2448.67,CAD,IN_PROGRESS
CP-210-202303-01,NIG-210,Buildings and improvements programme,BUILDING,FC,202303,7863.12,7346.0,CAD,COMPLETE
CP-210-202303-01,NIG-210,Machinery and equipment programme,PLANT,FC,202303,15761.99,14079.83,CAD,COMPLETE
CP-210-202303-01,NIG-210,Vehicles programme,VEHICLE,FC,202303,4099.57,3979.08,CAD,COMPLETE
CP-210-202303-01,NIG-210,Computer hardware and software programme,IT,FC,202303,3231.72,2754.75,CAD,COMPLETE
CP-210-202303-01,NIG-210,Leasehold improvements programme,LEASEHOLD,FC,202303,2562.77,2448.67,CAD,COMPLETE
CP-210-202304-01,NIG-210,Buildings and improvements programme,BUILDING,FC,202304,7464.93,7346.0,CAD,COMPLETE
CP-210-202304-01,NIG-210,Machinery and equipment programme,PLANT,FC,202304,15439.03,14079.83,CAD,COMPLETE
CP-210-202304-01,NIG-210,Vehicles programme,VEHICLE,FC,202304,3984.6,3979.08,CAD,COMPLETE
CP-210-202304-01,NIG-210,Computer hardware and software programme,IT,FC,202304,3194.98,2754.75,CAD,COMPLETE
CP-210-202304-01,NIG-210,Leasehold improvements programme,LEASEHOLD,FC,202304,2594.31,2448.67,CAD,IN_PROGRESS
CP-210-202305-01,NIG-210,Buildings and improvements programme,BUILDING,FC,202305,8120.68,7346.0,CAD,COMPLETE
CP-210-202305-01,NIG-210,Machinery and equipment programme,PLANT,FC,202305,16179.9,14079.83,CAD,COMPLETE
CP-210-202305-01,NIG-210,Vehicles programme,VEHICLE,FC,202305,4237.62,3979.08,CAD,COMPLETE
CP-210-202305-01,NIG-210,Computer hardware and software programme,IT,FC,202305,3152.73,2754.75,CAD,IN_PROGRESS
CP-210-202305-01,NIG-210,Leasehold improvements programme,LEASEHOLD,FC,202305,2678.03,2448.67,CAD,COMPLETE
CP-210-202306-01,NIG-210,Buildings and improvements programme,BUILDING,FC,202306,8401.22,7346.0,CAD,COMPLETE
CP-210-202306-01,NIG-210,Machinery and equipment programme,PLANT,FC,202306,16257.82,14079.83,CAD,IN_PROGRESS
CP-210-202306-01,NIG-210,Vehicles programme,VEHICLE,FC,202306,4229.75,3979.08,CAD,IN_PROGRESS
CP-210-202306-01,NIG-210,Computer hardware and software programme,IT,FC,202306,3248.51,2754.75,CAD,COMPLETE
CP-210-202306-01,NIG-210,Leasehold improvements programme,LEASEHOLD,FC,202306,2859.53,2448.67,CAD,COMPLETE
CP-210-202307-01,NIG-210,Buildings and improvements programme,BUILDING,FC,202307,7858.97,7346.0,CAD,COMPLETE
CP-210-202307-01,NIG-210,Machinery and equipment programme,PLANT,FC,202307,15993.55,14079.83,CAD,IN_PROGRESS
CP-210-202307-01,NIG-210,Vehicles programme,VEHICLE,FC,202307,4291.05,3979.08,CAD,COMPLETE
CP-210-202307-01,NIG-210,Computer hardware and software programme,IT,FC,202307,2950.07,2754.75,CAD,COMPLETE
CP-210-202307-01,NIG-210,Leasehold improvements programme,LEASEHOLD,FC,202307,2457.01,2448.67,CAD,COMPLETE
CP-210-202308-01,NIG-210,Buildings and improvements programme,BUILDING,FC,202308,7741.89,7346.0,CAD,COMPLETE
CP-210-202308-01,NIG-210,Machinery and equipment programme,PLANT,FC,202308,15873.52,14079.83,CAD,COMPLETE
CP-210-202308-01,NIG-210,Vehicles programme,VEHICLE,FC,202308,4281.83,3979.08,CAD,COMPLETE
CP-210-202308-01,NIG-210,Computer hardware and software programme,IT,FC,202308,2922.45,2754.75,CAD,IN_PROGRESS
CP-210-202308-01,NIG-210,Leasehold improvements programme,LEASEHOLD,FC,202308,2850.89,2448.67,CAD,COMPLETE
CP-210-202309-01,NIG-210,Buildings and improvements programme,BUILDING,FC,202309,7942.44,7346.0,CAD,COMPLETE
CP-210-202309-01,NIG-210,Machinery and equipment programme,PLANT,FC,202309,14709.38,14079.83,CAD,COMPLETE
CP-210-202309-01,NIG-210,Vehicles programme,VEHICLE,FC,202309,4591.64,3979.08,CAD,COMPLETE
CP-210-202309-01,NIG-210,Computer hardware and software programme,IT,FC,202309,3021.97,2754.75,CAD,COMPLETE
CP-210-202309-01,NIG-210,Leasehold improvements programme,LEASEHOLD,FC,202309,2760.11,2448.67,CAD,IN_PROGRESS
CP-210-202310-01,NIG-210,Buildings and improvements programme,BUILDING,FC,202310,8634.74,7346.0,CAD,COMPLETE
CP-210-202310-01,NIG-210,Machinery and equipment programme,PLANT,FC,202310,15647.0,14079.83,CAD,COMPLETE
CP-210-202310-01,NIG-210,Vehicles programme,VEHICLE,FC,202310,4679.8,3979.08,CAD,IN_PROGRESS
CP-210-202310-01,NIG-210,Computer hardware and software programme,IT,FC,202310,2810.71,2754.75,CAD,COMPLETE
CP-210-202310-01,NIG-210,Leasehold improvements programme,LEASEHOLD,FC,202310,2700.07,2448.67,CAD,COMPLETE
CP-210-202311-01,NIG-210,Buildings and improvements programme,BUILDING,FC,202311,8234.03,7346.0,CAD,COMPLETE
CP-210-202311-01,NIG-210,Machinery and equipment programme,PLANT,FC,202311,14779.46,14079.83,CAD,IN_PROGRESS
CP-210-202311-01,NIG-210,Vehicles programme,VEHICLE,FC,202311,4359.32,3979.08,CAD,COMPLETE
CP-210-202311-01,NIG-210,Computer hardware and software programme,IT,FC,202311,2932.07,2754.75,CAD,COMPLETE
CP-210-202311-01,NIG-210,Leasehold improvements programme,LEASEHOLD,FC,202311,2693.48,2448.67,CAD,COMPLETE
CP-210-202312-01,NIG-210,Buildings and improvements programme,BUILDING,FC,202312,7655.79,7346.0,CAD,COMPLETE
CP-210-202312-01,NIG-210,Machinery and equipment programme,PLANT,FC,202312,16159.73,14079.83,CAD,COMPLETE
CP-210-202312-01,NIG-210,Vehicles programme,VEHICLE,FC,202312,4668.64,3979.08,CAD,COMPLETE
CP-210-202312-01,NIG-210,Computer hardware and software programme,IT,FC,202312,3202.77,2754.75,CAD,COMPLETE
CP-210-202312-01,NIG-210,Leasehold improvements programme,LEASEHOLD,FC,202312,2697.09,2448.67,CAD,COMPLETE
CP-210-202401-01,NIG-210,Buildings and improvements programme,BUILDING,FC,202401,38132.57,35153.91,CAD,COMPLETE
CP-210-202401-01,NIG-210,Machinery and equipment programme,PLANT,FC,202401,70909.96,67378.33,CAD,COMPLETE
CP-210-202401-01,NIG-210,Vehicles programme,VEHICLE,FC,202401,20604.76,19041.7,CAD,COMPLETE
CP-210-202401-01,NIG-210,Computer hardware and software programme,IT,FC,202401,15103.08,13182.72,CAD,COMPLETE
CP-210-202401-01,NIG-210,Leasehold improvements programme,LEASEHOLD,FC,202401,13024.25,11717.97,CAD,COMPLETE
CP-210-202402-01,NIG-210,Buildings and improvements programme,BUILDING,FC,202402,35504.29,35153.91,CAD,IN_PROGRESS
CP-210-202402-01,NIG-210,Machinery and equipment programme,PLANT,FC,202402,71700.95,67378.33,CAD,COMPLETE
CP-210-202402-01,NIG-210,Vehicles programme,VEHICLE,FC,202402,21910.26,19041.7,CAD,COMPLETE
CP-210-202402-01,NIG-210,Computer hardware and software programme,IT,FC,202402,15335.77,13182.72,CAD,COMPLETE
CP-210-202402-01,NIG-210,Leasehold improvements programme,LEASEHOLD,FC,202402,12323.9,11717.97,CAD,IN_PROGRESS
CP-210-202403-01,NIG-210,Buildings and improvements programme,BUILDING,FC,202403,39721.03,35153.91,CAD,COMPLETE
CP-210-202403-01,NIG-210,Machinery and equipment programme,PLANT,FC,202403,78675.25,67378.33,CAD,COMPLETE
CP-210-202403-01,NIG-210,Vehicles programme,VEHICLE,FC,202403,21391.55,19041.7,CAD,COMPLETE
CP-210-202403-01,NIG-210,Computer hardware and software programme,IT,FC,202403,15548.65,13182.72,CAD,IN_PROGRESS
CP-210-202403-01,NIG-210,Leasehold improvements programme,LEASEHOLD,FC,202403,13659.55,11717.97,CAD,IN_PROGRESS
CP-210-202404-01,NIG-210,Buildings and improvements programme,BUILDING,FC,202404,36581.23,35153.91,CAD,COMPLETE
CP-210-202404-01,NIG-210,Machinery and equipment programme,PLANT,FC,202404,75404.15,67378.33,CAD,COMPLETE
CP-210-202404-01,NIG-210,Vehicles programme,VEHICLE,FC,202404,19174.78,19041.7,CAD,IN_PROGRESS
CP-210-202404-01,NIG-210,Computer hardware and software programme,IT,FC,202404,13398.39,13182.72,CAD,COMPLETE
CP-210-202404-01,NIG-210,Leasehold improvements programme,LEASEHOLD,FC,202404,12349.41,11717.97,CAD,COMPLETE
CP-210-202405-01,NIG-210,Buildings and improvements programme,BUILDING,FC,202405,38280.52,35153.91,CAD,COMPLETE
CP-210-202405-01,NIG-210,Machinery and equipment programme,PLANT,FC,202405,78470.95,67378.33,CAD,COMPLETE
CP-210-202405-01,NIG-210,Vehicles programme,VEHICLE,FC,202405,19204.77,19041.7,CAD,COMPLETE
CP-210-202405-01,NIG-210,Computer hardware and software programme,IT,FC,202405,13614.85,13182.72,CAD,COMPLETE
CP-210-202405-01,NIG-210,Leasehold improvements programme,LEASEHOLD,FC,202405,12149.69,11717.97,CAD,COMPLETE
CP-210-202406-01,NIG-210,Buildings and improvements programme,BUILDING,FC,202406,40688.75,35153.91,CAD,COMPLETE
CP-210-202406-01,NIG-210,Machinery and equipment programme,PLANT,FC,202406,73671.38,67378.33,CAD,COMPLETE
CP-210-202406-01,NIG-210,Vehicles programme,VEHICLE,FC,202406,22114.53,19041.7,CAD,COMPLETE
CP-210-202406-01,NIG-210,Computer hardware and software programme,IT,FC,202406,14852.59,13182.72,CAD,IN_PROGRESS
CP-210-202406-01,NIG-210,Leasehold improvements programme,LEASEHOLD,FC,202406,12400.01,11717.97,CAD,COMPLETE
CP-210-202407-01,NIG-210,Buildings and improvements programme,BUILDING,FC,202407,39621.53,35153.91,CAD,IN_PROGRESS
CP-210-202407-01,NIG-210,Machinery and equipment programme,PLANT,FC,202407,69173.2,67378.33,CAD,COMPLETE
CP-210-202407-01,NIG-210,Vehicles programme,VEHICLE,FC,202407,21444.6,19041.7,CAD,COMPLETE
CP-210-202407-01,NIG-210,Computer hardware and software programme,IT,FC,202407,13870.62,13182.72,CAD,COMPLETE
CP-210-202407-01,NIG-210,Leasehold improvements programme,LEASEHOLD,FC,202407,12140.79,11717.97,CAD,COMPLETE
CP-210-202408-01,NIG-210,Buildings and improvements programme,BUILDING,FC,202408,38849.66,35153.91,CAD,COMPLETE
CP-210-202408-01,NIG-210,Machinery and equipment programme,PLANT,FC,202408,73004.42,67378.33,CAD,COMPLETE
CP-210-202408-01,NIG-210,Vehicles programme,VEHICLE,FC,202408,21355.63,19041.7,CAD,COMPLETE
CP-210-202408-01,NIG-210,Computer hardware and software programme,IT,FC,202408,13454.03,13182.72,CAD,COMPLETE
CP-210-202408-01,NIG-210,Leasehold improvements programme,LEASEHOLD,FC,202408,12438.58,11717.97,CAD,IN_PROGRESS
CP-210-202409-01,NIG-210,Buildings and improvements programme,BUILDING,FC,202409,36005.76,35153.91,CAD,COMPLETE
CP-210-202409-01,NIG-210,Machinery and equipment programme,PLANT,FC,202409,70075.7,67378.33,CAD,COMPLETE
CP-210-202409-01,NIG-210,Vehicles programme,VEHICLE,FC,202409,21373.29,19041.7,CAD,IN_PROGRESS
CP-210-202409-01,NIG-210,Computer hardware and software programme,IT,FC,202409,13875.45,13182.72,CAD,COMPLETE
CP-210-202409-01,NIG-210,Leasehold improvements programme,LEASEHOLD,FC,202409,13213.1,11717.97,CAD,COMPLETE
CP-210-202410-01,NIG-210,Buildings and improvements programme,BUILDING,FC,202410,37120.04,35153.91,CAD,COMPLETE
CP-210-202410-01,NIG-210,Machinery and equipment programme,PLANT,FC,202410,78707.43,67378.33,CAD,COMPLETE
CP-210-202410-01,NIG-210,Vehicles programme,VEHICLE,FC,202410,21912.81,19041.7,CAD,COMPLETE
CP-210-202410-01,NIG-210,Computer hardware and software programme,IT,FC,202410,15261.76,13182.72,CAD,COMPLETE
CP-210-202410-01,NIG-210,Leasehold improvements programme,LEASEHOLD,FC,202410,11772.82,11717.97,CAD,COMPLETE
CP-210-202411-01,NIG-210,Buildings and improvements programme,BUILDING,FC,202411,35468.76,35153.91,CAD,COMPLETE
CP-210-202411-01,NIG-210,Machinery and equipment programme,PLANT,FC,202411,79211.58,67378.33,CAD,COMPLETE
CP-210-202411-01,NIG-210,Vehicles programme,VEHICLE,FC,202411,21575.72,19041.7,CAD,COMPLETE
CP-210-202411-01,NIG-210,Computer hardware and software programme,IT,FC,202411,13190.06,13182.72,CAD,COMPLETE
CP-210-202411-01,NIG-210,Leasehold improvements programme,LEASEHOLD,FC,202411,13639.74,11717.97,CAD,COMPLETE
CP-210-202412-01,NIG-210,Buildings and improvements programme,BUILDING,FC,202412,39218.4,35153.91,CAD,COMPLETE
CP-210-202412-01,NIG-210,Machinery and equipment programme,PLANT,FC,202412,77212.31,67378.33,CAD,COMPLETE
CP-210-202412-01,NIG-210,Vehicles programme,VEHICLE,FC,202412,20699.76,19041.7,CAD,COMPLETE
CP-210-202412-01,NIG-210,Computer hardware and software programme,IT,FC,202412,15237.75,13182.72,CAD,COMPLETE
CP-210-202412-01,NIG-210,Leasehold improvements programme,LEASEHOLD,FC,202412,13470.9,11717.97,CAD,COMPLETE
CP-210-202501-01,NIG-210,Buildings and improvements programme,BUILDING,FC,202501,2670.87,2567.15,CAD,IN_PROGRESS
CP-210-202501-01,NIG-210,Machinery and equipment programme,PLANT,FC,202501,5533.46,4920.37,CAD,IN_PROGRESS
CP-210-202501-01,NIG-210,Vehicles programme,VEHICLE,FC,202501,1592.73,1390.54,CAD,COMPLETE
CP-210-202502-01,NIG-210,Buildings and improvements programme,BUILDING,FC,202502,2594.68,2567.15,CAD,COMPLETE
CP-210-202502-01,NIG-210,Machinery and equipment programme,PLANT,FC,202502,5566.67,4920.37,CAD,COMPLETE
CP-210-202502-01,NIG-210,Vehicles programme,VEHICLE,FC,202502,1613.3,1390.54,CAD,IN_PROGRESS
CP-210-202503-01,NIG-210,Buildings and improvements programme,BUILDING,FC,202503,2967.22,2567.15,CAD,COMPLETE
CP-210-202503-01,NIG-210,Machinery and equipment programme,PLANT,FC,202503,5416.22,4920.37,CAD,COMPLETE
CP-210-202503-01,NIG-210,Vehicles programme,VEHICLE,FC,202503,1529.66,1390.54,CAD,COMPLETE
CP-210-202504-01,NIG-210,Buildings and improvements programme,BUILDING,FC,202504,2880.44,2567.15,CAD,COMPLETE
CP-210-202504-01,NIG-210,Machinery and equipment programme,PLANT,FC,202504,4967.74,4920.37,CAD,COMPLETE
CP-210-202504-01,NIG-210,Vehicles programme,VEHICLE,FC,202504,1551.75,1390.54,CAD,COMPLETE
CP-210-202505-01,NIG-210,Buildings and improvements programme,BUILDING,FC,202505,2757.7,2567.15,CAD,COMPLETE
CP-210-202505-01,NIG-210,Machinery and equipment programme,PLANT,FC,202505,5740.79,4920.37,CAD,COMPLETE
CP-210-202505-01,NIG-210,Vehicles programme,VEHICLE,FC,202505,1527.21,1390.54,CAD,COMPLETE
CP-210-202506-01,NIG-210,Buildings and improvements programme,BUILDING,FC,202506,2638.14,2567.15,CAD,COMPLETE
CP-210-202506-01,NIG-210,Machinery and equipment programme,PLANT,FC,202506,5188.63,4920.37,CAD,COMPLETE
CP-210-202506-01,NIG-210,Vehicles programme,VEHICLE,FC,202506,1454.25,1390.54,CAD,COMPLETE
CP-210-202507-01,NIG-210,Buildings and improvements programme,BUILDING,FC,202507,2640.18,2567.15,CAD,COMPLETE
CP-210-202507-01,NIG-210,Machinery and equipment programme,PLANT,FC,202507,5183.85,4920.37,CAD,COMPLETE
CP-210-202507-01,NIG-210,Vehicles programme,VEHICLE,FC,202507,1544.59,1390.54,CAD,IN_PROGRESS
CP-210-202508-01,NIG-210,Buildings and improvements programme,BUILDING,FC,202508,2883.86,2567.15,CAD,COMPLETE
CP-210-202508-01,NIG-210,Machinery and equipment programme,PLANT,FC,202508,5472.16,4920.37,CAD,COMPLETE
CP-210-202508-01,NIG-210,Vehicles programme,VEHICLE,FC,202508,1461.02,1390.54,CAD,COMPLETE
CP-210-202509-01,NIG-210,Buildings and improvements programme,BUILDING,FC,202509,2902.48,2567.15,CAD,COMPLETE
CP-210-202509-01,NIG-210,Machinery and equipment programme,PLANT,FC,202509,5229.45,4920.37,CAD,IN_PROGRESS
CP-210-202509-01,NIG-210,Vehicles programme,VEHICLE,FC,202509,1515.54,1390.54,CAD,COMPLETE
CP-210-202510-01,NIG-210,Buildings and improvements programme,BUILDING,FC,202510,2853.49,2567.15,CAD,COMPLETE
CP-210-202510-01,NIG-210,Machinery and equipment programme,PLANT,FC,202510,5361.07,4920.37,CAD,COMPLETE
CP-210-202510-01,NIG-210,Vehicles programme,VEHICLE,FC,202510,1515.45,1390.54,CAD,COMPLETE
CP-210-202511-01,NIG-210,Buildings and improvements programme,BUILDING,FC,202511,3012.5,2567.15,CAD,IN_PROGRESS
CP-210-202511-01,NIG-210,Machinery and equipment programme,PLANT,FC,202511,5105.97,4920.37,CAD,COMPLETE
CP-210-202511-01,NIG-210,Vehicles programme,VEHICLE,FC,202511,1406.38,1390.54,CAD,IN_PROGRESS
CP-210-202512-01,NIG-210,Buildings and improvements programme,BUILDING,FC,202512,3019.44,2567.15,CAD,COMPLETE
CP-210-202512-01,NIG-210,Machinery and equipment programme,PLANT,FC,202512,5581.39,4920.37,CAD,IN_PROGRESS
CP-210-202512-01,NIG-210,Vehicles programme,VEHICLE,FC,202512,1577.72,1390.54,CAD,COMPLETE
CP-210-202601-01,NIG-210,Buildings and improvements programme,BUILDING,FC,202601,8163.92,7696.07,CAD,COMPLETE
CP-210-202601-01,NIG-210,Machinery and equipment programme,PLANT,FC,202601,16471.88,14750.81,CAD,COMPLETE
CP-210-202601-01,NIG-210,Vehicles programme,VEHICLE,FC,202601,4853.24,4168.71,CAD,COMPLETE
CP-210-202601-01,NIG-210,Computer hardware and software programme,IT,FC,202601,3045.16,2886.03,CAD,IN_PROGRESS
CP-210-202601-01,NIG-210,Leasehold improvements programme,LEASEHOLD,FC,202601,3025.82,2565.36,CAD,COMPLETE
CP-210-202602-01,NIG-210,Buildings and improvements programme,BUILDING,FC,202602,8830.44,7696.07,CAD,COMPLETE
CP-210-202602-01,NIG-210,Machinery and equipment programme,PLANT,FC,202602,15930.41,14750.81,CAD,COMPLETE
CP-210-202602-01,NIG-210,Vehicles programme,VEHICLE,FC,202602,4213.97,4168.71,CAD,COMPLETE
CP-210-202602-01,NIG-210,Computer hardware and software programme,IT,FC,202602,3358.57,2886.03,CAD,IN_PROGRESS
CP-210-202602-01,NIG-210,Leasehold improvements programme,LEASEHOLD,FC,202602,2609.96,2565.36,CAD,IN_PROGRESS
CP-210-202603-01,NIG-210,Buildings and improvements programme,BUILDING,FC,202603,8289.45,7696.07,CAD,COMPLETE
CP-210-202603-01,NIG-210,Machinery and equipment programme,PLANT,FC,202603,14790.75,14750.81,CAD,COMPLETE
CP-210-202603-01,NIG-210,Vehicles programme,VEHICLE,FC,202603,4878.73,4168.71,CAD,IN_PROGRESS
CP-210-202603-01,NIG-210,Computer hardware and software programme,IT,FC,202603,2941.64,2886.03,CAD,COMPLETE
CP-210-202603-01,NIG-210,Leasehold improvements programme,LEASEHOLD,FC,202603,2621.92,2565.36,CAD,COMPLETE
CP-210-202604-01,NIG-210,Buildings and improvements programme,BUILDING,FC,202604,8849.98,7696.07,CAD,COMPLETE
CP-210-202604-01,NIG-210,Machinery and equipment programme,PLANT,FC,202604,17241.58,14750.81,CAD,IN_PROGRESS
CP-210-202604-01,NIG-210,Vehicles programme,VEHICLE,FC,202604,4678.37,4168.71,CAD,COMPLETE
CP-210-202604-01,NIG-210,Computer hardware and software programme,IT,FC,202604,3085.83,2886.03,CAD,COMPLETE
CP-210-202604-01,NIG-210,Leasehold improvements programme,LEASEHOLD,FC,202604,2889.68,2565.36,CAD,COMPLETE
CP-210-202605-01,NIG-210,Buildings and improvements programme,BUILDING,FC,202605,7789.26,7696.07,CAD,COMPLETE
CP-210-202605-01,NIG-210,Machinery and equipment programme,PLANT,FC,202605,16466.46,14750.81,CAD,COMPLETE
CP-210-202605-01,NIG-210,Vehicles programme,VEHICLE,FC,202605,4650.73,4168.71,CAD,IN_PROGRESS
CP-210-202605-01,NIG-210,Computer hardware and software programme,IT,FC,202605,3084.64,2886.03,CAD,COMPLETE
CP-210-202605-01,NIG-210,Leasehold improvements programme,LEASEHOLD,FC,202605,2725.48,2565.36,CAD,COMPLETE
CP-210-202606-01,NIG-210,Buildings and improvements programme,BUILDING,FC,202606,8564.49,7696.07,CAD,COMPLETE
CP-210-202606-01,NIG-210,Machinery and equipment programme,PLANT,FC,202606,16169.18,14750.81,CAD,IN_PROGRESS
CP-210-202606-01,NIG-210,Vehicles programme,VEHICLE,FC,202606,4306.74,4168.71,CAD,COMPLETE
CP-210-202606-01,NIG-210,Computer hardware and software programme,IT,FC,202606,3272.26,2886.03,CAD,COMPLETE
CP-210-202606-01,NIG-210,Leasehold improvements programme,LEASEHOLD,FC,202606,2620.95,2565.36,CAD,COMPLETE
CP-210-202607-01,NIG-210,Buildings and improvements programme,BUILDING,FC,202607,8453.44,7696.07,CAD,COMPLETE
CP-210-202607-01,NIG-210,Machinery and equipment programme,PLANT,FC,202607,15527.67,14750.81,CAD,COMPLETE
CP-210-202607-01,NIG-210,Vehicles programme,VEHICLE,FC,202607,4432.68,4168.71,CAD,COMPLETE
CP-210-202607-01,NIG-210,Computer hardware and software programme,IT,FC,202607,3082.28,2886.03,CAD,COMPLETE
CP-210-202607-01,NIG-210,Leasehold improvements programme,LEASEHOLD,FC,202607,2874.28,2565.36,CAD,IN_PROGRESS
CP-210-202608-01,NIG-210,Buildings and improvements programme,BUILDING,FC,202608,8666.65,7696.07,CAD,COMPLETE
CP-210-202608-01,NIG-210,Machinery and equipment programme,PLANT,FC,202608,14841.87,14750.81,CAD,COMPLETE
CP-210-202608-01,NIG-210,Vehicles programme,VEHICLE,FC,202608,4476.62,4168.71,CAD,COMPLETE
CP-210-202608-01,NIG-210,Computer hardware and software programme,IT,FC,202608,2983.59,2886.03,CAD,COMPLETE
CP-210-202608-01,NIG-210,Leasehold improvements programme,LEASEHOLD,FC,202608,2726.59,2565.36,CAD,COMPLETE
CP-220-202304-01,NIG-220,Buildings and improvements programme,BUILDING,FC,202304,69994.07,66029.41,EUR,COMPLETE
CP-220-202304-01,NIG-220,Machinery and equipment programme,PLANT,FC,202304,59042.43,55684.81,EUR,COMPLETE
CP-220-202304-01,NIG-220,Vehicles programme,VEHICLE,FC,202304,144486.91,127898.95,EUR,COMPLETE
CP-220-202304-01,NIG-220,Computer hardware and software programme,IT,FC,202304,100351.84,88545.42,EUR,COMPLETE
CP-220-202304-01,NIG-220,Leasehold improvements programme,LEASEHOLD,FC,202304,89016.88,78707.04,EUR,COMPLETE
CP-220-202305-01,NIG-220,Buildings and improvements programme,BUILDING,FC,202305,74188.13,66029.41,EUR,COMPLETE
CP-220-202305-01,NIG-220,Machinery and equipment programme,PLANT,FC,202305,57038.9,55684.81,EUR,COMPLETE
CP-220-202305-01,NIG-220,Vehicles programme,VEHICLE,FC,202305,128693.6,127898.95,EUR,COMPLETE
CP-220-202305-01,NIG-220,Computer hardware and software programme,IT,FC,202305,96339.07,88545.42,EUR,IN_PROGRESS
CP-220-202305-01,NIG-220,Leasehold improvements programme,LEASEHOLD,FC,202305,89486.94,78707.04,EUR,COMPLETE
CP-220-202306-01,NIG-220,Buildings and improvements programme,BUILDING,FC,202306,71615.59,66029.41,EUR,COMPLETE
CP-220-202306-01,NIG-220,Machinery and equipment programme,PLANT,FC,202306,65550.4,55684.81,EUR,COMPLETE
CP-220-202306-01,NIG-220,Vehicles programme,VEHICLE,FC,202306,147608.75,127898.95,EUR,COMPLETE
CP-220-202306-01,NIG-220,Computer hardware and software programme,IT,FC,202306,95199.54,88545.42,EUR,IN_PROGRESS
CP-220-202306-01,NIG-220,Leasehold improvements programme,LEASEHOLD,FC,202306,86610.56,78707.04,EUR,COMPLETE
CP-220-202307-01,NIG-220,Buildings and improvements programme,BUILDING,FC,202307,73035.77,66029.41,EUR,COMPLETE
CP-220-202307-01,NIG-220,Machinery and equipment programme,PLANT,FC,202307,56331.1,55684.81,EUR,COMPLETE
CP-220-202307-01,NIG-220,Vehicles programme,VEHICLE,FC,202307,136916.9,127898.95,EUR,COMPLETE
CP-220-202307-01,NIG-220,Computer hardware and software programme,IT,FC,202307,98778.89,88545.42,EUR,IN_PROGRESS
CP-220-202307-01,NIG-220,Leasehold improvements programme,LEASEHOLD,FC,202307,91466.66,78707.04,EUR,COMPLETE
CP-220-202308-01,NIG-220,Buildings and improvements programme,BUILDING,FC,202308,73930.47,66029.41,EUR,COMPLETE
CP-220-202308-01,NIG-220,Machinery and equipment programme,PLANT,FC,202308,61408.68,55684.81,EUR,IN_PROGRESS
CP-220-202308-01,NIG-220,Vehicles programme,VEHICLE,FC,202308,130340.55,127898.95,EUR,IN_PROGRESS
CP-220-202308-01,NIG-220,Computer hardware and software programme,IT,FC,202308,90600.76,88545.42,EUR,COMPLETE
CP-220-202308-01,NIG-220,Leasehold improvements programme,LEASEHOLD,FC,202308,80301.45,78707.04,EUR,COMPLETE
CP-220-202309-01,NIG-220,Buildings and improvements programme,BUILDING,FC,202309,73068.46,66029.41,EUR,COMPLETE
CP-220-202309-01,NIG-220,Machinery and equipment programme,PLANT,FC,202309,61689.89,55684.81,EUR,COMPLETE
CP-220-202309-01,NIG-220,Vehicles programme,VEHICLE,FC,202309,133255.04,127898.95,EUR,IN_PROGRESS
CP-220-202309-01,NIG-220,Computer hardware and software programme,IT,FC,202309,104291.05,88545.42,EUR,COMPLETE
CP-220-202309-01,NIG-220,Leasehold improvements programme,LEASEHOLD,FC,202309,81088.95,78707.04,EUR,COMPLETE
CP-220-202310-01,NIG-220,Buildings and improvements programme,BUILDING,FC,202310,75757.26,66029.41,EUR,COMPLETE
CP-220-202310-01,NIG-220,Machinery and equipment programme,PLANT,FC,202310,57586.7,55684.81,EUR,COMPLETE
CP-220-202310-01,NIG-220,Vehicles programme,VEHICLE,FC,202310,147213.48,127898.95,EUR,COMPLETE
CP-220-202310-01,NIG-220,Computer hardware and software programme,IT,FC,202310,98591.02,88545.42,EUR,COMPLETE
CP-220-202310-01,NIG-220,Leasehold improvements programme,LEASEHOLD,FC,202310,86055.25,78707.04,EUR,COMPLETE
CP-220-202311-01,NIG-220,Buildings and improvements programme,BUILDING,FC,202311,66304.64,66029.41,EUR,COMPLETE
CP-220-202311-01,NIG-220,Machinery and equipment programme,PLANT,FC,202311,56685.49,55684.81,EUR,COMPLETE
CP-220-202311-01,NIG-220,Vehicles programme,VEHICLE,FC,202311,134693.81,127898.95,EUR,COMPLETE
CP-220-202311-01,NIG-220,Computer hardware and software programme,IT,FC,202311,97983.43,88545.42,EUR,COMPLETE
CP-220-202311-01,NIG-220,Leasehold improvements programme,LEASEHOLD,FC,202311,91760.7,78707.04,EUR,COMPLETE
CP-220-202312-01,NIG-220,Buildings and improvements programme,BUILDING,FC,202312,73223.41,66029.41,EUR,COMPLETE
CP-220-202312-01,NIG-220,Machinery and equipment programme,PLANT,FC,202312,64146.21,55684.81,EUR,COMPLETE
CP-220-202312-01,NIG-220,Vehicles programme,VEHICLE,FC,202312,145576.95,127898.95,EUR,COMPLETE
CP-220-202312-01,NIG-220,Computer hardware and software programme,IT,FC,202312,96135.05,88545.42,EUR,COMPLETE
CP-220-202312-01,NIG-220,Leasehold improvements programme,LEASEHOLD,FC,202312,88327.32,78707.04,EUR,COMPLETE
CP-220-202401-01,NIG-220,Buildings and improvements programme,BUILDING,FC,202401,86498.6,84407.82,EUR,COMPLETE
CP-220-202401-01,NIG-220,Machinery and equipment programme,PLANT,FC,202401,166044.51,161781.66,EUR,COMPLETE
CP-220-202401-01,NIG-220,Vehicles programme,VEHICLE,FC,202401,48633.44,45720.9,EUR,IN_PROGRESS
CP-220-202401-01,NIG-220,Computer hardware and software programme,IT,FC,202401,36486.19,31652.93,EUR,COMPLETE
CP-220-202401-01,NIG-220,Leasehold improvements programme,LEASEHOLD,FC,202401,28456.04,28135.94,EUR,COMPLETE
CP-220-202402-01,NIG-220,Buildings and improvements programme,BUILDING,FC,202402,86379.17,84407.82,EUR,IN_PROGRESS
CP-220-202402-01,NIG-220,Machinery and equipment programme,PLANT,FC,202402,165365.02,161781.66,EUR,COMPLETE
CP-220-202402-01,NIG-220,Vehicles programme,VEHICLE,FC,202402,53768.8,45720.9,EUR,COMPLETE
CP-220-202402-01,NIG-220,Computer hardware and software programme,IT,FC,202402,31958.26,31652.93,EUR,COMPLETE
CP-220-202402-01,NIG-220,Leasehold improvements programme,LEASEHOLD,FC,202402,29768.29,28135.94,EUR,IN_PROGRESS
CP-220-202403-01,NIG-220,Buildings and improvements programme,BUILDING,FC,202403,99350.85,84407.82,EUR,COMPLETE
CP-220-202403-01,NIG-220,Machinery and equipment programme,PLANT,FC,202403,180638.73,161781.66,EUR,COMPLETE
CP-220-202403-01,NIG-220,Vehicles programme,VEHICLE,FC,202403,47815.13,45720.9,EUR,COMPLETE
CP-220-202403-01,NIG-220,Computer hardware and software programme,IT,FC,202403,34840.93,31652.93,EUR,COMPLETE
CP-220-202403-01,NIG-220,Leasehold improvements programme,LEASEHOLD,FC,202403,30760.66,28135.94,EUR,COMPLETE
CP-220-202404-01,NIG-220,Buildings and improvements programme,BUILDING,FC,202404,86943.98,84407.82,EUR,COMPLETE
CP-220-202404-01,NIG-220,Machinery and equipment programme,PLANT,FC,202404,179874.04,161781.66,EUR,COMPLETE
CP-220-202404-01,NIG-220,Vehicles programme,VEHICLE,FC,202404,48303.55,45720.9,EUR,COMPLETE
CP-220-202404-01,NIG-220,Computer hardware and software programme,IT,FC,202404,35034.32,31652.93,EUR,COMPLETE
CP-220-202404-01,NIG-220,Leasehold improvements programme,LEASEHOLD,FC,202404,31809.05,28135.94,EUR,COMPLETE
CP-220-202405-01,NIG-220,Buildings and improvements programme,BUILDING,FC,202405,97891.68,84407.82,EUR,COMPLETE
CP-220-202405-01,NIG-220,Machinery and equipment programme,PLANT,FC,202405,162151.96,161781.66,EUR,COMPLETE
CP-220-202405-01,NIG-220,Vehicles programme,VEHICLE,FC,202405,46244.92,45720.9,EUR,COMPLETE
CP-220-202405-01,NIG-220,Computer hardware and software programme,IT,FC,202405,32746.53,31652.93,EUR,IN_PROGRESS
CP-220-202405-01,NIG-220,Leasehold improvements programme,LEASEHOLD,FC,202405,30221.84,28135.94,EUR,COMPLETE
CP-220-202406-01,NIG-220,Buildings and improvements programme,BUILDING,FC,202406,94404.44,84407.82,EUR,COMPLETE
CP-220-202406-01,NIG-220,Machinery and equipment programme,PLANT,FC,202406,182390.64,161781.66,EUR,COMPLETE
CP-220-202406-01,NIG-220,Vehicles programme,VEHICLE,FC,202406,53118.42,45720.9,EUR,COMPLETE
CP-220-202406-01,NIG-220,Computer hardware and software programme,IT,FC,202406,33517.56,31652.93,EUR,COMPLETE
CP-220-202406-01,NIG-220,Leasehold improvements programme,LEASEHOLD,FC,202406,30511.16,28135.94,EUR,COMPLETE
CP-220-202407-01,NIG-220,Buildings and improvements programme,BUILDING,FC,202407,97992.85,84407.82,EUR,COMPLETE
CP-220-202407-01,NIG-220,Machinery and equipment programme,PLANT,FC,202407,179517.23,161781.66,EUR,COMPLETE
CP-220-202407-01,NIG-220,Vehicles programme,VEHICLE,FC,202407,46305.55,45720.9,EUR,COMPLETE
CP-220-202407-01,NIG-220,Computer hardware and software programme,IT,FC,202407,33978.44,31652.93,EUR,COMPLETE
CP-220-202407-01,NIG-220,Leasehold improvements programme,LEASEHOLD,FC,202407,32416.67,28135.94,EUR,COMPLETE
CP-220-202408-01,NIG-220,Buildings and improvements programme,BUILDING,FC,202408,99201.87,84407.82,EUR,COMPLETE
CP-220-202408-01,NIG-220,Machinery and equipment programme,PLANT,FC,202408,185653.18,161781.66,EUR,COMPLETE
CP-220-202408-01,NIG-220,Vehicles programme,VEHICLE,FC,202408,48971.23,45720.9,EUR,IN_PROGRESS
CP-220-202408-01,NIG-220,Computer hardware and software programme,IT,FC,202408,34348.71,31652.93,EUR,COMPLETE
CP-220-202408-01,NIG-220,Leasehold improvements programme,LEASEHOLD,FC,202408,31580.75,28135.94,EUR,COMPLETE
CP-220-202409-01,NIG-220,Buildings and improvements programme,BUILDING,FC,202409,93385.87,84407.82,EUR,COMPLETE
CP-220-202409-01,NIG-220,Machinery and equipment programme,PLANT,FC,202409,176699.08,161781.66,EUR,COMPLETE
CP-220-202409-01,NIG-220,Vehicles programme,VEHICLE,FC,202409,52859.49,45720.9,EUR,COMPLETE
CP-220-202409-01,NIG-220,Computer hardware and software programme,IT,FC,202409,34008.67,31652.93,EUR,COMPLETE
CP-220-202409-01,NIG-220,Leasehold improvements programme,LEASEHOLD,FC,202409,29650.15,28135.94,EUR,COMPLETE
CP-220-202410-01,NIG-220,Buildings and improvements programme,BUILDING,FC,202410,95778.09,84407.82,EUR,IN_PROGRESS
CP-220-202410-01,NIG-220,Machinery and equipment programme,PLANT,FC,202410,183355.78,161781.66,EUR,COMPLETE
CP-220-202410-01,NIG-220,Vehicles programme,VEHICLE,FC,202410,49878.15,45720.9,EUR,COMPLETE
CP-220-202410-01,NIG-220,Computer hardware and software programme,IT,FC,202410,32768.57,31652.93,EUR,COMPLETE
CP-220-202410-01,NIG-220,Leasehold improvements programme,LEASEHOLD,FC,202410,28503.11,28135.94,EUR,COMPLETE
CP-220-202411-01,NIG-220,Buildings and improvements programme,BUILDING,FC,202411,91256.65,84407.82,EUR,COMPLETE
CP-220-202411-01,NIG-220,Machinery and equipment programme,PLANT,FC,202411,173477.15,161781.66,EUR,IN_PROGRESS
CP-220-202411-01,NIG-220,Vehicles programme,VEHICLE,FC,202411,47779.31,45720.9,EUR,COMPLETE
CP-220-202411-01,NIG-220,Computer hardware and software programme,IT,FC,202411,33054.43,31652.93,EUR,COMPLETE
CP-220-202411-01,NIG-220,Leasehold improvements programme,LEASEHOLD,FC,202411,32988.96,28135.94,EUR,COMPLETE
CP-220-202412-01,NIG-220,Buildings and improvements programme,BUILDING,FC,202412,91610.68,84407.82,EUR,COMPLETE
CP-220-202412-01,NIG-220,Machinery and equipment programme,PLANT,FC,202412,163623.64,161781.66,EUR,COMPLETE
CP-220-202412-01,NIG-220,Vehicles programme,VEHICLE,FC,202412,53213.99,45720.9,EUR,COMPLETE
CP-220-202412-01,NIG-220,Computer hardware and software programme,IT,FC,202412,31669.44,31652.93,EUR,COMPLETE
CP-220-202412-01,NIG-220,Leasehold improvements programme,LEASEHOLD,FC,202412,30631.72,28135.94,EUR,COMPLETE
CP-300-202301-01,NIG-300,Buildings and improvements programme,BUILDING,IS,202301,25065.87,23479.61,USD,COMPLETE
CP-300-202301-01,NIG-300,Machinery and equipment programme,PLANT,IS,202301,49141.42,45002.59,USD,COMPLETE
CP-300-202301-01,NIG-300,Vehicles programme,VEHICLE,IS,202301,14138.84,12718.12,USD,COMPLETE
CP-300-202301-01,NIG-300,Computer hardware and software programme,IT,IS,202301,10351.86,8804.85,USD,COMPLETE
CP-300-202301-01,NIG-300,Leasehold improvements programme,LEASEHOLD,IS,202301,8576.5,7826.54,USD,COMPLETE
CP-300-202302-01,NIG-300,Buildings and improvements programme,BUILDING,IS,202302,27109.38,23479.61,USD,COMPLETE
CP-300-202302-01,NIG-300,Machinery and equipment programme,PLANT,IS,202302,48968.1,45002.59,USD,COMPLETE
CP-300-202302-01,NIG-300,Vehicles programme,VEHICLE,IS,202302,13912.16,12718.12,USD,COMPLETE
CP-300-202302-01,NIG-300,Computer hardware and software programme,IT,IS,202302,9811.47,8804.85,USD,COMPLETE
CP-300-202302-01,NIG-300,Leasehold improvements programme,LEASEHOLD,IS,202302,8970.81,7826.54,USD,COMPLETE
CP-300-202303-01,NIG-300,Buildings and improvements programme,BUILDING,IS,202303,23787.91,23479.61,USD,COMPLETE
CP-300-202303-01,NIG-300,Machinery and equipment programme,PLANT,IS,202303,51154.94,45002.59,USD,COMPLETE
CP-300-202303-01,NIG-300,Vehicles programme,VEHICLE,IS,202303,14557.91,12718.12,USD,COMPLETE
CP-300-202303-01,NIG-300,Computer hardware and software programme,IT,IS,202303,10297.34,8804.85,USD,COMPLETE
CP-300-202303-01,NIG-300,Leasehold improvements programme,LEASEHOLD,IS,202303,8086.17,7826.54,USD,COMPLETE
CP-300-202304-01,NIG-300,Buildings and improvements programme,BUILDING,IS,202304,24541.96,23479.61,USD,COMPLETE
CP-300-202304-01,NIG-300,Machinery and equipment programme,PLANT,IS,202304,47166.16,45002.59,USD,COMPLETE
CP-300-202304-01,NIG-300,Vehicles programme,VEHICLE,IS,202304,14013.24,12718.12,USD,IN_PROGRESS
CP-300-202304-01,NIG-300,Computer hardware and software programme,IT,IS,202304,9854.31,8804.85,USD,COMPLETE
CP-300-202304-01,NIG-300,Leasehold improvements programme,LEASEHOLD,IS,202304,8150.64,7826.54,USD,COMPLETE
CP-300-202305-01,NIG-300,Buildings and improvements programme,BUILDING,IS,202305,24313.04,23479.61,USD,COMPLETE
CP-300-202305-01,NIG-300,Machinery and equipment programme,PLANT,IS,202305,47445.06,45002.59,USD,COMPLETE
CP-300-202305-01,NIG-300,Vehicles programme,VEHICLE,IS,202305,13429.13,12718.12,USD,IN_PROGRESS
CP-300-202305-01,NIG-300,Computer hardware and software programme,IT,IS,202305,9522.28,8804.85,USD,COMPLETE
CP-300-202305-01,NIG-300,Leasehold improvements programme,LEASEHOLD,IS,202305,9186.5,7826.54,USD,COMPLETE
CP-300-202306-01,NIG-300,Buildings and improvements programme,BUILDING,IS,202306,25947.28,23479.61,USD,COMPLETE
CP-300-202306-01,NIG-300,Machinery and equipment programme,PLANT,IS,202306,47880.79,45002.59,USD,COMPLETE
CP-300-202306-01,NIG-300,Vehicles programme,VEHICLE,IS,202306,12720.09,12718.12,USD,COMPLETE
CP-300-202306-01,NIG-300,Computer hardware and software programme,IT,IS,202306,10388.48,8804.85,USD,COMPLETE
CP-300-202306-01,NIG-300,Leasehold improvements programme,LEASEHOLD,IS,202306,8460.72,7826.54,USD,IN_PROGRESS
CP-300-202307-01,NIG-300,Buildings and improvements programme,BUILDING,IS,202307,26022.21,23479.61,USD,COMPLETE
CP-300-202307-01,NIG-300,Machinery and equipment programme,PLANT,IS,202307,46812.77,45002.59,USD,COMPLETE
CP-300-202307-01,NIG-300,Vehicles programme,VEHICLE,IS,202307,13787.9,12718.12,USD,COMPLETE
CP-300-202307-01,NIG-300,Computer hardware and software programme,IT,IS,202307,9087.78,8804.85,USD,COMPLETE
CP-300-202307-01,NIG-300,Leasehold improvements programme,LEASEHOLD,IS,202307,7881.65,7826.54,USD,IN_PROGRESS
CP-300-202308-01,NIG-300,Buildings and improvements programme,BUILDING,IS,202308,25634.02,23479.61,USD,IN_PROGRESS
CP-300-202308-01,NIG-300,Machinery and equipment programme,PLANT,IS,202308,45965.98,45002.59,USD,COMPLETE
CP-300-202308-01,NIG-300,Vehicles programme,VEHICLE,IS,202308,12782.67,12718.12,USD,COMPLETE
CP-300-202308-01,NIG-300,Computer hardware and software programme,IT,IS,202308,10339.07,8804.85,USD,IN_PROGRESS
CP-300-202308-01,NIG-300,Leasehold improvements programme,LEASEHOLD,IS,202308,8964.93,7826.54,USD,COMPLETE
CP-300-202309-01,NIG-300,Buildings and improvements programme,BUILDING,IS,202309,26386.83,23479.61,USD,COMPLETE
CP-300-202309-01,NIG-300,Machinery and equipment programme,PLANT,IS,202309,47781.31,45002.59,USD,COMPLETE
CP-300-202309-01,NIG-300,Vehicles programme,VEHICLE,IS,202309,13461.93,12718.12,USD,COMPLETE
CP-300-202309-01,NIG-300,Computer hardware and software programme,IT,IS,202309,9787.66,8804.85,USD,COMPLETE
CP-300-202309-01,NIG-300,Leasehold improvements programme,LEASEHOLD,IS,202309,8549.99,7826.54,USD,COMPLETE
CP-300-202310-01,NIG-300,Buildings and improvements programme,BUILDING,IS,202310,24489.72,23479.61,USD,COMPLETE
CP-300-202310-01,NIG-300,Machinery and equipment programme,PLANT,IS,202310,52705.0,45002.59,USD,COMPLETE
CP-300-202310-01,NIG-300,Vehicles programme,VEHICLE,IS,202310,14555.01,12718.12,USD,COMPLETE
CP-300-202310-01,NIG-300,Computer hardware and software programme,IT,IS,202310,9898.96,8804.85,USD,COMPLETE
CP-300-202310-01,NIG-300,Leasehold improvements programme,LEASEHOLD,IS,202310,7872.65,7826.54,USD,COMPLETE
CP-300-202311-01,NIG-300,Buildings and improvements programme,BUILDING,IS,202311,26201.59,23479.61,USD,COMPLETE
CP-300-202311-01,NIG-300,Machinery and equipment programme,PLANT,IS,202311,52080.23,45002.59,USD,COMPLETE
CP-300-202311-01,NIG-300,Vehicles programme,VEHICLE,IS,202311,14455.42,12718.12,USD,COMPLETE
CP-300-202311-01,NIG-300,Computer hardware and software programme,IT,IS,202311,8923.66,8804.85,USD,COMPLETE
CP-300-202311-01,NIG-300,Leasehold improvements programme,LEASEHOLD,IS,202311,9096.98,7826.54,USD,COMPLETE
CP-300-202312-01,NIG-300,Buildings and improvements programme,BUILDING,IS,202312,26223.28,23479.61,USD,COMPLETE
CP-300-202312-01,NIG-300,Machinery and equipment programme,PLANT,IS,202312,50976.29,45002.59,USD,COMPLETE
CP-300-202312-01,NIG-300,Vehicles programme,VEHICLE,IS,202312,13970.75,12718.12,USD,COMPLETE
CP-300-202312-01,NIG-300,Computer hardware and software programme,IT,IS,202312,8887.42,8804.85,USD,COMPLETE
CP-300-202312-01,NIG-300,Leasehold improvements programme,LEASEHOLD,IS,202312,8970.66,7826.54,USD,IN_PROGRESS
CP-300-202401-01,NIG-300,Buildings and improvements programme,BUILDING,IS,202401,67533.23,59676.45,USD,COMPLETE
CP-300-202401-01,NIG-300,Machinery and equipment programme,PLANT,IS,202401,115883.0,114379.87,USD,COMPLETE
CP-300-202401-01,NIG-300,Vehicles programme,VEHICLE,IS,202401,33698.37,32324.74,USD,COMPLETE
CP-300-202401-01,NIG-300,Computer hardware and software programme,IT,IS,202401,25866.85,22378.67,USD,COMPLETE
CP-300-202401-01,NIG-300,Leasehold improvements programme,LEASEHOLD,IS,202401,21410.76,19892.15,USD,COMPLETE
CP-300-202402-01,NIG-300,Buildings and improvements programme,BUILDING,IS,202402,68094.31,59676.45,USD,COMPLETE
CP-300-202402-01,NIG-300,Machinery and equipment programme,PLANT,IS,202402,115039.61,114379.87,USD,COMPLETE
CP-300-202402-01,NIG-300,Vehicles programme,VEHICLE,IS,202402,38130.34,32324.74,USD,COMPLETE
CP-300-202402-01,NIG-300,Computer hardware and software programme,IT,IS,202402,25421.36,22378.67,USD,COMPLETE
CP-300-202402-01,NIG-300,Leasehold improvements programme,LEASEHOLD,IS,202402,20386.05,19892.15,USD,COMPLETE
CP-300-202403-01,NIG-300,Buildings and improvements programme,BUILDING,IS,202403,67094.09,59676.45,USD,COMPLETE
CP-300-202403-01,NIG-300,Machinery and equipment programme,PLANT,IS,202403,122703.52,114379.87,USD,COMPLETE
CP-300-202403-01,NIG-300,Vehicles programme,VEHICLE,IS,202403,34577.62,32324.74,USD,IN_PROGRESS
CP-300-202403-01,NIG-300,Computer hardware and software programme,IT,IS,202403,22507.29,22378.67,USD,COMPLETE
CP-300-202403-01,NIG-300,Leasehold improvements programme,LEASEHOLD,IS,202403,22953.86,19892.15,USD,COMPLETE
CP-300-202404-01,NIG-300,Buildings and improvements programme,BUILDING,IS,202404,70377.4,59676.45,USD,COMPLETE
CP-300-202404-01,NIG-300,Machinery and equipment programme,PLANT,IS,202404,132189.16,114379.87,USD,COMPLETE
CP-300-202404-01,NIG-300,Vehicles programme,VEHICLE,IS,202404,36427.03,32324.74,USD,COMPLETE
CP-300-202404-01,NIG-300,Computer hardware and software programme,IT,IS,202404,22450.84,22378.67,USD,COMPLETE
CP-300-202404-01,NIG-300,Leasehold improvements programme,LEASEHOLD,IS,202404,21283.02,19892.15,USD,COMPLETE
CP-300-202405-01,NIG-300,Buildings and improvements programme,BUILDING,IS,202405,64003.47,59676.45,USD,COMPLETE
CP-300-202405-01,NIG-300,Machinery and equipment programme,PLANT,IS,202405,115787.64,114379.87,USD,COMPLETE
CP-300-202405-01,NIG-300,Vehicles programme,VEHICLE,IS,202405,32350.79,32324.74,USD,COMPLETE
CP-300-202405-01,NIG-300,Computer hardware and software programme,IT,IS,202405,23302.81,22378.67,USD,COMPLETE
CP-300-202405-01,NIG-300,Leasehold improvements programme,LEASEHOLD,IS,202405,20380.17,19892.15,USD,COMPLETE
CP-300-202406-01,NIG-300,Buildings and improvements programme,BUILDING,IS,202406,63238.11,59676.45,USD,COMPLETE
CP-300-202406-01,NIG-300,Machinery and equipment programme,PLANT,IS,202406,123111.74,114379.87,USD,COMPLETE
CP-300-202406-01,NIG-300,Vehicles programme,VEHICLE,IS,202406,35578.4,32324.74,USD,COMPLETE
CP-300-202406-01,NIG-300,Computer hardware and software programme,IT,IS,202406,23411.53,22378.67,USD,IN_PROGRESS
CP-300-202406-01,NIG-300,Leasehold improvements programme,LEASEHOLD,IS,202406,23386.64,19892.15,USD,IN_PROGRESS
CP-300-202407-01,NIG-300,Buildings and improvements programme,BUILDING,IS,202407,62276.66,59676.45,USD,COMPLETE
CP-300-202407-01,NIG-300,Machinery and equipment programme,PLANT,IS,202407,127440.28,114379.87,USD,COMPLETE
CP-300-202407-01,NIG-300,Vehicles programme,VEHICLE,IS,202407,33515.81,32324.74,USD,COMPLETE
CP-300-202407-01,NIG-300,Computer hardware and software programme,IT,IS,202407,25244.47,22378.67,USD,COMPLETE
CP-300-202407-01,NIG-300,Leasehold improvements programme,LEASEHOLD,IS,202407,20814.93,19892.15,USD,COMPLETE
CP-300-202408-01,NIG-300,Buildings and improvements programme,BUILDING,IS,202408,62427.04,59676.45,USD,COMPLETE
CP-300-202408-01,NIG-300,Machinery and equipment programme,PLANT,IS,202408,115242.11,114379.87,USD,IN_PROGRESS
CP-300-202408-01,NIG-300,Vehicles programme,VEHICLE,IS,202408,35535.07,32324.74,USD,IN_PROGRESS
CP-300-202408-01,NIG-300,Computer hardware and software programme,IT,IS,202408,25077.96,22378.67,USD,IN_PROGRESS
CP-300-202408-01,NIG-300,Leasehold improvements programme,LEASEHOLD,IS,202408,23248.67,19892.15,USD,COMPLETE
CP-300-202409-01,NIG-300,Buildings and improvements programme,BUILDING,IS,202409,61223.26,59676.45,USD,COMPLETE
CP-300-202409-01,NIG-300,Machinery and equipment programme,PLANT,IS,202409,121296.61,114379.87,USD,COMPLETE
CP-300-202409-01,NIG-300,Vehicles programme,VEHICLE,IS,202409,36355.77,32324.74,USD,COMPLETE
CP-300-202409-01,NIG-300,Computer hardware and software programme,IT,IS,202409,24663.12,22378.67,USD,COMPLETE
CP-300-202409-01,NIG-300,Leasehold improvements programme,LEASEHOLD,IS,202409,20819.17,19892.15,USD,COMPLETE
CP-300-202410-01,NIG-300,Buildings and improvements programme,BUILDING,IS,202410,65068.77,59676.45,USD,COMPLETE
CP-300-202410-01,NIG-300,Machinery and equipment programme,PLANT,IS,202410,125370.97,114379.87,USD,COMPLETE
CP-300-202410-01,NIG-300,Vehicles programme,VEHICLE,IS,202410,37512.24,32324.74,USD,COMPLETE
CP-300-202410-01,NIG-300,Computer hardware and software programme,IT,IS,202410,23235.75,22378.67,USD,COMPLETE
CP-300-202410-01,NIG-300,Leasehold improvements programme,LEASEHOLD,IS,202410,20566.15,19892.15,USD,COMPLETE
CP-300-202411-01,NIG-300,Buildings and improvements programme,BUILDING,IS,202411,67990.77,59676.45,USD,COMPLETE
CP-300-202411-01,NIG-300,Machinery and equipment programme,PLANT,IS,202411,127895.93,114379.87,USD,IN_PROGRESS
CP-300-202411-01,NIG-300,Vehicles programme,VEHICLE,IS,202411,33630.4,32324.74,USD,COMPLETE
CP-300-202411-01,NIG-300,Computer hardware and software programme,IT,IS,202411,23503.3,22378.67,USD,COMPLETE
CP-300-202411-01,NIG-300,Leasehold improvements programme,LEASEHOLD,IS,202411,20834.23,19892.15,USD,COMPLETE
CP-300-202412-01,NIG-300,Buildings and improvements programme,BUILDING,IS,202412,69363.46,59676.45,USD,IN_PROGRESS
CP-300-202412-01,NIG-300,Machinery and equipment programme,PLANT,IS,202412,132004.38,114379.87,USD,COMPLETE
CP-300-202412-01,NIG-300,Vehicles programme,VEHICLE,IS,202412,37454.58,32324.74,USD,COMPLETE
CP-300-202412-01,NIG-300,Computer hardware and software programme,IT,IS,202412,23005.08,22378.67,USD,COMPLETE
CP-300-202412-01,NIG-300,Leasehold improvements programme,LEASEHOLD,IS,202412,22488.26,19892.15,USD,COMPLETE
CP-300-202501-01,NIG-300,Buildings and improvements programme,BUILDING,IS,202501,49850.63,44310.55,USD,IN_PROGRESS
CP-300-202501-01,NIG-300,Machinery and equipment programme,PLANT,IS,202501,91360.68,84928.55,USD,COMPLETE
CP-300-202501-01,NIG-300,Vehicles programme,VEHICLE,IS,202501,25767.02,24001.55,USD,COMPLETE
CP-300-202501-01,NIG-300,Computer hardware and software programme,IT,IS,202501,17385.79,16616.46,USD,COMPLETE
CP-300-202501-01,NIG-300,Leasehold improvements programme,LEASEHOLD,IS,202501,16807.96,14770.18,USD,IN_PROGRESS
CP-300-202502-01,NIG-300,Buildings and improvements programme,BUILDING,IS,202502,49727.83,44310.55,USD,COMPLETE
CP-300-202502-01,NIG-300,Machinery and equipment programme,PLANT,IS,202502,90854.02,84928.55,USD,COMPLETE
CP-300-202502-01,NIG-300,Vehicles programme,VEHICLE,IS,202502,26606.7,24001.55,USD,COMPLETE
CP-300-202502-01,NIG-300,Computer hardware and software programme,IT,IS,202502,19265.48,16616.46,USD,COMPLETE
CP-300-202502-01,NIG-300,Leasehold improvements programme,LEASEHOLD,IS,202502,15533.52,14770.18,USD,IN_PROGRESS
CP-300-202503-01,NIG-300,Buildings and improvements programme,BUILDING,IS,202503,50583.11,44310.55,USD,IN_PROGRESS
CP-300-202503-01,NIG-300,Machinery and equipment programme,PLANT,IS,202503,86154.32,84928.55,USD,COMPLETE
CP-300-202503-01,NIG-300,Vehicles programme,VEHICLE,IS,202503,27616.79,24001.55,USD,COMPLETE
CP-300-202503-01,NIG-300,Computer hardware and software programme,IT,IS,202503,17220.38,16616.46,USD,IN_PROGRESS
CP-300-202503-01,NIG-300,Leasehold improvements programme,LEASEHOLD,IS,202503,15876.83,14770.18,USD,COMPLETE
CP-300-202504-01,NIG-300,Buildings and improvements programme,BUILDING,IS,202504,45371.6,44310.55,USD,COMPLETE
CP-300-202504-01,NIG-300,Machinery and equipment programme,PLANT,IS,202504,89290.3,84928.55,USD,IN_PROGRESS
CP-300-202504-01,NIG-300,Vehicles programme,VEHICLE,IS,202504,26103.72,24001.55,USD,COMPLETE
CP-300-202504-01,NIG-300,Computer hardware and software programme,IT,IS,202504,17877.96,16616.46,USD,COMPLETE
CP-300-202504-01,NIG-300,Leasehold improvements programme,LEASEHOLD,IS,202504,17413.98,14770.18,USD,COMPLETE
CP-300-202505-01,NIG-300,Buildings and improvements programme,BUILDING,IS,202505,51391.04,44310.55,USD,COMPLETE
CP-300-202505-01,NIG-300,Machinery and equipment programme,PLANT,IS,202505,91769.98,84928.55,USD,COMPLETE
CP-300-202505-01,NIG-300,Vehicles programme,VEHICLE,IS,202505,24996.29,24001.55,USD,COMPLETE
CP-300-202505-01,NIG-300,Computer hardware and software programme,IT,IS,202505,16641.24,16616.46,USD,COMPLETE
CP-300-202505-01,NIG-300,Leasehold improvements programme,LEASEHOLD,IS,202505,17237.09,14770.18,USD,IN_PROGRESS
CP-300-202506-01,NIG-300,Buildings and improvements programme,BUILDING,IS,202506,48863.5,44310.55,USD,COMPLETE
CP-300-202506-01,NIG-300,Machinery and equipment programme,PLANT,IS,202506,88032.56,84928.55,USD,IN_PROGRESS
CP-300-202506-01,NIG-300,Vehicles programme,VEHICLE,IS,202506,27663.04,24001.55,USD,COMPLETE
CP-300-202506-01,NIG-300,Computer hardware and software programme,IT,IS,202506,17654.61,16616.46,USD,COMPLETE
CP-300-202506-01,NIG-300,Leasehold improvements programme,LEASEHOLD,IS,202506,16929.68,14770.18,USD,COMPLETE
CP-300-202507-01,NIG-300,Buildings and improvements programme,BUILDING,IS,202507,44844.86,44310.55,USD,COMPLETE
CP-300-202507-01,NIG-300,Machinery and equipment programme,PLANT,IS,202507,89542.98,84928.55,USD,IN_PROGRESS
CP-300-202507-01,NIG-300,Vehicles programme,VEHICLE,IS,202507,28291.09,24001.55,USD,IN_PROGRESS
CP-300-202507-01,NIG-300,Computer hardware and software programme,IT,IS,202507,16840.02,16616.46,USD,IN_PROGRESS
CP-300-202507-01,NIG-300,Leasehold improvements programme,LEASEHOLD,IS,202507,16390.41,14770.18,USD,COMPLETE
CP-300-202508-01,NIG-300,Buildings and improvements programme,BUILDING,IS,202508,48008.39,44310.55,USD,COMPLETE
CP-300-202508-01,NIG-300,Machinery and equipment programme,PLANT,IS,202508,86007.37,84928.55,USD,COMPLETE
CP-300-202508-01,NIG-300,Vehicles programme,VEHICLE,IS,202508,25403.2,24001.55,USD,COMPLETE
CP-300-202508-01,NIG-300,Computer hardware and software programme,IT,IS,202508,19427.62,16616.46,USD,COMPLETE
CP-300-202508-01,NIG-300,Leasehold improvements programme,LEASEHOLD,IS,202508,16522.79,14770.18,USD,COMPLETE
CP-300-202509-01,NIG-300,Buildings and improvements programme,BUILDING,IS,202509,45912.71,44310.55,USD,COMPLETE
CP-300-202509-01,NIG-300,Machinery and equipment programme,PLANT,IS,202509,87490.69,84928.55,USD,IN_PROGRESS
CP-300-202509-01,NIG-300,Vehicles programme,VEHICLE,IS,202509,24891.59,24001.55,USD,COMPLETE
CP-300-202509-01,NIG-300,Computer hardware and software programme,IT,IS,202509,17574.02,16616.46,USD,COMPLETE
CP-300-202509-01,NIG-300,Leasehold improvements programme,LEASEHOLD,IS,202509,16835.45,14770.18,USD,COMPLETE
CP-300-202510-01,NIG-300,Buildings and improvements programme,BUILDING,IS,202510,49409.16,44310.55,USD,COMPLETE
CP-300-202510-01,NIG-300,Machinery and equipment programme,PLANT,IS,202510,92548.86,84928.55,USD,COMPLETE
CP-300-202510-01,NIG-300,Vehicles programme,VEHICLE,IS,202510,24386.41,24001.55,USD,COMPLETE
CP-300-202510-01,NIG-300,Computer hardware and software programme,IT,IS,202510,17664.89,16616.46,USD,IN_PROGRESS
CP-300-202510-01,NIG-300,Leasehold improvements programme,LEASEHOLD,IS,202510,15819.18,14770.18,USD,IN_PROGRESS
CP-300-202511-01,NIG-300,Buildings and improvements programme,BUILDING,IS,202511,49540.03,44310.55,USD,COMPLETE
CP-300-202511-01,NIG-300,Machinery and equipment programme,PLANT,IS,202511,85331.43,84928.55,USD,COMPLETE
CP-300-202511-01,NIG-300,Vehicles programme,VEHICLE,IS,202511,27707.65,24001.55,USD,COMPLETE
CP-300-202511-01,NIG-300,Computer hardware and software programme,IT,IS,202511,17113.79,16616.46,USD,COMPLETE
CP-300-202511-01,NIG-300,Leasehold improvements programme,LEASEHOLD,IS,202511,16309.31,14770.18,USD,COMPLETE
CP-300-202512-01,NIG-300,Buildings and improvements programme,BUILDING,IS,202512,51391.69,44310.55,USD,COMPLETE
CP-300-202512-01,NIG-300,Machinery and equipment programme,PLANT,IS,202512,92167.12,84928.55,USD,COMPLETE
CP-300-202512-01,NIG-300,Vehicles programme,VEHICLE,IS,202512,26911.95,24001.55,USD,IN_PROGRESS
CP-300-202512-01,NIG-300,Computer hardware and software programme,IT,IS,202512,19478.86,16616.46,USD,COMPLETE
CP-300-202512-01,NIG-300,Leasehold improvements programme,LEASEHOLD,IS,202512,16645.03,14770.18,USD,COMPLETE
CP-300-202601-01,NIG-300,Buildings and improvements programme,BUILDING,IS,202601,62789.59,55091.74,USD,COMPLETE
CP-300-202601-01,NIG-300,Machinery and equipment programme,PLANT,IS,202601,117469.44,105592.51,USD,IN_PROGRESS
CP-300-202601-01,NIG-300,Vehicles programme,VEHICLE,IS,202601,32439.35,29841.36,USD,IN_PROGRESS
CP-300-202601-01,NIG-300,Computer hardware and software programme,IT,IS,202601,21692.98,20659.4,USD,COMPLETE
CP-300-202601-01,NIG-300,Leasehold improvements programme,LEASEHOLD,IS,202601,19763.74,18363.91,USD,COMPLETE
CP-300-202602-01,NIG-300,Buildings and improvements programme,BUILDING,IS,202602,59742.51,55091.74,USD,COMPLETE
CP-300-202602-01,NIG-300,Machinery and equipment programme,PLANT,IS,202602,124321.45,105592.51,USD,COMPLETE
CP-300-202602-01,NIG-300,Vehicles programme,VEHICLE,IS,202602,31415.17,29841.36,USD,COMPLETE
CP-300-202602-01,NIG-300,Computer hardware and software programme,IT,IS,202602,22131.2,20659.4,USD,COMPLETE
CP-300-202602-01,NIG-300,Leasehold improvements programme,LEASEHOLD,IS,202602,19012.77,18363.91,USD,COMPLETE
CP-300-202603-01,NIG-300,Buildings and improvements programme,BUILDING,IS,202603,57084.8,55091.74,USD,COMPLETE
CP-300-202603-01,NIG-300,Machinery and equipment programme,PLANT,IS,202603,110343.65,105592.51,USD,COMPLETE
CP-300-202603-01,NIG-300,Vehicles programme,VEHICLE,IS,202603,33824.25,29841.36,USD,COMPLETE
CP-300-202603-01,NIG-300,Computer hardware and software programme,IT,IS,202603,22990.94,20659.4,USD,COMPLETE
CP-300-202603-01,NIG-300,Leasehold improvements programme,LEASEHOLD,IS,202603,19707.16,18363.91,USD,COMPLETE
CP-300-202604-01,NIG-300,Buildings and improvements programme,BUILDING,IS,202604,56934.76,55091.74,USD,IN_PROGRESS
CP-300-202604-01,NIG-300,Machinery and equipment programme,PLANT,IS,202604,110142.39,105592.51,USD,COMPLETE
CP-300-202604-01,NIG-300,Vehicles programme,VEHICLE,IS,202604,34872.69,29841.36,USD,COMPLETE
CP-300-202604-01,NIG-300,Computer hardware and software programme,IT,IS,202604,22041.94,20659.4,USD,COMPLETE
CP-300-202604-01,NIG-300,Leasehold improvements programme,LEASEHOLD,IS,202604,19449.48,18363.91,USD,COMPLETE
CP-300-202605-01,NIG-300,Buildings and improvements programme,BUILDING,IS,202605,61038.07,55091.74,USD,COMPLETE
CP-300-202605-01,NIG-300,Machinery and equipment programme,PLANT,IS,202605,115389.61,105592.51,USD,COMPLETE
CP-300-202605-01,NIG-300,Vehicles programme,VEHICLE,IS,202605,32677.66,29841.36,USD,COMPLETE
CP-300-202605-01,NIG-300,Computer hardware and software programme,IT,IS,202605,23076.33,20659.4,USD,COMPLETE
CP-300-202605-01,NIG-300,Leasehold improvements programme,LEASEHOLD,IS,202605,21113.64,18363.91,USD,COMPLETE
CP-300-202606-01,NIG-300,Buildings and improvements programme,BUILDING,IS,202606,59634.25,55091.74,USD,COMPLETE
CP-300-202606-01,NIG-300,Machinery and equipment programme,PLANT,IS,202606,108190.23,105592.51,USD,IN_PROGRESS
CP-300-202606-01,NIG-300,Vehicles programme,VEHICLE,IS,202606,30616.95,29841.36,USD,COMPLETE
CP-300-202606-01,NIG-300,Computer hardware and software programme,IT,IS,202606,22088.49,20659.4,USD,IN_PROGRESS
CP-300-202606-01,NIG-300,Leasehold improvements programme,LEASEHOLD,IS,202606,20973.81,18363.91,USD,IN_PROGRESS
CP-300-202607-01,NIG-300,Buildings and improvements programme,BUILDING,IS,202607,58761.42,55091.74,USD,IN_PROGRESS
CP-300-202607-01,NIG-300,Machinery and equipment programme,PLANT,IS,202607,116407.8,105592.51,USD,COMPLETE
CP-300-202607-01,NIG-300,Vehicles programme,VEHICLE,IS,202607,32562.55,29841.36,USD,COMPLETE
CP-300-202607-01,NIG-300,Computer hardware and software programme,IT,IS,202607,24028.38,20659.4,USD,COMPLETE
CP-300-202607-01,NIG-300,Leasehold improvements programme,LEASEHOLD,IS,202607,20140.62,18363.91,USD,COMPLETE
CP-300-202608-01,NIG-300,Buildings and improvements programme,BUILDING,IS,202608,60529.46,55091.74,USD,COMPLETE
CP-300-202608-01,NIG-300,Machinery and equipment programme,PLANT,IS,202608,115674.89,105592.51,USD,IN_PROGRESS
CP-300-202608-01,NIG-300,Vehicles programme,VEHICLE,IS,202608,31822.23,29841.36,USD,COMPLETE
CP-300-202608-01,NIG-300,Computer hardware and software programme,IT,IS,202608,22103.69,20659.4,USD,COMPLETE
CP-300-202608-01,NIG-300,Leasehold improvements programme,LEASEHOLD,IS,202608,20771.0,18363.91,USD,COMPLETE
CP-310-202301-01,NIG-310,Buildings and improvements programme,BUILDING,IS,202301,5582.11,5238.47,CAD,COMPLETE
CP-310-202301-01,NIG-310,Machinery and equipment programme,PLANT,IS,202301,11304.99,10040.4,CAD,COMPLETE
CP-310-202301-01,NIG-310,Vehicles programme,VEHICLE,IS,202301,3245.51,2837.5,CAD,IN_PROGRESS
CP-310-202301-01,NIG-310,Computer hardware and software programme,IT,IS,202301,2092.51,1964.43,CAD,COMPLETE
CP-310-202301-01,NIG-310,Leasehold improvements programme,LEASEHOLD,IS,202301,1756.95,1746.16,CAD,COMPLETE
CP-310-202302-01,NIG-310,Buildings and improvements programme,BUILDING,IS,202302,5362.24,5238.47,CAD,COMPLETE
CP-310-202302-01,NIG-310,Machinery and equipment programme,PLANT,IS,202302,10637.26,10040.4,CAD,IN_PROGRESS
CP-310-202302-01,NIG-310,Vehicles programme,VEHICLE,IS,202302,2956.23,2837.5,CAD,IN_PROGRESS
CP-310-202302-01,NIG-310,Computer hardware and software programme,IT,IS,202302,2222.72,1964.43,CAD,COMPLETE
CP-310-202302-01,NIG-310,Leasehold improvements programme,LEASEHOLD,IS,202302,2003.67,1746.16,CAD,COMPLETE
CP-310-202303-01,NIG-310,Buildings and improvements programme,BUILDING,IS,202303,5582.47,5238.47,CAD,IN_PROGRESS
CP-310-202303-01,NIG-310,Machinery and equipment programme,PLANT,IS,202303,10226.24,10040.4,CAD,COMPLETE
CP-310-202303-01,NIG-310,Vehicles programme,VEHICLE,IS,202303,3255.25,2837.5,CAD,COMPLETE
CP-310-202303-01,NIG-310,Computer hardware and software programme,IT,IS,202303,2197.24,1964.43,CAD,COMPLETE
CP-310-202303-01,NIG-310,Leasehold improvements programme,LEASEHOLD,IS,202303,1775.74,1746.16,CAD,IN_PROGRESS
CP-310-202304-01,NIG-310,Buildings and improvements programme,BUILDING,IS,202304,5588.29,5238.47,CAD,COMPLETE
CP-310-202304-01,NIG-310,Machinery and equipment programme,PLANT,IS,202304,10697.25,10040.4,CAD,COMPLETE
CP-310-202304-01,NIG-310,Vehicles programme,VEHICLE,IS,202304,3170.85,2837.5,CAD,IN_PROGRESS
CP-310-202304-01,NIG-310,Computer hardware and software programme,IT,IS,202304,2121.43,1964.43,CAD,COMPLETE
CP-310-202304-01,NIG-310,Leasehold improvements programme,LEASEHOLD,IS,202304,2039.18,1746.16,CAD,COMPLETE
CP-310-202305-01,NIG-310,Buildings and improvements programme,BUILDING,IS,202305,6106.55,5238.47,CAD,COMPLETE
CP-310-202305-01,NIG-310,Machinery and equipment programme,PLANT,IS,202305,11747.21,10040.4,CAD,COMPLETE
CP-310-202305-01,NIG-310,Vehicles programme,VEHICLE,IS,202305,3138.41,2837.5,CAD,COMPLETE
CP-310-202305-01,NIG-310,Computer hardware and software programme,IT,IS,202305,2247.98,1964.43,CAD,COMPLETE
CP-310-202305-01,NIG-310,Leasehold improvements programme,LEASEHOLD,IS,202305,1789.48,1746.16,CAD,COMPLETE
CP-310-202306-01,NIG-310,Buildings and improvements programme,BUILDING,IS,202306,5921.84,5238.47,CAD,COMPLETE
CP-310-202306-01,NIG-310,Machinery and equipment programme,PLANT,IS,202306,10208.82,10040.4,CAD,COMPLETE
CP-310-202306-01,NIG-310,Vehicles programme,VEHICLE,IS,202306,3245.51,2837.5,CAD,COMPLETE
CP-310-202306-01,NIG-310,Computer hardware and software programme,IT,IS,202306,2226.72,1964.43,CAD,COMPLETE
CP-310-202306-01,NIG-310,Leasehold improvements programme,LEASEHOLD,IS,202306,1975.02,1746.16,CAD,COMPLETE
CP-310-202307-01,NIG-310,Buildings and improvements programme,BUILDING,IS,202307,5478.24,5238.47,CAD,COMPLETE
CP-310-202307-01,NIG-310,Machinery and equipment programme,PLANT,IS,202307,11041.34,10040.4,CAD,IN_PROGRESS
CP-310-202307-01,NIG-310,Vehicles programme,VEHICLE,IS,202307,3125.77,2837.5,CAD,COMPLETE
CP-310-202307-01,NIG-310,Computer hardware and software programme,IT,IS,202307,2208.64,1964.43,CAD,IN_PROGRESS
CP-310-202307-01,NIG-310,Leasehold improvements programme,LEASEHOLD,IS,202307,1779.9,1746.16,CAD,COMPLETE
CP-310-202308-01,NIG-310,Buildings and improvements programme,BUILDING,IS,202308,5488.13,5238.47,CAD,COMPLETE
CP-310-202308-01,NIG-310,Machinery and equipment programme,PLANT,IS,202308,11350.1,10040.4,CAD,COMPLETE
CP-310-202308-01,NIG-310,Vehicles programme,VEHICLE,IS,202308,3145.58,2837.5,CAD,COMPLETE
CP-310-202308-01,NIG-310,Computer hardware and software programme,IT,IS,202308,2057.83,1964.43,CAD,COMPLETE
CP-310-202308-01,NIG-310,Leasehold improvements programme,LEASEHOLD,IS,202308,1791.82,1746.16,CAD,COMPLETE
CP-310-202309-01,NIG-310,Buildings and improvements programme,BUILDING,IS,202309,5597.05,5238.47,CAD,IN_PROGRESS
CP-310-202309-01,NIG-310,Machinery and equipment programme,PLANT,IS,202309,11537.53,10040.4,CAD,COMPLETE
CP-310-202309-01,NIG-310,Vehicles programme,VEHICLE,IS,202309,3057.24,2837.5,CAD,IN_PROGRESS
CP-310-202309-01,NIG-310,Computer hardware and software programme,IT,IS,202309,2210.39,1964.43,CAD,COMPLETE
CP-310-202309-01,NIG-310,Leasehold improvements programme,LEASEHOLD,IS,202309,1962.27,1746.16,CAD,COMPLETE
CP-310-202310-01,NIG-310,Buildings and improvements programme,BUILDING,IS,202310,5747.3,5238.47,CAD,COMPLETE
CP-310-202310-01,NIG-310,Machinery and equipment programme,PLANT,IS,202310,10278.5,10040.4,CAD,COMPLETE
CP-310-202310-01,NIG-310,Vehicles programme,VEHICLE,IS,202310,3279.28,2837.5,CAD,COMPLETE
CP-310-202310-01,NIG-310,Computer hardware and software programme,IT,IS,202310,2111.35,1964.43,CAD,COMPLETE
CP-310-202310-01,NIG-310,Leasehold improvements programme,LEASEHOLD,IS,202310,1891.96,1746.16,CAD,COMPLETE
CP-310-202311-01,NIG-310,Buildings and improvements programme,BUILDING,IS,202311,5842.86,5238.47,CAD,COMPLETE
CP-310-202311-01,NIG-310,Machinery and equipment programme,PLANT,IS,202311,11733.32,10040.4,CAD,COMPLETE
CP-310-202311-01,NIG-310,Vehicles programme,VEHICLE,IS,202311,3168.37,2837.5,CAD,COMPLETE
CP-310-202311-01,NIG-310,Computer hardware and software programme,IT,IS,202311,2062.05,1964.43,CAD,COMPLETE
CP-310-202311-01,NIG-310,Leasehold improvements programme,LEASEHOLD,IS,202311,1859.83,1746.16,CAD,COMPLETE
CP-310-202312-01,NIG-310,Buildings and improvements programme,BUILDING,IS,202312,5904.83,5238.47,CAD,COMPLETE
CP-310-202312-01,NIG-310,Machinery and equipment programme,PLANT,IS,202312,10474.76,10040.4,CAD,COMPLETE
CP-310-202312-01,NIG-310,Vehicles programme,VEHICLE,IS,202312,2915.77,2837.5,CAD,COMPLETE
CP-310-202312-01,NIG-310,Computer hardware and software programme,IT,IS,202312,2060.5,1964.43,CAD,IN_PROGRESS
CP-310-202312-01,NIG-310,Leasehold improvements programme,LEASEHOLD,IS,202312,1872.65,1746.16,CAD,COMPLETE
CP-310-202401-01,NIG-310,Buildings and improvements programme,BUILDING,IS,202401,53766.15,45901.4,CAD,COMPLETE
CP-310-202401-01,NIG-310,Machinery and equipment programme,PLANT,IS,202401,94852.03,87977.69,CAD,IN_PROGRESS
CP-310-202401-01,NIG-310,Vehicles programme,VEHICLE,IS,202401,25549.62,24863.26,CAD,COMPLETE
CP-310-202401-01,NIG-310,Computer hardware and software programme,IT,IS,202401,18288.59,17213.03,CAD,COMPLETE
CP-310-202401-01,NIG-310,Leasehold improvements programme,LEASEHOLD,IS,202401,17489.88,15300.47,CAD,COMPLETE
CP-310-202402-01,NIG-310,Buildings and improvements programme,BUILDING,IS,202402,48297.52,45901.4,CAD,IN_PROGRESS
CP-310-202402-01,NIG-310,Machinery and equipment programme,PLANT,IS,202402,97946.18,87977.69,CAD,COMPLETE
CP-310-202402-01,NIG-310,Vehicles programme,VEHICLE,IS,202402,27640.1,24863.26,CAD,COMPLETE
CP-310-202402-01,NIG-310,Computer hardware and software programme,IT,IS,202402,19491.74,17213.03,CAD,COMPLETE
CP-310-202402-01,NIG-310,Leasehold improvements programme,LEASEHOLD,IS,202402,16260.24,15300.47,CAD,COMPLETE
CP-310-202403-01,NIG-310,Buildings and improvements programme,BUILDING,IS,202403,53953.6,45901.4,CAD,COMPLETE
CP-310-202403-01,NIG-310,Machinery and equipment programme,PLANT,IS,202403,97723.91,87977.69,CAD,COMPLETE
CP-310-202403-01,NIG-310,Vehicles programme,VEHICLE,IS,202403,29274.13,24863.26,CAD,COMPLETE
CP-310-202403-01,NIG-310,Computer hardware and software programme,IT,IS,202403,19584.53,17213.03,CAD,IN_PROGRESS
CP-310-202403-01,NIG-310,Leasehold improvements programme,LEASEHOLD,IS,202403,16207.03,15300.47,CAD,COMPLETE
CP-310-202404-01,NIG-310,Buildings and improvements programme,BUILDING,IS,202404,51127.1,45901.4,CAD,IN_PROGRESS
CP-310-202404-01,NIG-310,Machinery and equipment programme,PLANT,IS,202404,91957.42,87977.69,CAD,COMPLETE
CP-310-202404-01,NIG-310,Vehicles programme,VEHICLE,IS,202404,27055.49,24863.26,CAD,COMPLETE
CP-310-202404-01,NIG-310,Computer hardware and software programme,IT,IS,202404,18543.17,17213.03,CAD,COMPLETE
CP-310-202404-01,NIG-310,Leasehold improvements programme,LEASEHOLD,IS,202404,17253.88,15300.47,CAD,IN_PROGRESS
CP-310-202405-01,NIG-310,Buildings and improvements programme,BUILDING,IS,202405,49271.66,45901.4,CAD,COMPLETE
CP-310-202405-01,NIG-310,Machinery and equipment programme,PLANT,IS,202405,98421.31,87977.69,CAD,COMPLETE
CP-310-202405-01,NIG-310,Vehicles programme,VEHICLE,IS,202405,26426.24,24863.26,CAD,COMPLETE
CP-310-202405-01,NIG-310,Computer hardware and software programme,IT,IS,202405,18964.39,17213.03,CAD,COMPLETE
CP-310-202405-01,NIG-310,Leasehold improvements programme,LEASEHOLD,IS,202405,16186.86,15300.47,CAD,IN_PROGRESS
CP-310-202406-01,NIG-310,Buildings and improvements programme,BUILDING,IS,202406,53618.27,45901.4,CAD,COMPLETE
CP-310-202406-01,NIG-310,Machinery and equipment programme,PLANT,IS,202406,93644.09,87977.69,CAD,IN_PROGRESS
CP-310-202406-01,NIG-310,Vehicles programme,VEHICLE,IS,202406,28583.73,24863.26,CAD,COMPLETE
CP-310-202406-01,NIG-310,Computer hardware and software programme,IT,IS,202406,18474.8,17213.03,CAD,COMPLETE
CP-310-202406-01,NIG-310,Leasehold improvements programme,LEASEHOLD,IS,202406,16071.05,15300.47,CAD,COMPLETE
CP-310-202407-01,NIG-310,Buildings and improvements programme,BUILDING,IS,202407,52941.68,45901.4,CAD,COMPLETE
CP-310-202407-01,NIG-310,Machinery and equipment programme,PLANT,IS,202407,92127.86,87977.69,CAD,COMPLETE
CP-310-202407-01,NIG-310,Vehicles programme,VEHICLE,IS,202407,25966.92,24863.26,CAD,COMPLETE
CP-310-202407-01,NIG-310,Computer hardware and software programme,IT,IS,202407,17953.05,17213.03,CAD,COMPLETE
CP-310-202407-01,NIG-310,Leasehold improvements programme,LEASEHOLD,IS,202407,16568.96,15300.47,CAD,COMPLETE
CP-310-202408-01,NIG-310,Buildings and improvements programme,BUILDING,IS,202408,47684.15,45901.4,CAD,COMPLETE
CP-310-202408-01,NIG-310,Machinery and equipment programme,PLANT,IS,202408,94899.26,87977.69,CAD,COMPLETE
CP-310-202408-01,NIG-310,Vehicles programme,VEHICLE,IS,202408,27720.16,24863.26,CAD,COMPLETE
CP-310-202408-01,NIG-310,Computer hardware and software programme,IT,IS,202408,19177.03,17213.03,CAD,COMPLETE
CP-310-202408-01,NIG-310,Leasehold improvements programme,LEASEHOLD,IS,202408,17893.03,15300.47,CAD,IN_PROGRESS
CP-310-202409-01,NIG-310,Buildings and improvements programme,BUILDING,IS,202409,51462.56,45901.4,CAD,COMPLETE
CP-310-202409-01,NIG-310,Machinery and equipment programme,PLANT,IS,202409,88284.62,87977.69,CAD,COMPLETE
CP-310-202409-01,NIG-310,Vehicles programme,VEHICLE,IS,202409,26584.64,24863.26,CAD,COMPLETE
CP-310-202409-01,NIG-310,Computer hardware and software programme,IT,IS,202409,18986.4,17213.03,CAD,COMPLETE
CP-310-202409-01,NIG-310,Leasehold improvements programme,LEASEHOLD,IS,202409,15376.22,15300.47,CAD,COMPLETE
CP-310-202410-01,NIG-310,Buildings and improvements programme,BUILDING,IS,202410,47203.93,45901.4,CAD,COMPLETE
CP-310-202410-01,NIG-310,Machinery and equipment programme,PLANT,IS,202410,102384.51,87977.69,CAD,COMPLETE
CP-310-202410-01,NIG-310,Vehicles programme,VEHICLE,IS,202410,28317.36,24863.26,CAD,COMPLETE
CP-310-202410-01,NIG-310,Computer hardware and software programme,IT,IS,202410,17745.88,17213.03,CAD,COMPLETE
CP-310-202410-01,NIG-310,Leasehold improvements programme,LEASEHOLD,IS,202410,17042.54,15300.47,CAD,COMPLETE
CP-310-202411-01,NIG-310,Buildings and improvements programme,BUILDING,IS,202411,53180.78,45901.4,CAD,COMPLETE
CP-310-202411-01,NIG-310,Machinery and equipment programme,PLANT,IS,202411,101636.19,87977.69,CAD,COMPLETE
CP-310-202411-01,NIG-310,Vehicles programme,VEHICLE,IS,202411,25295.51,24863.26,CAD,COMPLETE
CP-310-202411-01,NIG-310,Computer hardware and software programme,IT,IS,202411,19883.66,17213.03,CAD,IN_PROGRESS
CP-310-202411-01,NIG-310,Leasehold improvements programme,LEASEHOLD,IS,202411,17229.6,15300.47,CAD,COMPLETE
CP-310-202412-01,NIG-310,Buildings and improvements programme,BUILDING,IS,202412,50354.34,45901.4,CAD,IN_PROGRESS
CP-310-202412-01,NIG-310,Machinery and equipment programme,PLANT,IS,202412,95680.18,87977.69,CAD,COMPLETE
CP-310-202412-01,NIG-310,Vehicles programme,VEHICLE,IS,202412,28106.24,24863.26,CAD,COMPLETE
CP-310-202412-01,NIG-310,Computer hardware and software programme,IT,IS,202412,17439.06,17213.03,CAD,IN_PROGRESS
CP-310-202412-01,NIG-310,Leasehold improvements programme,LEASEHOLD,IS,202412,17384.86,15300.47,CAD,COMPLETE
CP-310-202501-01,NIG-310,Buildings and improvements programme,BUILDING,IS,202501,5413.76,5227.52,CAD,COMPLETE
CP-310-202501-01,NIG-310,Machinery and equipment programme,PLANT,IS,202501,10686.26,10019.41,CAD,COMPLETE
CP-310-202501-01,NIG-310,Vehicles programme,VEHICLE,IS,202501,3136.14,2831.57,CAD,COMPLETE
CP-310-202501-01,NIG-310,Computer hardware and software programme,IT,IS,202501,2063.07,1960.32,CAD,COMPLETE
CP-310-202501-01,NIG-310,Leasehold improvements programme,LEASEHOLD,IS,202501,1836.24,1742.51,CAD,COMPLETE
CP-310-202502-01,NIG-310,Buildings and improvements programme,BUILDING,IS,202502,5618.08,5227.52,CAD,COMPLETE
CP-310-202502-01,NIG-310,Machinery and equipment programme,PLANT,IS,202502,10550.46,10019.41,CAD,COMPLETE
CP-310-202502-01,NIG-310,Vehicles programme,VEHICLE,IS,202502,3132.41,2831.57,CAD,COMPLETE
CP-310-202502-01,NIG-310,Computer hardware and software programme,IT,IS,202502,2306.82,1960.32,CAD,COMPLETE
CP-310-202502-01,NIG-310,Leasehold improvements programme,LEASEHOLD,IS,202502,1790.44,1742.51,CAD,COMPLETE
CP-310-202503-01,NIG-310,Buildings and improvements programme,BUILDING,IS,202503,5785.17,5227.52,CAD,IN_PROGRESS
CP-310-202503-01,NIG-310,Machinery and equipment programme,PLANT,IS,202503,10399.56,10019.41,CAD,COMPLETE
CP-310-202503-01,NIG-310,Vehicles programme,VEHICLE,IS,202503,3213.98,2831.57,CAD,IN_PROGRESS
CP-310-202503-01,NIG-310,Computer hardware and software programme,IT,IS,202503,2230.63,1960.32,CAD,COMPLETE
CP-310-202503-01,NIG-310,Leasehold improvements programme,LEASEHOLD,IS,202503,1776.51,1742.51,CAD,COMPLETE
CP-310-202504-01,NIG-310,Buildings and improvements programme,BUILDING,IS,202504,6066.69,5227.52,CAD,COMPLETE
CP-310-202504-01,NIG-310,Machinery and equipment programme,PLANT,IS,202504,11354.49,10019.41,CAD,IN_PROGRESS
CP-310-202504-01,NIG-310,Vehicles programme,VEHICLE,IS,202504,3273.16,2831.57,CAD,COMPLETE
CP-310-202504-01,NIG-310,Computer hardware and software programme,IT,IS,202504,2184.82,1960.32,CAD,COMPLETE
CP-310-202504-01,NIG-310,Leasehold improvements programme,LEASEHOLD,IS,202504,1825.02,1742.51,CAD,COMPLETE
CP-310-202505-01,NIG-310,Buildings and improvements programme,BUILDING,IS,202505,5968.18,5227.52,CAD,IN_PROGRESS
CP-310-202505-01,NIG-310,Machinery and equipment programme,PLANT,IS,202505,10418.75,10019.41,CAD,COMPLETE
CP-310-202505-01,NIG-310,Vehicles programme,VEHICLE,IS,202505,2924.81,2831.57,CAD,COMPLETE
CP-310-202505-01,NIG-310,Computer hardware and software programme,IT,IS,202505,2006.8,1960.32,CAD,COMPLETE
CP-310-202505-01,NIG-310,Leasehold improvements programme,LEASEHOLD,IS,202505,1901.45,1742.51,CAD,COMPLETE
CP-310-202506-01,NIG-310,Buildings and improvements programme,BUILDING,IS,202506,5462.62,5227.52,CAD,IN_PROGRESS
CP-310-202506-01,NIG-310,Machinery and equipment programme,PLANT,IS,202506,11300.42,10019.41,CAD,COMPLETE
CP-310-202506-01,NIG-310,Vehicles programme,VEHICLE,IS,202506,3130.41,2831.57,CAD,COMPLETE
CP-310-202506-01,NIG-310,Computer hardware and software programme,IT,IS,202506,2032.56,1960.32,CAD,COMPLETE
CP-310-202506-01,NIG-310,Leasehold improvements programme,LEASEHOLD,IS,202506,2050.13,1742.51,CAD,COMPLETE
CP-310-202507-01,NIG-310,Buildings and improvements programme,BUILDING,IS,202507,5582.69,5227.52,CAD,COMPLETE
CP-310-202507-01,NIG-310,Machinery and equipment programme,PLANT,IS,202507,10521.94,10019.41,CAD,IN_PROGRESS
CP-310-202507-01,NIG-310,Vehicles programme,VEHICLE,IS,202507,2929.7,2831.57,CAD,COMPLETE
CP-310-202507-01,NIG-310,Computer hardware and software programme,IT,IS,202507,2278.56,1960.32,CAD,COMPLETE
CP-310-202507-01,NIG-310,Leasehold improvements programme,LEASEHOLD,IS,202507,1947.75,1742.51,CAD,COMPLETE
CP-310-202508-01,NIG-310,Buildings and improvements programme,BUILDING,IS,202508,5407.41,5227.52,CAD,COMPLETE
CP-310-202508-01,NIG-310,Machinery and equipment programme,PLANT,IS,202508,11635.16,10019.41,CAD,COMPLETE
CP-310-202508-01,NIG-310,Vehicles programme,VEHICLE,IS,202508,2887.11,2831.57,CAD,COMPLETE
CP-310-202508-01,NIG-310,Computer hardware and software programme,IT,IS,202508,1971.78,1960.32,CAD,COMPLETE
CP-310-202508-01,NIG-310,Leasehold improvements programme,LEASEHOLD,IS,202508,1905.53,1742.51,CAD,COMPLETE
CP-310-202509-01,NIG-310,Buildings and improvements programme,BUILDING,IS,202509,6105.32,5227.52,CAD,COMPLETE
CP-310-202509-01,NIG-310,Machinery and equipment programme,PLANT,IS,202509,11131.87,10019.41,CAD,COMPLETE
CP-310-202509-01,NIG-310,Vehicles programme,VEHICLE,IS,202509,2926.22,2831.57,CAD,COMPLETE
CP-310-202509-01,NIG-310,Computer hardware and software programme,IT,IS,202509,2295.06,1960.32,CAD,COMPLETE
CP-310-202509-01,NIG-310,Leasehold improvements programme,LEASEHOLD,IS,202509,1835.23,1742.51,CAD,IN_PROGRESS
CP-310-202510-01,NIG-310,Buildings and improvements programme,BUILDING,IS,202510,5829.33,5227.52,CAD,COMPLETE
CP-310-202510-01,NIG-310,Machinery and equipment programme,PLANT,IS,202510,10872.3,10019.41,CAD,COMPLETE
CP-310-202510-01,NIG-310,Vehicles programme,VEHICLE,IS,202510,3045.14,2831.57,CAD,COMPLETE
CP-310-202510-01,NIG-310,Computer hardware and software programme,IT,IS,202510,2095.69,1960.32,CAD,COMPLETE
CP-310-202510-01,NIG-310,Leasehold improvements programme,LEASEHOLD,IS,202510,1797.32,1742.51,CAD,COMPLETE
CP-310-202511-01,NIG-310,Buildings and improvements programme,BUILDING,IS,202511,5913.52,5227.52,CAD,COMPLETE
CP-310-202511-01,NIG-310,Machinery and equipment programme,PLANT,IS,202511,11036.06,10019.41,CAD,COMPLETE
CP-310-202511-01,NIG-310,Vehicles programme,VEHICLE,IS,202511,3205.08,2831.57,CAD,COMPLETE
CP-310-202511-01,NIG-310,Computer hardware and software programme,IT,IS,202511,2246.67,1960.32,CAD,COMPLETE
CP-310-202511-01,NIG-310,Leasehold improvements programme,LEASEHOLD,IS,202511,2001.72,1742.51,CAD,COMPLETE
CP-310-202512-01,NIG-310,Buildings and improvements programme,BUILDING,IS,202512,5658.64,5227.52,CAD,COMPLETE
CP-310-202512-01,NIG-310,Machinery and equipment programme,PLANT,IS,202512,11464.31,10019.41,CAD,COMPLETE
CP-310-202512-01,NIG-310,Vehicles programme,VEHICLE,IS,202512,3199.7,2831.57,CAD,COMPLETE
CP-310-202512-01,NIG-310,Computer hardware and software programme,IT,IS,202512,2069.52,1960.32,CAD,IN_PROGRESS
CP-310-202512-01,NIG-310,Leasehold improvements programme,LEASEHOLD,IS,202512,1746.47,1742.51,CAD,COMPLETE
CP-310-202601-01,NIG-310,Buildings and improvements programme,BUILDING,IS,202601,18001.63,16521.01,CAD,COMPLETE
CP-310-202601-01,NIG-310,Machinery and equipment programme,PLANT,IS,202601,35982.19,31665.28,CAD,IN_PROGRESS
CP-310-202601-01,NIG-310,Vehicles programme,VEHICLE,IS,202601,9086.42,8948.88,CAD,COMPLETE
CP-310-202601-01,NIG-310,Computer hardware and software programme,IT,IS,202601,6858.03,6195.38,CAD,COMPLETE
CP-310-202601-01,NIG-310,Leasehold improvements programme,LEASEHOLD,IS,202601,6065.71,5507.0,CAD,COMPLETE
CP-310-202602-01,NIG-310,Buildings and improvements programme,BUILDING,IS,202602,18968.13,16521.01,CAD,COMPLETE
CP-310-202602-01,NIG-310,Machinery and equipment programme,PLANT,IS,202602,32795.13,31665.28,CAD,COMPLETE
CP-310-202602-01,NIG-310,Vehicles programme,VEHICLE,IS,202602,8951.02,8948.88,CAD,COMPLETE
CP-310-202602-01,NIG-310,Computer hardware and software programme,IT,IS,202602,7252.71,6195.38,CAD,IN_PROGRESS
CP-310-202602-01,NIG-310,Leasehold improvements programme,LEASEHOLD,IS,202602,6114.51,5507.0,CAD,COMPLETE
CP-310-202603-01,NIG-310,Buildings and improvements programme,BUILDING,IS,202603,18130.32,16521.01,CAD,COMPLETE
CP-310-202603-01,NIG-310,Machinery and equipment programme,PLANT,IS,202603,36946.97,31665.28,CAD,COMPLETE
CP-310-202603-01,NIG-310,Vehicles programme,VEHICLE,IS,202603,9550.12,8948.88,CAD,COMPLETE
CP-310-202603-01,NIG-310,Computer hardware and software programme,IT,IS,202603,6253.17,6195.38,CAD,COMPLETE
CP-310-202603-01,NIG-310,Leasehold improvements programme,LEASEHOLD,IS,202603,6076.8,5507.0,CAD,COMPLETE
CP-310-202604-01,NIG-310,Buildings and improvements programme,BUILDING,IS,202604,16531.09,16521.01,CAD,COMPLETE
CP-310-202604-01,NIG-310,Machinery and equipment programme,PLANT,IS,202604,31730.13,31665.28,CAD,COMPLETE
CP-310-202604-01,NIG-310,Vehicles programme,VEHICLE,IS,202604,10082.77,8948.88,CAD,COMPLETE
CP-310-202604-01,NIG-310,Computer hardware and software programme,IT,IS,202604,7207.59,6195.38,CAD,COMPLETE
CP-310-202604-01,NIG-310,Leasehold improvements programme,LEASEHOLD,IS,202604,5648.83,5507.0,CAD,IN_PROGRESS
CP-310-202605-01,NIG-310,Buildings and improvements programme,BUILDING,IS,202605,19321.56,16521.01,CAD,COMPLETE
CP-310-202605-01,NIG-310,Machinery and equipment programme,PLANT,IS,202605,34032.5,31665.28,CAD,IN_PROGRESS
CP-310-202605-01,NIG-310,Vehicles programme,VEHICLE,IS,202605,9747.11,8948.88,CAD,COMPLETE
CP-310-202605-01,NIG-310,Computer hardware and software programme,IT,IS,202605,6739.75,6195.38,CAD,COMPLETE
CP-310-202605-01,NIG-310,Leasehold improvements programme,LEASEHOLD,IS,202605,6153.45,5507.0,CAD,COMPLETE
CP-310-202606-01,NIG-310,Buildings and improvements programme,BUILDING,IS,202606,17985.94,16521.01,CAD,COMPLETE
CP-310-202606-01,NIG-310,Machinery and equipment programme,PLANT,IS,202606,35855.39,31665.28,CAD,COMPLETE
CP-310-202606-01,NIG-310,Vehicles programme,VEHICLE,IS,202606,10441.85,8948.88,CAD,COMPLETE
CP-310-202606-01,NIG-310,Computer hardware and software programme,IT,IS,202606,6348.25,6195.38,CAD,COMPLETE
CP-310-202606-01,NIG-310,Leasehold improvements programme,LEASEHOLD,IS,202606,5610.54,5507.0,CAD,IN_PROGRESS
CP-310-202607-01,NIG-310,Buildings and improvements programme,BUILDING,IS,202607,17963.13,16521.01,CAD,COMPLETE
CP-310-202607-01,NIG-310,Machinery and equipment programme,PLANT,IS,202607,36973.28,31665.28,CAD,COMPLETE
CP-310-202607-01,NIG-310,Vehicles programme,VEHICLE,IS,202607,10483.39,8948.88,CAD,COMPLETE
CP-310-202607-01,NIG-310,Computer hardware and software programme,IT,IS,202607,6301.95,6195.38,CAD,COMPLETE
CP-310-202607-01,NIG-310,Leasehold improvements programme,LEASEHOLD,IS,202607,6025.96,5507.0,CAD,IN_PROGRESS
CP-310-202608-01,NIG-310,Buildings and improvements programme,BUILDING,IS,202608,19163.58,16521.01,CAD,COMPLETE
CP-310-202608-01,NIG-310,Machinery and equipment programme,PLANT,IS,202608,32184.76,31665.28,CAD,COMPLETE
CP-310-202608-01,NIG-310,Vehicles programme,VEHICLE,IS,202608,9789.04,8948.88,CAD,COMPLETE
CP-310-202608-01,NIG-310,Computer hardware and software programme,IT,IS,202608,6223.14,6195.38,CAD,COMPLETE
CP-310-202608-01,NIG-310,Leasehold improvements programme,LEASEHOLD,IS,202608,5850.87,5507.0,CAD,COMPLETE
CP-320-202401-01,NIG-320,Buildings and improvements programme,BUILDING,IS,202401,22441.35,20635.98,GBP,COMPLETE
CP-320-202401-01,NIG-320,Machinery and equipment programme,PLANT,IS,202401,41742.34,39552.3,GBP,COMPLETE
CP-320-202401-01,NIG-320,Vehicles programme,VEHICLE,IS,202401,11591.32,11177.82,GBP,COMPLETE
CP-320-202401-01,NIG-320,Computer hardware and software programme,IT,IS,202401,8651.18,7738.49,GBP,COMPLETE
CP-320-202401-01,NIG-320,Leasehold improvements programme,LEASEHOLD,IS,202401,6881.95,6878.66,GBP,IN_PROGRESS
CP-320-202402-01,NIG-320,Buildings and improvements programme,BUILDING,IS,202402,23348.97,20635.98,GBP,COMPLETE
CP-320-202402-01,NIG-320,Machinery and equipment programme,PLANT,IS,202402,42420.29,39552.3,GBP,COMPLETE
CP-320-202402-01,NIG-320,Vehicles programme,VEHICLE,IS,202402,12830.96,11177.82,GBP,COMPLETE
CP-320-202402-01,NIG-320,Computer hardware and software programme,IT,IS,202402,7896.32,7738.49,GBP,COMPLETE
CP-320-202402-01,NIG-320,Leasehold improvements programme,LEASEHOLD,IS,202402,8097.29,6878.66,GBP,COMPLETE
CP-320-202403-01,NIG-320,Buildings and improvements programme,BUILDING,IS,202403,22760.71,20635.98,GBP,COMPLETE
CP-320-202403-01,NIG-320,Machinery and equipment programme,PLANT,IS,202403,43502.07,39552.3,GBP,COMPLETE
CP-320-202403-01,NIG-320,Vehicles programme,VEHICLE,IS,202403,11603.14,11177.82,GBP,COMPLETE
CP-320-202403-01,NIG-320,Computer hardware and software programme,IT,IS,202403,8184.37,7738.49,GBP,COMPLETE
CP-320-202403-01,NIG-320,Leasehold improvements programme,LEASEHOLD,IS,202403,7376.1,6878.66,GBP,COMPLETE
CP-320-202404-01,NIG-320,Buildings and improvements programme,BUILDING,IS,202404,23156.56,20635.98,GBP,COMPLETE
CP-320-202404-01,NIG-320,Machinery and equipment programme,PLANT,IS,202404,40780.12,39552.3,GBP,COMPLETE
CP-320-202404-01,NIG-320,Vehicles programme,VEHICLE,IS,202404,11639.0,11177.82,GBP,COMPLETE
CP-320-202404-01,NIG-320,Computer hardware and software programme,IT,IS,202404,8273.67,7738.49,GBP,IN_PROGRESS
CP-320-202404-01,NIG-320,Leasehold improvements programme,LEASEHOLD,IS,202404,7388.75,6878.66,GBP,COMPLETE
CP-320-202405-01,NIG-320,Buildings and improvements programme,BUILDING,IS,202405,23559.17,20635.98,GBP,COMPLETE
CP-320-202405-01,NIG-320,Machinery and equipment programme,PLANT,IS,202405,43212.81,39552.3,GBP,IN_PROGRESS
CP-320-202405-01,NIG-320,Vehicles programme,VEHICLE,IS,202405,12087.26,11177.82,GBP,COMPLETE
CP-320-202405-01,NIG-320,Computer hardware and software programme,IT,IS,202405,8473.58,7738.49,GBP,COMPLETE
CP-320-202405-01,NIG-320,Leasehold improvements programme,LEASEHOLD,IS,202405,7125.42,6878.66,GBP,COMPLETE
CP-320-202406-01,NIG-320,Buildings and improvements programme,BUILDING,IS,202406,21366.08,20635.98,GBP,COMPLETE
CP-320-202406-01,NIG-320,Machinery and equipment programme,PLANT,IS,202406,45167.37,39552.3,GBP,COMPLETE
CP-320-202406-01,NIG-320,Vehicles programme,VEHICLE,IS,202406,12711.13,11177.82,GBP,IN_PROGRESS
CP-320-202406-01,NIG-320,Computer hardware and software programme,IT,IS,202406,8722.97,7738.49,GBP,COMPLETE
CP-320-202406-01,NIG-320,Leasehold improvements programme,LEASEHOLD,IS,202406,8002.57,6878.66,GBP,COMPLETE
CP-320-202407-01,NIG-320,Buildings and improvements programme,BUILDING,IS,202407,23070.12,20635.98,GBP,COMPLETE
CP-320-202407-01,NIG-320,Machinery and equipment programme,PLANT,IS,202407,44415.57,39552.3,GBP,COMPLETE
CP-320-202407-01,NIG-320,Vehicles programme,VEHICLE,IS,202407,13173.81,11177.82,GBP,COMPLETE
CP-320-202407-01,NIG-320,Computer hardware and software programme,IT,IS,202407,8174.19,7738.49,GBP,IN_PROGRESS
CP-320-202407-01,NIG-320,Leasehold improvements programme,LEASEHOLD,IS,202407,7074.98,6878.66,GBP,COMPLETE
CP-320-202408-01,NIG-320,Buildings and improvements programme,BUILDING,IS,202408,22985.72,20635.98,GBP,COMPLETE
CP-320-202408-01,NIG-320,Machinery and equipment programme,PLANT,IS,202408,40543.81,39552.3,GBP,COMPLETE
CP-320-202408-01,NIG-320,Vehicles programme,VEHICLE,IS,202408,11201.07,11177.82,GBP,COMPLETE
CP-320-202408-01,NIG-320,Computer hardware and software programme,IT,IS,202408,7741.49,7738.49,GBP,COMPLETE
CP-320-202408-01,NIG-320,Leasehold improvements programme,LEASEHOLD,IS,202408,6954.56,6878.66,GBP,COMPLETE
CP-320-202409-01,NIG-320,Buildings and improvements programme,BUILDING,IS,202409,21385.35,20635.98,GBP,COMPLETE
CP-320-202409-01,NIG-320,Machinery and equipment programme,PLANT,IS,202409,39662.6,39552.3,GBP,COMPLETE
CP-320-202409-01,NIG-320,Vehicles programme,VEHICLE,IS,202409,11580.45,11177.82,GBP,COMPLETE
CP-320-202409-01,NIG-320,Computer hardware and software programme,IT,IS,202409,8086.48,7738.49,GBP,IN_PROGRESS
CP-320-202409-01,NIG-320,Leasehold improvements programme,LEASEHOLD,IS,202409,7963.47,6878.66,GBP,COMPLETE
CP-320-202410-01,NIG-320,Buildings and improvements programme,BUILDING,IS,202410,23497.74,20635.98,GBP,COMPLETE
CP-320-202410-01,NIG-320,Machinery and equipment programme,PLANT,IS,202410,39656.57,39552.3,GBP,COMPLETE
CP-320-202410-01,NIG-320,Vehicles programme,VEHICLE,IS,202410,11274.44,11177.82,GBP,COMPLETE
CP-320-202410-01,NIG-320,Computer hardware and software programme,IT,IS,202410,7820.35,7738.49,GBP,COMPLETE
CP-320-202410-01,NIG-320,Leasehold improvements programme,LEASEHOLD,IS,202410,7233.68,6878.66,GBP,COMPLETE
CP-320-202411-01,NIG-320,Buildings and improvements programme,BUILDING,IS,202411,21966.73,20635.98,GBP,COMPLETE
CP-320-202411-01,NIG-320,Machinery and equipment programme,PLANT,IS,202411,46621.0,39552.3,GBP,COMPLETE
CP-320-202411-01,NIG-320,Vehicles programme,VEHICLE,IS,202411,11548.77,11177.82,GBP,COMPLETE
CP-320-202411-01,NIG-320,Computer hardware and software programme,IT,IS,202411,8868.34,7738.49,GBP,COMPLETE
CP-320-202411-01,NIG-320,Leasehold improvements programme,LEASEHOLD,IS,202411,7919.5,6878.66,GBP,COMPLETE
CP-320-202412-01,NIG-320,Buildings and improvements programme,BUILDING,IS,202412,23143.63,20635.98,GBP,COMPLETE
CP-320-202412-01,NIG-320,Machinery and equipment programme,PLANT,IS,202412,44300.14,39552.3,GBP,COMPLETE
CP-320-202412-01,NIG-320,Vehicles programme,VEHICLE,IS,202412,12522.29,11177.82,GBP,IN_PROGRESS
CP-320-202412-01,NIG-320,Computer hardware and software programme,IT,IS,202412,8373.99,7738.49,GBP,COMPLETE
CP-320-202412-01,NIG-320,Leasehold improvements programme,LEASEHOLD,IS,202412,7925.3,6878.66,GBP,COMPLETE
CP-320-202501-01,NIG-320,Buildings and improvements programme,BUILDING,IS,202501,3788.6,3578.53,GBP,COMPLETE
CP-320-202501-01,NIG-320,Machinery and equipment programme,PLANT,IS,202501,6993.39,6858.85,GBP,IN_PROGRESS
CP-320-202501-01,NIG-320,Vehicles programme,VEHICLE,IS,202501,2280.77,1938.37,GBP,COMPLETE
CP-320-202501-01,NIG-320,Computer hardware and software programme,IT,IS,202501,1530.18,1341.95,GBP,COMPLETE
CP-320-202501-01,NIG-320,Leasehold improvements programme,LEASEHOLD,IS,202501,1228.12,1192.84,GBP,COMPLETE
CP-320-202502-01,NIG-320,Buildings and improvements programme,BUILDING,IS,202502,3895.25,3578.53,GBP,COMPLETE
CP-320-202502-01,NIG-320,Machinery and equipment programme,PLANT,IS,202502,7758.37,6858.85,GBP,COMPLETE
CP-320-202502-01,NIG-320,Vehicles programme,VEHICLE,IS,202502,2222.78,1938.37,GBP,COMPLETE
CP-320-202502-01,NIG-320,Computer hardware and software programme,IT,IS,202502,1533.76,1341.95,GBP,COMPLETE
CP-320-202502-01,NIG-320,Leasehold improvements programme,LEASEHOLD,IS,202502,1311.41,1192.84,GBP,COMPLETE
CP-320-202503-01,NIG-320,Buildings and improvements programme,BUILDING,IS,202503,4082.15,3578.53,GBP,COMPLETE
CP-320-202503-01,NIG-320,Machinery and equipment programme,PLANT,IS,202503,7617.45,6858.85,GBP,COMPLETE
CP-320-202503-01,NIG-320,Vehicles programme,VEHICLE,IS,202503,1950.23,1938.37,GBP,COMPLETE
CP-320-202503-01,NIG-320,Computer hardware and software programme,IT,IS,202503,1407.13,1341.95,GBP,COMPLETE
CP-320-202503-01,NIG-320,Leasehold improvements programme,LEASEHOLD,IS,202503,1293.62,1192.84,GBP,COMPLETE
CP-320-202504-01,NIG-320,Buildings and improvements programme,BUILDING,IS,202504,4154.48,3578.53,GBP,COMPLETE
CP-320-202504-01,NIG-320,Machinery and equipment programme,PLANT,IS,202504,6871.63,6858.85,GBP,COMPLETE
CP-320-202504-01,NIG-320,Vehicles programme,VEHICLE,IS,202504,2165.26,1938.37,GBP,IN_PROGRESS
CP-320-202504-01,NIG-320,Computer hardware and software programme,IT,IS,202504,1362.61,1341.95,GBP,COMPLETE
CP-320-202504-01,NIG-320,Leasehold improvements programme,LEASEHOLD,IS,202504,1397.69,1192.84,GBP,COMPLETE
CP-320-202505-01,NIG-320,Buildings and improvements programme,BUILDING,IS,202505,3760.67,3578.53,GBP,COMPLETE
CP-320-202505-01,NIG-320,Machinery and equipment programme,PLANT,IS,202505,7765.05,6858.85,GBP,COMPLETE
CP-320-202505-01,NIG-320,Vehicles programme,VEHICLE,IS,202505,2153.16,1938.37,GBP,COMPLETE
CP-320-202505-01,NIG-320,Computer hardware and software programme,IT,IS,202505,1483.68,1341.95,GBP,COMPLETE
CP-320-202505-01,NIG-320,Leasehold improvements programme,LEASEHOLD,IS,202505,1247.48,1192.84,GBP,COMPLETE
CP-320-202506-01,NIG-320,Buildings and improvements programme,BUILDING,IS,202506,3817.72,3578.53,GBP,COMPLETE
CP-320-202506-01,NIG-320,Machinery and equipment programme,PLANT,IS,202506,6993.69,6858.85,GBP,COMPLETE
CP-320-202506-01,NIG-320,Vehicles programme,VEHICLE,IS,202506,2098.13,1938.37,GBP,COMPLETE
CP-320-202506-01,NIG-320,Computer hardware and software programme,IT,IS,202506,1512.91,1341.95,GBP,COMPLETE
CP-320-202506-01,NIG-320,Leasehold improvements programme,LEASEHOLD,IS,202506,1329.78,1192.84,GBP,COMPLETE
CP-320-202507-01,NIG-320,Buildings and improvements programme,BUILDING,IS,202507,4131.28,3578.53,GBP,IN_PROGRESS
CP-320-202507-01,NIG-320,Machinery and equipment programme,PLANT,IS,202507,7781.09,6858.85,GBP,COMPLETE
CP-320-202507-01,NIG-320,Vehicles programme,VEHICLE,IS,202507,2267.87,1938.37,GBP,COMPLETE
CP-320-202507-01,NIG-320,Computer hardware and software programme,IT,IS,202507,1353.11,1341.95,GBP,COMPLETE
CP-320-202507-01,NIG-320,Leasehold improvements programme,LEASEHOLD,IS,202507,1334.99,1192.84,GBP,COMPLETE
CP-320-202508-01,NIG-320,Buildings and improvements programme,BUILDING,IS,202508,3709.56,3578.53,GBP,COMPLETE
CP-320-202508-01,NIG-320,Machinery and equipment programme,PLANT,IS,202508,7927.21,6858.85,GBP,COMPLETE
CP-320-202508-01,NIG-320,Vehicles programme,VEHICLE,IS,202508,2219.55,1938.37,GBP,COMPLETE
CP-320-202508-01,NIG-320,Computer hardware and software programme,IT,IS,202508,1384.43,1341.95,GBP,IN_PROGRESS
CP-320-202508-01,NIG-320,Leasehold improvements programme,LEASEHOLD,IS,202508,1217.97,1192.84,GBP,COMPLETE
CP-320-202509-01,NIG-320,Buildings and improvements programme,BUILDING,IS,202509,3930.68,3578.53,GBP,COMPLETE
CP-320-202509-01,NIG-320,Machinery and equipment programme,PLANT,IS,202509,7498.25,6858.85,GBP,IN_PROGRESS
CP-320-202509-01,NIG-320,Vehicles programme,VEHICLE,IS,202509,2209.31,1938.37,GBP,COMPLETE
CP-320-202509-01,NIG-320,Computer hardware and software programme,IT,IS,202509,1547.78,1341.95,GBP,COMPLETE
CP-320-202509-01,NIG-320,Leasehold improvements programme,LEASEHOLD,IS,202509,1336.79,1192.84,GBP,COMPLETE
CP-320-202510-01,NIG-320,Buildings and improvements programme,BUILDING,IS,202510,4194.26,3578.53,GBP,COMPLETE
CP-320-202510-01,NIG-320,Machinery and equipment programme,PLANT,IS,202510,7557.02,6858.85,GBP,COMPLETE
CP-320-202510-01,NIG-320,Vehicles programme,VEHICLE,IS,202510,2109.35,1938.37,GBP,COMPLETE
CP-320-202510-01,NIG-320,Computer hardware and software programme,IT,IS,202510,1362.8,1341.95,GBP,COMPLETE
CP-320-202510-01,NIG-320,Leasehold improvements programme,LEASEHOLD,IS,202510,1236.55,1192.84,GBP,COMPLETE
CP-320-202511-01,NIG-320,Buildings and improvements programme,BUILDING,IS,202511,3799.97,3578.53,GBP,COMPLETE
CP-320-202511-01,NIG-320,Machinery and equipment programme,PLANT,IS,202511,7973.64,6858.85,GBP,COMPLETE
CP-320-202511-01,NIG-320,Vehicles programme,VEHICLE,IS,202511,2076.9,1938.37,GBP,COMPLETE
CP-320-202511-01,NIG-320,Computer hardware and software programme,IT,IS,202511,1449.64,1341.95,GBP,COMPLETE
CP-320-202511-01,NIG-320,Leasehold improvements programme,LEASEHOLD,IS,202511,1403.11,1192.84,GBP,COMPLETE
CP-320-202512-01,NIG-320,Buildings and improvements programme,BUILDING,IS,202512,3767.93,3578.53,GBP,COMPLETE
CP-320-202512-01,NIG-320,Machinery and equipment programme,PLANT,IS,202512,7106.61,6858.85,GBP,COMPLETE
CP-320-202512-01,NIG-320,Vehicles programme,VEHICLE,IS,202512,2279.78,1938.37,GBP,IN_PROGRESS
CP-320-202512-01,NIG-320,Computer hardware and software programme,IT,IS,202512,1518.26,1341.95,GBP,COMPLETE
CP-320-202512-01,NIG-320,Leasehold improvements programme,LEASEHOLD,IS,202512,1346.07,1192.84,GBP,COMPLETE
CP-320-202601-01,NIG-320,Buildings and improvements programme,BUILDING,IS,202601,13876.09,13086.34,GBP,COMPLETE
CP-320-202601-01,NIG-320,Machinery and equipment programme,PLANT,IS,202601,27704.73,25082.15,GBP,COMPLETE
CP-320-202601-01,NIG-320,Vehicles programme,VEHICLE,IS,202601,7857.26,7088.43,GBP,COMPLETE
CP-320-202601-01,NIG-320,Computer hardware and software programme,IT,IS,202601,5700.37,4907.38,GBP,COMPLETE
CP-320-202601-01,NIG-320,Leasehold improvements programme,LEASEHOLD,IS,202601,4858.91,4362.11,GBP,COMPLETE
CP-320-202602-01,NIG-320,Buildings and improvements programme,BUILDING,IS,202602,14283.92,13086.34,GBP,COMPLETE
CP-320-202602-01,NIG-320,Machinery and equipment programme,PLANT,IS,202602,28078.35,25082.15,GBP,COMPLETE
CP-320-202602-01,NIG-320,Vehicles programme,VEHICLE,IS,202602,7264.36,7088.43,GBP,COMPLETE
CP-320-202602-01,NIG-320,Computer hardware and software programme,IT,IS,202602,5675.78,4907.38,GBP,COMPLETE
CP-320-202602-01,NIG-320,Leasehold improvements programme,LEASEHOLD,IS,202602,4763.99,4362.11,GBP,COMPLETE
CP-320-202603-01,NIG-320,Buildings and improvements programme,BUILDING,IS,202603,14175.13,13086.34,GBP,COMPLETE
CP-320-202603-01,NIG-320,Machinery and equipment programme,PLANT,IS,202603,28736.55,25082.15,GBP,COMPLETE
CP-320-202603-01,NIG-320,Vehicles programme,VEHICLE,IS,202603,8157.41,7088.43,GBP,COMPLETE
CP-320-202603-01,NIG-320,Computer hardware and software programme,IT,IS,202603,5582.92,4907.38,GBP,COMPLETE
CP-320-202603-01,NIG-320,Leasehold improvements programme,LEASEHOLD,IS,202603,4514.99,4362.11,GBP,COMPLETE
CP-320-202604-01,NIG-320,Buildings and improvements programme,BUILDING,IS,202604,14841.99,13086.34,GBP,COMPLETE
CP-320-202604-01,NIG-320,Machinery and equipment programme,PLANT,IS,202604,27752.4,25082.15,GBP,COMPLETE
CP-320-202604-01,NIG-320,Vehicles programme,VEHICLE,IS,202604,7850.98,7088.43,GBP,COMPLETE
CP-320-202604-01,NIG-320,Computer hardware and software programme,IT,IS,202604,5410.83,4907.38,GBP,COMPLETE
CP-320-202604-01,NIG-320,Leasehold improvements programme,LEASEHOLD,IS,202604,4700.34,4362.11,GBP,COMPLETE
CP-320-202605-01,NIG-320,Buildings and improvements programme,BUILDING,IS,202605,14138.2,13086.34,GBP,COMPLETE
CP-320-202605-01,NIG-320,Machinery and equipment programme,PLANT,IS,202605,26891.02,25082.15,GBP,IN_PROGRESS
CP-320-202605-01,NIG-320,Vehicles programme,VEHICLE,IS,202605,7452.38,7088.43,GBP,COMPLETE
CP-320-202605-01,NIG-320,Computer hardware and software programme,IT,IS,202605,5444.72,4907.38,GBP,COMPLETE
CP-320-202605-01,NIG-320,Leasehold improvements programme,LEASEHOLD,IS,202605,4879.36,4362.11,GBP,COMPLETE
CP-320-202606-01,NIG-320,Buildings and improvements programme,BUILDING,IS,202606,13751.7,13086.34,GBP,COMPLETE
CP-320-202606-01,NIG-320,Machinery and equipment programme,PLANT,IS,202606,27989.79,25082.15,GBP,COMPLETE
CP-320-202606-01,NIG-320,Vehicles programme,VEHICLE,IS,202606,7774.41,7088.43,GBP,COMPLETE
CP-320-202606-01,NIG-320,Computer hardware and software programme,IT,IS,202606,5642.3,4907.38,GBP,IN_PROGRESS
CP-320-202606-01,NIG-320,Leasehold improvements programme,LEASEHOLD,IS,202606,5088.97,4362.11,GBP,COMPLETE
CP-320-202607-01,NIG-320,Buildings and improvements programme,BUILDING,IS,202607,14721.64,13086.34,GBP,COMPLETE
CP-320-202607-01,NIG-320,Machinery and equipment programme,PLANT,IS,202607,27419.76,25082.15,GBP,COMPLETE
CP-320-202607-01,NIG-320,Vehicles programme,VEHICLE,IS,202607,7717.03,7088.43,GBP,IN_PROGRESS
CP-320-202607-01,NIG-320,Computer hardware and software programme,IT,IS,202607,5064.29,4907.38,GBP,IN_PROGRESS
CP-320-202607-01,NIG-320,Leasehold improvements programme,LEASEHOLD,IS,202607,4765.05,4362.11,GBP,COMPLETE
CP-320-202608-01,NIG-320,Buildings and improvements programme,BUILDING,IS,202608,14090.15,13086.34,GBP,COMPLETE
CP-320-202608-01,NIG-320,Machinery and equipment programme,PLANT,IS,202608,28955.25,25082.15,GBP,COMPLETE
CP-320-202608-01,NIG-320,Vehicles programme,VEHICLE,IS,202608,7091.31,7088.43,GBP,COMPLETE
CP-320-202608-01,NIG-320,Computer hardware and software programme,IT,IS,202608,5449.94,4907.38,GBP,COMPLETE
CP-320-202608-01,NIG-320,Leasehold improvements programme,LEASEHOLD,IS,202608,4616.67,4362.11,GBP,COMPLETE
CP-400-202301-01,NIG-400,Buildings and improvements programme,BUILDING,ES,202301,13321.28,11469.94,USD,COMPLETE
CP-400-202301-01,NIG-400,Machinery and equipment programme,PLANT,ES,202301,22355.04,21984.04,USD,COMPLETE
CP-400-202301-01,NIG-400,Vehicles programme,VEHICLE,ES,202301,7208.75,6212.88,USD,COMPLETE
CP-400-202301-01,NIG-400,Computer hardware and software programme,IT,ES,202301,4688.47,4301.23,USD,COMPLETE
CP-400-202301-01,NIG-400,Leasehold improvements programme,LEASEHOLD,ES,202301,4126.42,3823.31,USD,IN_PROGRESS
CP-400-202302-01,NIG-400,Buildings and improvements programme,BUILDING,ES,202302,12506.08,11469.94,USD,COMPLETE
CP-400-202302-01,NIG-400,Machinery and equipment programme,PLANT,ES,202302,22277.13,21984.04,USD,COMPLETE
CP-400-202302-01,NIG-400,Vehicles programme,VEHICLE,ES,202302,6439.81,6212.88,USD,COMPLETE
CP-400-202302-01,NIG-400,Computer hardware and software programme,IT,ES,202302,4851.28,4301.23,USD,COMPLETE
CP-400-202302-01,NIG-400,Leasehold improvements programme,LEASEHOLD,ES,202302,4042.62,3823.31,USD,IN_PROGRESS
CP-400-202303-01,NIG-400,Buildings and improvements programme,BUILDING,ES,202303,11983.99,11469.94,USD,COMPLETE
CP-400-202303-01,NIG-400,Machinery and equipment programme,PLANT,ES,202303,22455.42,21984.04,USD,COMPLETE
CP-400-202303-01,NIG-400,Vehicles programme,VEHICLE,ES,202303,6832.03,6212.88,USD,COMPLETE
CP-400-202303-01,NIG-400,Computer hardware and software programme,IT,ES,202303,4485.27,4301.23,USD,COMPLETE
CP-400-202303-01,NIG-400,Leasehold improvements programme,LEASEHOLD,ES,202303,4118.21,3823.31,USD,COMPLETE
CP-400-202304-01,NIG-400,Buildings and improvements programme,BUILDING,ES,202304,13258.85,11469.94,USD,COMPLETE
CP-400-202304-01,NIG-400,Machinery and equipment programme,PLANT,ES,202304,24088.95,21984.04,USD,IN_PROGRESS
CP-400-202304-01,NIG-400,Vehicles programme,VEHICLE,ES,202304,6665.79,6212.88,USD,IN_PROGRESS
CP-400-202304-01,NIG-400,Computer hardware and software programme,IT,ES,202304,4449.49,4301.23,USD,IN_PROGRESS
CP-400-202304-01,NIG-400,Leasehold improvements programme,LEASEHOLD,ES,202304,4250.24,3823.31,USD,IN_PROGRESS
CP-400-202305-01,NIG-400,Buildings and improvements programme,BUILDING,ES,202305,12555.92,11469.94,USD,COMPLETE
CP-400-202305-01,NIG-400,Machinery and equipment programme,PLANT,ES,202305,24941.8,21984.04,USD,COMPLETE
CP-400-202305-01,NIG-400,Vehicles programme,VEHICLE,ES,202305,6602.47,6212.88,USD,COMPLETE
CP-400-202305-01,NIG-400,Computer hardware and software programme,IT,ES,202305,4724.58,4301.23,USD,COMPLETE
CP-400-202305-01,NIG-400,Leasehold improvements programme,LEASEHOLD,ES,202305,4268.4,3823.31,USD,COMPLETE
CP-400-202306-01,NIG-400,Buildings and improvements programme,BUILDING,ES,202306,11600.49,11469.94,USD,COMPLETE
CP-400-202306-01,NIG-400,Machinery and equipment programme,PLANT,ES,202306,24801.61,21984.04,USD,COMPLETE
CP-400-202306-01,NIG-400,Vehicles programme,VEHICLE,ES,202306,6856.17,6212.88,USD,COMPLETE
CP-400-202306-01,NIG-400,Computer hardware and software programme,IT,ES,202306,4596.85,4301.23,USD,COMPLETE
CP-400-202306-01,NIG-400,Leasehold improvements programme,LEASEHOLD,ES,202306,4163.36,3823.31,USD,COMPLETE
CP-400-202307-01,NIG-400,Buildings and improvements programme,BUILDING,ES,202307,12804.68,11469.94,USD,COMPLETE
CP-400-202307-01,NIG-400,Machinery and equipment programme,PLANT,ES,202307,24990.73,21984.04,USD,COMPLETE
CP-400-202307-01,NIG-400,Vehicles programme,VEHICLE,ES,202307,6515.85,6212.88,USD,COMPLETE
CP-400-202307-01,NIG-400,Computer hardware and software programme,IT,ES,202307,4758.12,4301.23,USD,COMPLETE
CP-400-202307-01,NIG-400,Leasehold improvements programme,LEASEHOLD,ES,202307,4090.53,3823.31,USD,COMPLETE
CP-400-202308-01,NIG-400,Buildings and improvements programme,BUILDING,ES,202308,11778.72,11469.94,USD,COMPLETE
CP-400-202308-01,NIG-400,Machinery and equipment programme,PLANT,ES,202308,24712.52,21984.04,USD,COMPLETE
CP-400-202308-01,NIG-400,Vehicles programme,VEHICLE,ES,202308,6347.82,6212.88,USD,COMPLETE
CP-400-202308-01,NIG-400,Computer hardware and software programme,IT,ES,202308,4625.25,4301.23,USD,COMPLETE
CP-400-202308-01,NIG-400,Leasehold improvements programme,LEASEHOLD,ES,202308,4266.33,3823.31,USD,COMPLETE
CP-400-202309-01,NIG-400,Buildings and improvements programme,BUILDING,ES,202309,13051.22,11469.94,USD,COMPLETE
CP-400-202309-01,NIG-400,Machinery and equipment programme,PLANT,ES,202309,24024.35,21984.04,USD,COMPLETE
CP-400-202309-01,NIG-400,Vehicles programme,VEHICLE,ES,202309,6516.85,6212.88,USD,COMPLETE
CP-400-202309-01,NIG-400,Computer hardware and software programme,IT,ES,202309,4406.93,4301.23,USD,COMPLETE
CP-400-202309-01,NIG-400,Leasehold improvements programme,LEASEHOLD,ES,202309,3885.71,3823.31,USD,COMPLETE
CP-400-202310-01,NIG-400,Buildings and improvements programme,BUILDING,ES,202310,12856.83,11469.94,USD,COMPLETE
CP-400-202310-01,NIG-400,Machinery and equipment programme,PLANT,ES,202310,22900.79,21984.04,USD,COMPLETE
CP-400-202310-01,NIG-400,Vehicles programme,VEHICLE,ES,202310,6378.7,6212.88,USD,COMPLETE
CP-400-202310-01,NIG-400,Computer hardware and software programme,IT,ES,202310,4464.45,4301.23,USD,COMPLETE
CP-400-202310-01,NIG-400,Leasehold improvements programme,LEASEHOLD,ES,202310,3840.71,3823.31,USD,COMPLETE
CP-400-202311-01,NIG-400,Buildings and improvements programme,BUILDING,ES,202311,12355.69,11469.94,USD,COMPLETE
CP-400-202311-01,NIG-400,Machinery and equipment programme,PLANT,ES,202311,25800.32,21984.04,USD,COMPLETE
CP-400-202311-01,NIG-400,Vehicles programme,VEHICLE,ES,202311,7249.81,6212.88,USD,COMPLETE
CP-400-202311-01,NIG-400,Computer hardware and software programme,IT,ES,202311,4311.23,4301.23,USD,COMPLETE
CP-400-202311-01,NIG-400,Leasehold improvements programme,LEASEHOLD,ES,202311,4439.35,3823.31,USD,COMPLETE
CP-400-202312-01,NIG-400,Buildings and improvements programme,BUILDING,ES,202312,11530.05,11469.94,USD,COMPLETE
CP-400-202312-01,NIG-400,Machinery and equipment programme,PLANT,ES,202312,23375.83,21984.04,USD,COMPLETE
CP-400-202312-01,NIG-400,Vehicles programme,VEHICLE,ES,202312,6425.13,6212.88,USD,COMPLETE
CP-400-202312-01,NIG-400,Computer hardware and software programme,IT,ES,202312,4792.77,4301.23,USD,COMPLETE
CP-400-202312-01,NIG-400,Leasehold improvements programme,LEASEHOLD,ES,202312,3918.41,3823.31,USD,COMPLETE
CP-400-202401-01,NIG-400,Buildings and improvements programme,BUILDING,ES,202401,10387.99,9209.16,USD,COMPLETE
CP-400-202401-01,NIG-400,Machinery and equipment programme,PLANT,ES,202401,18886.15,17650.89,USD,COMPLETE
CP-400-202401-01,NIG-400,Vehicles programme,VEHICLE,ES,202401,5877.74,4988.3,USD,COMPLETE
CP-400-202401-01,NIG-400,Computer hardware and software programme,IT,ES,202401,3931.88,3453.44,USD,IN_PROGRESS
CP-400-202401-01,NIG-400,Leasehold improvements programme,LEASEHOLD,ES,202401,3433.6,3069.72,USD,COMPLETE
CP-400-202402-01,NIG-400,Buildings and improvements programme,BUILDING,ES,202402,9234.06,9209.16,USD,COMPLETE
CP-400-202402-01,NIG-400,Machinery and equipment programme,PLANT,ES,202402,20131.18,17650.89,USD,IN_PROGRESS
CP-400-202402-01,NIG-400,Vehicles programme,VEHICLE,ES,202402,5584.9,4988.3,USD,COMPLETE
CP-400-202402-01,NIG-400,Computer hardware and software programme,IT,ES,202402,3710.15,3453.44,USD,COMPLETE
CP-400-202402-01,NIG-400,Leasehold improvements programme,LEASEHOLD,ES,202402,3285.79,3069.72,USD,COMPLETE
CP-400-202403-01,NIG-400,Buildings and improvements programme,BUILDING,ES,202403,9726.47,9209.16,USD,COMPLETE
CP-400-202403-01,NIG-400,Machinery and equipment programme,PLANT,ES,202403,20611.79,17650.89,USD,IN_PROGRESS
CP-400-202403-01,NIG-400,Vehicles programme,VEHICLE,ES,202403,5331.58,4988.3,USD,COMPLETE
CP-400-202403-01,NIG-400,Computer hardware and software programme,IT,ES,202403,3760.9,3453.44,USD,COMPLETE
CP-400-202403-01,NIG-400,Leasehold improvements programme,LEASEHOLD,ES,202403,3105.85,3069.72,USD,COMPLETE
CP-400-202404-01,NIG-400,Buildings and improvements programme,BUILDING,ES,202404,9800.87,9209.16,USD,COMPLETE
CP-400-202404-01,NIG-400,Machinery and equipment programme,PLANT,ES,202404,17840.34,17650.89,USD,IN_PROGRESS
CP-400-202404-01,NIG-400,Vehicles programme,VEHICLE,ES,202404,5469.12,4988.3,USD,COMPLETE
CP-400-202404-01,NIG-400,Computer hardware and software programme,IT,ES,202404,4016.32,3453.44,USD,COMPLETE
CP-400-202404-01,NIG-400,Leasehold improvements programme,LEASEHOLD,ES,202404,3108.57,3069.72,USD,COMPLETE
CP-400-202405-01,NIG-400,Buildings and improvements programme,BUILDING,ES,202405,9680.36,9209.16,USD,COMPLETE
CP-400-202405-01,NIG-400,Machinery and equipment programme,PLANT,ES,202405,20105.55,17650.89,USD,COMPLETE
CP-400-202405-01,NIG-400,Vehicles programme,VEHICLE,ES,202405,5019.72,4988.3,USD,COMPLETE
CP-400-202405-01,NIG-400,Computer hardware and software programme,IT,ES,202405,3518.44,3453.44,USD,COMPLETE
CP-400-202405-01,NIG-400,Leasehold improvements programme,LEASEHOLD,ES,202405,3281.64,3069.72,USD,COMPLETE
CP-400-202406-01,NIG-400,Buildings and improvements programme,BUILDING,ES,202406,10485.83,9209.16,USD,IN_PROGRESS
CP-400-202406-01,NIG-400,Machinery and equipment programme,PLANT,ES,202406,18351.08,17650.89,USD,COMPLETE
CP-400-202406-01,NIG-400,Vehicles programme,VEHICLE,ES,202406,5421.37,4988.3,USD,COMPLETE
CP-400-202406-01,NIG-400,Computer hardware and software programme,IT,ES,202406,3941.99,3453.44,USD,COMPLETE
CP-400-202406-01,NIG-400,Leasehold improvements programme,LEASEHOLD,ES,202406,3258.82,3069.72,USD,COMPLETE
CP-400-202407-01,NIG-400,Buildings and improvements programme,BUILDING,ES,202407,10715.31,9209.16,USD,COMPLETE
CP-400-202407-01,NIG-400,Machinery and equipment programme,PLANT,ES,202407,18417.32,17650.89,USD,COMPLETE
CP-400-202407-01,NIG-400,Vehicles programme,VEHICLE,ES,202407,5068.59,4988.3,USD,COMPLETE
CP-400-202407-01,NIG-400,Computer hardware and software programme,IT,ES,202407,3856.77,3453.44,USD,COMPLETE
CP-400-202407-01,NIG-400,Leasehold improvements programme,LEASEHOLD,ES,202407,3287.75,3069.72,USD,COMPLETE
CP-400-202408-01,NIG-400,Buildings and improvements programme,BUILDING,ES,202408,10300.77,9209.16,USD,COMPLETE
CP-400-202408-01,NIG-400,Machinery and equipment programme,PLANT,ES,202408,18958.42,17650.89,USD,COMPLETE
CP-400-202408-01,NIG-400,Vehicles programme,VEHICLE,ES,202408,5676.54,4988.3,USD,IN_PROGRESS
CP-400-202408-01,NIG-400,Computer hardware and software programme,IT,ES,202408,4072.93,3453.44,USD,COMPLETE
CP-400-202408-01,NIG-400,Leasehold improvements programme,LEASEHOLD,ES,202408,3448.75,3069.72,USD,COMPLETE
CP-400-202409-01,NIG-400,Buildings and improvements programme,BUILDING,ES,202409,10100.99,9209.16,USD,COMPLETE
CP-400-202409-01,NIG-400,Machinery and equipment programme,PLANT,ES,202409,17771.88,17650.89,USD,COMPLETE
CP-400-202409-01,NIG-400,Vehicles programme,VEHICLE,ES,202409,5015.4,4988.3,USD,COMPLETE
CP-400-202409-01,NIG-400,Computer hardware and software programme,IT,ES,202409,3942.97,3453.44,USD,IN_PROGRESS
CP-400-202409-01,NIG-400,Leasehold improvements programme,LEASEHOLD,ES,202409,3301.51,3069.72,USD,COMPLETE
CP-400-202410-01,NIG-400,Buildings and improvements programme,BUILDING,ES,202410,9941.26,9209.16,USD,IN_PROGRESS
CP-400-202410-01,NIG-400,Machinery and equipment programme,PLANT,ES,202410,19441.27,17650.89,USD,COMPLETE
CP-400-202410-01,NIG-400,Vehicles programme,VEHICLE,ES,202410,5696.78,4988.3,USD,COMPLETE
CP-400-202410-01,NIG-400,Computer hardware and software programme,IT,ES,202410,3777.58,3453.44,USD,COMPLETE
CP-400-202410-01,NIG-400,Leasehold improvements programme,LEASEHOLD,ES,202410,3105.43,3069.72,USD,COMPLETE
CP-400-202411-01,NIG-400,Buildings and improvements programme,BUILDING,ES,202411,10771.43,9209.16,USD,COMPLETE
CP-400-202411-01,NIG-400,Machinery and equipment programme,PLANT,ES,202411,17810.05,17650.89,USD,COMPLETE
CP-400-202411-01,NIG-400,Vehicles programme,VEHICLE,ES,202411,5204.63,4988.3,USD,COMPLETE
CP-400-202411-01,NIG-400,Computer hardware and software programme,IT,ES,202411,3846.38,3453.44,USD,COMPLETE
CP-400-202411-01,NIG-400,Leasehold improvements programme,LEASEHOLD,ES,202411,3146.44,3069.72,USD,COMPLETE
CP-400-202412-01,NIG-400,Buildings and improvements programme,BUILDING,ES,202412,10804.44,9209.16,USD,COMPLETE
CP-400-202412-01,NIG-400,Machinery and equipment programme,PLANT,ES,202412,19279.17,17650.89,USD,COMPLETE
CP-400-202412-01,NIG-400,Vehicles programme,VEHICLE,ES,202412,5773.98,4988.3,USD,COMPLETE
CP-400-202412-01,NIG-400,Computer hardware and software programme,IT,ES,202412,3467.76,3453.44,USD,COMPLETE
CP-400-202412-01,NIG-400,Leasehold improvements programme,LEASEHOLD,ES,202412,3512.76,3069.72,USD,IN_PROGRESS
CP-400-202601-01,NIG-400,Buildings and improvements programme,BUILDING,ES,202601,10466.94,9230.87,USD,COMPLETE
CP-400-202601-01,NIG-400,Machinery and equipment programme,PLANT,ES,202601,19371.3,17692.5,USD,COMPLETE
CP-400-202601-01,NIG-400,Vehicles programme,VEHICLE,ES,202601,5330.7,5000.06,USD,COMPLETE
CP-400-202601-01,NIG-400,Computer hardware and software programme,IT,ES,202601,3733.75,3461.58,USD,COMPLETE
CP-400-202601-01,NIG-400,Leasehold improvements programme,LEASEHOLD,ES,202601,3527.19,3076.96,USD,IN_PROGRESS
CP-400-202602-01,NIG-400,Buildings and improvements programme,BUILDING,ES,202602,10858.61,9230.87,USD,COMPLETE
CP-400-202602-01,NIG-400,Machinery and equipment programme,PLANT,ES,202602,18463.86,17692.5,USD,COMPLETE
CP-400-202602-01,NIG-400,Vehicles programme,VEHICLE,ES,202602,5099.39,5000.06,USD,COMPLETE
CP-400-202602-01,NIG-400,Computer hardware and software programme,IT,ES,202602,3838.1,3461.58,USD,COMPLETE
CP-400-202602-01,NIG-400,Leasehold improvements programme,LEASEHOLD,ES,202602,3553.76,3076.96,USD,IN_PROGRESS
CP-400-202603-01,NIG-400,Buildings and improvements programme,BUILDING,ES,202603,10081.82,9230.87,USD,COMPLETE
CP-400-202603-01,NIG-400,Machinery and equipment programme,PLANT,ES,202603,18528.87,17692.5,USD,COMPLETE
CP-400-202603-01,NIG-400,Vehicles programme,VEHICLE,ES,202603,5772.28,5000.06,USD,COMPLETE
CP-400-202603-01,NIG-400,Computer hardware and software programme,IT,ES,202603,3832.35,3461.58,USD,COMPLETE
CP-400-202603-01,NIG-400,Leasehold improvements programme,LEASEHOLD,ES,202603,3591.0,3076.96,USD,COMPLETE
CP-400-202604-01,NIG-400,Buildings and improvements programme,BUILDING,ES,202604,10340.03,9230.87,USD,COMPLETE
CP-400-202604-01,NIG-400,Machinery and equipment programme,PLANT,ES,202604,19339.69,17692.5,USD,COMPLETE
CP-400-202604-01,NIG-400,Vehicles programme,VEHICLE,ES,202604,5287.4,5000.06,USD,COMPLETE
CP-400-202604-01,NIG-400,Computer hardware and software programme,IT,ES,202604,3718.93,3461.58,USD,COMPLETE
CP-400-202604-01,NIG-400,Leasehold improvements programme,LEASEHOLD,ES,202604,3549.6,3076.96,USD,IN_PROGRESS
CP-400-202605-01,NIG-400,Buildings and improvements programme,BUILDING,ES,202605,9415.54,9230.87,USD,COMPLETE
CP-400-202605-01,NIG-400,Machinery and equipment programme,PLANT,ES,202605,20133.43,17692.5,USD,COMPLETE
CP-400-202605-01,NIG-400,Vehicles programme,VEHICLE,ES,202605,5302.93,5000.06,USD,COMPLETE
CP-400-202605-01,NIG-400,Computer hardware and software programme,IT,ES,202605,3789.53,3461.58,USD,COMPLETE
CP-400-202605-01,NIG-400,Leasehold improvements programme,LEASEHOLD,ES,202605,3462.32,3076.96,USD,COMPLETE
CP-400-202606-01,NIG-400,Buildings and improvements programme,BUILDING,ES,202606,10165.99,9230.87,USD,COMPLETE
CP-400-202606-01,NIG-400,Machinery and equipment programme,PLANT,ES,202606,18490.73,17692.5,USD,COMPLETE
CP-400-202606-01,NIG-400,Vehicles programme,VEHICLE,ES,202606,5098.56,5000.06,USD,COMPLETE
CP-400-202606-01,NIG-400,Computer hardware and software programme,IT,ES,202606,3533.23,3461.58,USD,IN_PROGRESS
CP-400-202606-01,NIG-400,Leasehold improvements programme,LEASEHOLD,ES,202606,3279.51,3076.96,USD,COMPLETE
CP-400-202607-01,NIG-400,Buildings and improvements programme,BUILDING,ES,202607,10560.26,9230.87,USD,COMPLETE
CP-400-202607-01,NIG-400,Machinery and equipment programme,PLANT,ES,202607,20716.06,17692.5,USD,COMPLETE
CP-400-202607-01,NIG-400,Vehicles programme,VEHICLE,ES,202607,5524.91,5000.06,USD,IN_PROGRESS
CP-400-202607-01,NIG-400,Computer hardware and software programme,IT,ES,202607,3999.42,3461.58,USD,COMPLETE
CP-400-202607-01,NIG-400,Leasehold improvements programme,LEASEHOLD,ES,202607,3108.66,3076.96,USD,IN_PROGRESS
CP-400-202608-01,NIG-400,Buildings and improvements programme,BUILDING,ES,202608,9324.23,9230.87,USD,COMPLETE
CP-400-202608-01,NIG-400,Machinery and equipment programme,PLANT,ES,202608,18792.0,17692.5,USD,COMPLETE
CP-400-202608-01,NIG-400,Vehicles programme,VEHICLE,ES,202608,5278.02,5000.06,USD,COMPLETE
CP-400-202608-01,NIG-400,Computer hardware and software programme,IT,ES,202608,3726.26,3461.58,USD,COMPLETE
CP-400-202608-01,NIG-400,Leasehold improvements programme,LEASEHOLD,ES,202608,3296.46,3076.96,USD,COMPLETE
CP-410-202407-01,NIG-410,Vehicles programme,VEHICLE,ES,202407,37026.33,35687.04,EUR,COMPLETE
CP-410-202407-01,NIG-410,Computer hardware and software programme,IT,ES,202407,27030.84,24706.41,EUR,COMPLETE
CP-410-202407-01,NIG-410,Leasehold improvements programme,LEASEHOLD,ES,202407,23566.58,21961.26,EUR,COMPLETE
CP-410-202408-01,NIG-410,Vehicles programme,VEHICLE,ES,202408,39807.63,35687.04,EUR,COMPLETE
CP-410-202408-01,NIG-410,Computer hardware and software programme,IT,ES,202408,26147.92,24706.41,EUR,COMPLETE
CP-410-202408-01,NIG-410,Leasehold improvements programme,LEASEHOLD,ES,202408,25212.42,21961.26,EUR,COMPLETE
CP-410-202409-01,NIG-410,Vehicles programme,VEHICLE,ES,202409,37105.42,35687.04,EUR,COMPLETE
CP-410-202409-01,NIG-410,Computer hardware and software programme,IT,ES,202409,25950.51,24706.41,EUR,COMPLETE
CP-410-202409-01,NIG-410,Leasehold improvements programme,LEASEHOLD,ES,202409,23852.13,21961.26,EUR,COMPLETE
CP-410-202410-01,NIG-410,Vehicles programme,VEHICLE,ES,202410,41905.01,35687.04,EUR,COMPLETE
CP-410-202410-01,NIG-410,Computer hardware and software programme,IT,ES,202410,25993.71,24706.41,EUR,COMPLETE
CP-410-202410-01,NIG-410,Leasehold improvements programme,LEASEHOLD,ES,202410,22033.48,21961.26,EUR,COMPLETE
CP-410-202411-01,NIG-410,Vehicles programme,VEHICLE,ES,202411,38024.46,35687.04,EUR,COMPLETE
CP-410-202411-01,NIG-410,Computer hardware and software programme,IT,ES,202411,28829.97,24706.41,EUR,COMPLETE
CP-410-202411-01,NIG-410,Leasehold improvements programme,LEASEHOLD,ES,202411,25012.47,21961.26,EUR,COMPLETE
CP-410-202412-01,NIG-410,Vehicles programme,VEHICLE,ES,202412,37900.01,35687.04,EUR,COMPLETE
CP-410-202412-01,NIG-410,Computer hardware and software programme,IT,ES,202412,26510.11,24706.41,EUR,COMPLETE
CP-410-202412-01,NIG-410,Leasehold improvements programme,LEASEHOLD,ES,202412,25877.89,21961.26,EUR,COMPLETE
CP-410-202501-01,NIG-410,Buildings and improvements programme,BUILDING,ES,202501,34089.78,29723.93,EUR,COMPLETE
CP-410-202501-01,NIG-410,Machinery and equipment programme,PLANT,ES,202501,61329.22,56970.87,EUR,COMPLETE
CP-410-202501-01,NIG-410,Vehicles programme,VEHICLE,ES,202501,16971.49,16100.46,EUR,COMPLETE
CP-410-202501-01,NIG-410,Computer hardware and software programme,IT,ES,202501,11983.49,11146.47,EUR,COMPLETE
CP-410-202501-01,NIG-410,Leasehold improvements programme,LEASEHOLD,ES,202501,10811.92,9907.98,EUR,IN_PROGRESS
CP-410-202502-01,NIG-410,Buildings and improvements programme,BUILDING,ES,202502,31005.26,29723.93,EUR,IN_PROGRESS
CP-410-202502-01,NIG-410,Machinery and equipment programme,PLANT,ES,202502,59396.51,56970.87,EUR,COMPLETE
CP-410-202502-01,NIG-410,Vehicles programme,VEHICLE,ES,202502,17861.58,16100.46,EUR,COMPLETE
CP-410-202502-01,NIG-410,Computer hardware and software programme,IT,ES,202502,12587.05,11146.47,EUR,COMPLETE
CP-410-202502-01,NIG-410,Leasehold improvements programme,LEASEHOLD,ES,202502,10959.12,9907.98,EUR,COMPLETE
CP-410-202503-01,NIG-410,Buildings and improvements programme,BUILDING,ES,202503,33182.97,29723.93,EUR,COMPLETE
CP-410-202503-01,NIG-410,Machinery and equipment programme,PLANT,ES,202503,65507.22,56970.87,EUR,COMPLETE
CP-410-202503-01,NIG-410,Vehicles programme,VEHICLE,ES,202503,16929.43,16100.46,EUR,COMPLETE
CP-410-202503-01,NIG-410,Computer hardware and software programme,IT,ES,202503,11748.38,11146.47,EUR,IN_PROGRESS
CP-410-202503-01,NIG-410,Leasehold improvements programme,LEASEHOLD,ES,202503,10480.77,9907.98,EUR,COMPLETE
CP-410-202504-01,NIG-410,Buildings and improvements programme,BUILDING,ES,202504,33848.96,29723.93,EUR,COMPLETE
CP-410-202504-01,NIG-410,Machinery and equipment programme,PLANT,ES,202504,58348.51,56970.87,EUR,COMPLETE
CP-410-202504-01,NIG-410,Vehicles programme,VEHICLE,ES,202504,16198.49,16100.46,EUR,COMPLETE
CP-410-202504-01,NIG-410,Computer hardware and software programme,IT,ES,202504,12706.64,11146.47,EUR,COMPLETE
CP-410-202504-01,NIG-410,Leasehold improvements programme,LEASEHOLD,ES,202504,11674.19,9907.98,EUR,COMPLETE
CP-410-202505-01,NIG-410,Buildings and improvements programme,BUILDING,ES,202505,34349.53,29723.93,EUR,COMPLETE
CP-410-202505-01,NIG-410,Machinery and equipment programme,PLANT,ES,202505,65723.24,56970.87,EUR,COMPLETE
CP-410-202505-01,NIG-410,Vehicles programme,VEHICLE,ES,202505,18886.81,16100.46,EUR,COMPLETE
CP-410-202505-01,NIG-410,Computer hardware and software programme,IT,ES,202505,11198.88,11146.47,EUR,COMPLETE
CP-410-202505-01,NIG-410,Leasehold improvements programme,LEASEHOLD,ES,202505,11239.7,9907.98,EUR,IN_PROGRESS
CP-410-202506-01,NIG-410,Buildings and improvements programme,BUILDING,ES,202506,34037.3,29723.93,EUR,COMPLETE
CP-410-202506-01,NIG-410,Machinery and equipment programme,PLANT,ES,202506,61722.33,56970.87,EUR,COMPLETE
CP-410-202506-01,NIG-410,Vehicles programme,VEHICLE,ES,202506,16961.52,16100.46,EUR,COMPLETE
CP-410-202506-01,NIG-410,Computer hardware and software programme,IT,ES,202506,12182.51,11146.47,EUR,COMPLETE
CP-410-202506-01,NIG-410,Leasehold improvements programme,LEASEHOLD,ES,202506,10525.45,9907.98,EUR,COMPLETE
CP-410-202507-01,NIG-410,Buildings and improvements programme,BUILDING,ES,202507,31150.54,29723.93,EUR,IN_PROGRESS
CP-410-202507-01,NIG-410,Machinery and equipment programme,PLANT,ES,202507,62485.93,56970.87,EUR,COMPLETE
CP-410-202507-01,NIG-410,Vehicles programme,VEHICLE,ES,202507,18703.85,16100.46,EUR,COMPLETE
CP-410-202507-01,NIG-410,Computer hardware and software programme,IT,ES,202507,11382.69,11146.47,EUR,IN_PROGRESS
CP-410-202507-01,NIG-410,Leasehold improvements programme,LEASEHOLD,ES,202507,11062.58,9907.98,EUR,IN_PROGRESS
CP-410-202508-01,NIG-410,Buildings and improvements programme,BUILDING,ES,202508,32919.91,29723.93,EUR,IN_PROGRESS
CP-410-202508-01,NIG-410,Machinery and equipment programme,PLANT,ES,202508,63004.6,56970.87,EUR,COMPLETE
CP-410-202508-01,NIG-410,Vehicles programme,VEHICLE,ES,202508,17699.68,16100.46,EUR,COMPLETE
CP-410-202508-01,NIG-410,Computer hardware and software programme,IT,ES,202508,12423.97,11146.47,EUR,COMPLETE
CP-410-202508-01,NIG-410,Leasehold improvements programme,LEASEHOLD,ES,202508,11580.91,9907.98,EUR,COMPLETE
CP-410-202509-01,NIG-410,Buildings and improvements programme,BUILDING,ES,202509,31480.48,29723.93,EUR,COMPLETE
CP-410-202509-01,NIG-410,Machinery and equipment programme,PLANT,ES,202509,63543.75,56970.87,EUR,COMPLETE
CP-410-202509-01,NIG-410,Vehicles programme,VEHICLE,ES,202509,18559.49,16100.46,EUR,COMPLETE
CP-410-202509-01,NIG-410,Computer hardware and software programme,IT,ES,202509,11589.49,11146.47,EUR,COMPLETE
CP-410-202509-01,NIG-410,Leasehold improvements programme,LEASEHOLD,ES,202509,10588.05,9907.98,EUR,COMPLETE
CP-410-202510-01,NIG-410,Buildings and improvements programme,BUILDING,ES,202510,30077.44,29723.93,EUR,COMPLETE
CP-410-202510-01,NIG-410,Machinery and equipment programme,PLANT,ES,202510,62667.28,56970.87,EUR,COMPLETE
CP-410-202510-01,NIG-410,Vehicles programme,VEHICLE,ES,202510,17888.63,16100.46,EUR,COMPLETE
CP-410-202510-01,NIG-410,Computer hardware and software programme,IT,ES,202510,12279.57,11146.47,EUR,COMPLETE
CP-410-202510-01,NIG-410,Leasehold improvements programme,LEASEHOLD,ES,202510,11435.07,9907.98,EUR,COMPLETE
CP-410-202511-01,NIG-410,Buildings and improvements programme,BUILDING,ES,202511,32272.92,29723.93,EUR,COMPLETE
CP-410-202511-01,NIG-410,Machinery and equipment programme,PLANT,ES,202511,62719.06,56970.87,EUR,COMPLETE
CP-410-202511-01,NIG-410,Vehicles programme,VEHICLE,ES,202511,16224.63,16100.46,EUR,COMPLETE
CP-410-202511-01,NIG-410,Computer hardware and software programme,IT,ES,202511,12922.98,11146.47,EUR,COMPLETE
CP-410-202511-01,NIG-410,Leasehold improvements programme,LEASEHOLD,ES,202511,11337.05,9907.98,EUR,COMPLETE
CP-410-202512-01,NIG-410,Buildings and improvements programme,BUILDING,ES,202512,34991.67,29723.93,EUR,COMPLETE
CP-410-202512-01,NIG-410,Machinery and equipment programme,PLANT,ES,202512,61835.66,56970.87,EUR,COMPLETE
CP-410-202512-01,NIG-410,Vehicles programme,VEHICLE,ES,202512,16482.57,16100.46,EUR,COMPLETE
CP-410-202512-01,NIG-410,Computer hardware and software programme,IT,ES,202512,12851.08,11146.47,EUR,COMPLETE
CP-410-202512-01,NIG-410,Leasehold improvements programme,LEASEHOLD,ES,202512,9981.61,9907.98,EUR,COMPLETE
CP-410-202601-01,NIG-410,Buildings and improvements programme,BUILDING,ES,202601,8962.1,8757.4,EUR,COMPLETE
CP-410-202601-01,NIG-410,Machinery and equipment programme,PLANT,ES,202601,17072.91,16785.01,EUR,COMPLETE
CP-410-202601-01,NIG-410,Vehicles programme,VEHICLE,ES,202601,5400.85,4743.59,EUR,COMPLETE
CP-410-202601-01,NIG-410,Computer hardware and software programme,IT,ES,202601,3421.69,3284.02,EUR,COMPLETE
CP-410-202601-01,NIG-410,Leasehold improvements programme,LEASEHOLD,ES,202601,3225.56,2919.13,EUR,COMPLETE
CP-410-202602-01,NIG-410,Buildings and improvements programme,BUILDING,ES,202602,10191.2,8757.4,EUR,COMPLETE
CP-410-202602-01,NIG-410,Machinery and equipment programme,PLANT,ES,202602,17453.47,16785.01,EUR,COMPLETE
CP-410-202602-01,NIG-410,Vehicles programme,VEHICLE,ES,202602,4894.79,4743.59,EUR,IN_PROGRESS
CP-410-202602-01,NIG-410,Computer hardware and software programme,IT,ES,202602,3608.09,3284.02,EUR,COMPLETE
CP-410-202602-01,NIG-410,Leasehold improvements programme,LEASEHOLD,ES,202602,3063.71,2919.13,EUR,COMPLETE
CP-410-202603-01,NIG-410,Buildings and improvements programme,BUILDING,ES,202603,9592.18,8757.4,EUR,COMPLETE
CP-410-202603-01,NIG-410,Machinery and equipment programme,PLANT,ES,202603,18808.47,16785.01,EUR,COMPLETE
CP-410-202603-01,NIG-410,Vehicles programme,VEHICLE,ES,202603,4762.97,4743.59,EUR,COMPLETE
CP-410-202603-01,NIG-410,Computer hardware and software programme,IT,ES,202603,3549.18,3284.02,EUR,COMPLETE
CP-410-202603-01,NIG-410,Leasehold improvements programme,LEASEHOLD,ES,202603,3189.05,2919.13,EUR,COMPLETE
CP-410-202604-01,NIG-410,Buildings and improvements programme,BUILDING,ES,202604,9516.62,8757.4,EUR,COMPLETE
CP-410-202604-01,NIG-410,Machinery and equipment programme,PLANT,ES,202604,19491.38,16785.01,EUR,COMPLETE
CP-410-202604-01,NIG-410,Vehicles programme,VEHICLE,ES,202604,5227.56,4743.59,EUR,COMPLETE
CP-410-202604-01,NIG-410,Computer hardware and software programme,IT,ES,202604,3753.72,3284.02,EUR,COMPLETE
CP-410-202604-01,NIG-410,Leasehold improvements programme,LEASEHOLD,ES,202604,3321.76,2919.13,EUR,COMPLETE
CP-410-202605-01,NIG-410,Buildings and improvements programme,BUILDING,ES,202605,9975.22,8757.4,EUR,IN_PROGRESS
CP-410-202605-01,NIG-410,Machinery and equipment programme,PLANT,ES,202605,19623.96,16785.01,EUR,COMPLETE
CP-410-202605-01,NIG-410,Vehicles programme,VEHICLE,ES,202605,5142.86,4743.59,EUR,COMPLETE
CP-410-202605-01,NIG-410,Computer hardware and software programme,IT,ES,202605,3474.48,3284.02,EUR,COMPLETE
CP-410-202605-01,NIG-410,Leasehold improvements programme,LEASEHOLD,ES,202605,3121.68,2919.13,EUR,IN_PROGRESS
CP-410-202606-01,NIG-410,Buildings and improvements programme,BUILDING,ES,202606,9841.01,8757.4,EUR,COMPLETE
CP-410-202606-01,NIG-410,Machinery and equipment programme,PLANT,ES,202606,19611.33,16785.01,EUR,COMPLETE
CP-410-202606-01,NIG-410,Vehicles programme,VEHICLE,ES,202606,4814.84,4743.59,EUR,COMPLETE
CP-410-202606-01,NIG-410,Computer hardware and software programme,IT,ES,202606,3482.07,3284.02,EUR,IN_PROGRESS
CP-410-202606-01,NIG-410,Leasehold improvements programme,LEASEHOLD,ES,202606,3232.57,2919.13,EUR,COMPLETE
CP-410-202607-01,NIG-410,Buildings and improvements programme,BUILDING,ES,202607,9151.83,8757.4,EUR,IN_PROGRESS
CP-410-202607-01,NIG-410,Machinery and equipment programme,PLANT,ES,202607,18580.24,16785.01,EUR,COMPLETE
CP-410-202607-01,NIG-410,Vehicles programme,VEHICLE,ES,202607,5542.19,4743.59,EUR,COMPLETE
CP-410-202607-01,NIG-410,Computer hardware and software programme,IT,ES,202607,3449.66,3284.02,EUR,COMPLETE
CP-410-202607-01,NIG-410,Leasehold improvements programme,LEASEHOLD,ES,202607,3101.74,2919.13,EUR,COMPLETE
CP-410-202608-01,NIG-410,Buildings and improvements programme,BUILDING,ES,202608,9453.33,8757.4,EUR,COMPLETE
CP-410-202608-01,NIG-410,Machinery and equipment programme,PLANT,ES,202608,18051.1,16785.01,EUR,COMPLETE
CP-410-202608-01,NIG-410,Vehicles programme,VEHICLE,ES,202608,5267.3,4743.59,EUR,COMPLETE
CP-410-202608-01,NIG-410,Computer hardware and software programme,IT,ES,202608,3417.42,3284.02,EUR,IN_PROGRESS
CP-410-202608-01,NIG-410,Leasehold improvements programme,LEASEHOLD,ES,202608,3306.18,2919.13,EUR,COMPLETE
CP-500-202301-01,NIG-500,Buildings and improvements programme,BUILDING,AM,202301,5564.95,5292.32,USD,COMPLETE
CP-500-202301-01,NIG-500,Machinery and equipment programme,PLANT,AM,202301,11777.26,10143.62,USD,COMPLETE
CP-500-202301-01,NIG-500,Vehicles programme,VEHICLE,AM,202301,2954.83,2866.67,USD,COMPLETE
CP-500-202301-01,NIG-500,Computer hardware and software programme,IT,AM,202301,2055.54,1984.62,USD,COMPLETE
CP-500-202301-01,NIG-500,Leasehold improvements programme,LEASEHOLD,AM,202301,1970.7,1764.11,USD,IN_PROGRESS
CP-500-202302-01,NIG-500,Buildings and improvements programme,BUILDING,AM,202302,6191.53,5292.32,USD,COMPLETE
CP-500-202302-01,NIG-500,Machinery and equipment programme,PLANT,AM,202302,11824.23,10143.62,USD,COMPLETE
CP-500-202302-01,NIG-500,Vehicles programme,VEHICLE,AM,202302,2947.44,2866.67,USD,IN_PROGRESS
CP-500-202302-01,NIG-500,Computer hardware and software programme,IT,AM,202302,2042.37,1984.62,USD,COMPLETE
CP-500-202302-01,NIG-500,Leasehold improvements programme,LEASEHOLD,AM,202302,1815.81,1764.11,USD,COMPLETE
CP-500-202303-01,NIG-500,Buildings and improvements programme,BUILDING,AM,202303,5356.24,5292.32,USD,IN_PROGRESS
CP-500-202303-01,NIG-500,Machinery and equipment programme,PLANT,AM,202303,10434.25,10143.62,USD,COMPLETE
CP-500-202303-01,NIG-500,Vehicles programme,VEHICLE,AM,202303,3001.02,2866.67,USD,COMPLETE
CP-500-202303-01,NIG-500,Computer hardware and software programme,IT,AM,202303,2238.02,1984.62,USD,COMPLETE
CP-500-202303-01,NIG-500,Leasehold improvements programme,LEASEHOLD,AM,202303,1960.48,1764.11,USD,COMPLETE
CP-500-202304-01,NIG-500,Buildings and improvements programme,BUILDING,AM,202304,5524.94,5292.32,USD,COMPLETE
CP-500-202304-01,NIG-500,Machinery and equipment programme,PLANT,AM,202304,10879.62,10143.62,USD,COMPLETE
CP-500-202304-01,NIG-500,Vehicles programme,VEHICLE,AM,202304,3116.3,2866.67,USD,COMPLETE
CP-500-202304-01,NIG-500,Computer hardware and software programme,IT,AM,202304,1988.03,1984.62,USD,COMPLETE
CP-500-202304-01,NIG-500,Leasehold improvements programme,LEASEHOLD,AM,202304,2060.68,1764.11,USD,COMPLETE
CP-500-202305-01,NIG-500,Buildings and improvements programme,BUILDING,AM,202305,5347.75,5292.32,USD,COMPLETE
CP-500-202305-01,NIG-500,Machinery and equipment programme,PLANT,AM,202305,10950.6,10143.62,USD,COMPLETE
CP-500-202305-01,NIG-500,Vehicles programme,VEHICLE,AM,202305,3233.1,2866.67,USD,COMPLETE
CP-500-202305-01,NIG-500,Computer hardware and software programme,IT,AM,202305,2253.36,1984.62,USD,COMPLETE
CP-500-202305-01,NIG-500,Leasehold improvements programme,LEASEHOLD,AM,202305,1888.69,1764.11,USD,COMPLETE
CP-500-202306-01,NIG-500,Buildings and improvements programme,BUILDING,AM,202306,6033.86,5292.32,USD,IN_PROGRESS
CP-500-202306-01,NIG-500,Machinery and equipment programme,PLANT,AM,202306,11501.32,10143.62,USD,COMPLETE
CP-500-202306-01,NIG-500,Vehicles programme,VEHICLE,AM,202306,3327.69,2866.67,USD,COMPLETE
CP-500-202306-01,NIG-500,Computer hardware and software programme,IT,AM,202306,2284.32,1984.62,USD,COMPLETE
CP-500-202306-01,NIG-500,Leasehold improvements programme,LEASEHOLD,AM,202306,1903.25,1764.11,USD,COMPLETE
CP-500-202307-01,NIG-500,Buildings and improvements programme,BUILDING,AM,202307,5619.36,5292.32,USD,COMPLETE
CP-500-202307-01,NIG-500,Machinery and equipment programme,PLANT,AM,202307,11386.19,10143.62,USD,COMPLETE
CP-500-202307-01,NIG-500,Vehicles programme,VEHICLE,AM,202307,3068.85,2866.67,USD,IN_PROGRESS
CP-500-202307-01,NIG-500,Computer hardware and software programme,IT,AM,202307,2246.76,1984.62,USD,COMPLETE
CP-500-202307-01,NIG-500,Leasehold improvements programme,LEASEHOLD,AM,202307,2029.57,1764.11,USD,COMPLETE
CP-500-202308-01,NIG-500,Buildings and improvements programme,BUILDING,AM,202308,6087.06,5292.32,USD,COMPLETE
CP-500-202308-01,NIG-500,Machinery and equipment programme,PLANT,AM,202308,11881.08,10143.62,USD,COMPLETE
CP-500-202308-01,NIG-500,Vehicles programme,VEHICLE,AM,202308,3243.1,2866.67,USD,COMPLETE
CP-500-202308-01,NIG-500,Computer hardware and software programme,IT,AM,202308,2095.41,1984.62,USD,COMPLETE
CP-500-202308-01,NIG-500,Leasehold improvements programme,LEASEHOLD,AM,202308,1961.09,1764.11,USD,IN_PROGRESS
CP-500-202309-01,NIG-500,Buildings and improvements programme,BUILDING,AM,202309,5428.68,5292.32,USD,COMPLETE
CP-500-202309-01,NIG-500,Machinery and equipment programme,PLANT,AM,202309,10159.81,10143.62,USD,COMPLETE
CP-500-202309-01,NIG-500,Vehicles programme,VEHICLE,AM,202309,2910.85,2866.67,USD,COMPLETE
CP-500-202309-01,NIG-500,Computer hardware and software programme,IT,AM,202309,2277.12,1984.62,USD,COMPLETE
CP-500-202309-01,NIG-500,Leasehold improvements programme,LEASEHOLD,AM,202309,2065.49,1764.11,USD,COMPLETE
CP-500-202310-01,NIG-500,Buildings and improvements programme,BUILDING,AM,202310,5495.26,5292.32,USD,COMPLETE
CP-500-202310-01,NIG-500,Machinery and equipment programme,PLANT,AM,202310,11298.22,10143.62,USD,COMPLETE
CP-500-202310-01,NIG-500,Vehicles programme,VEHICLE,AM,202310,3172.05,2866.67,USD,COMPLETE
CP-500-202310-01,NIG-500,Computer hardware and software programme,IT,AM,202310,2218.54,1984.62,USD,COMPLETE
CP-500-202310-01,NIG-500,Leasehold improvements programme,LEASEHOLD,AM,202310,1939.57,1764.11,USD,IN_PROGRESS
CP-500-202311-01,NIG-500,Buildings and improvements programme,BUILDING,AM,202311,5922.86,5292.32,USD,COMPLETE
CP-500-202311-01,NIG-500,Machinery and equipment programme,PLANT,AM,202311,11856.09,10143.62,USD,COMPLETE
CP-500-202311-01,NIG-500,Vehicles programme,VEHICLE,AM,202311,3003.71,2866.67,USD,COMPLETE
CP-500-202311-01,NIG-500,Computer hardware and software programme,IT,AM,202311,2306.79,1984.62,USD,COMPLETE
CP-500-202311-01,NIG-500,Leasehold improvements programme,LEASEHOLD,AM,202311,1880.61,1764.11,USD,COMPLETE
CP-500-202312-01,NIG-500,Buildings and improvements programme,BUILDING,AM,202312,5877.25,5292.32,USD,COMPLETE
CP-500-202312-01,NIG-500,Machinery and equipment programme,PLANT,AM,202312,11845.66,10143.62,USD,COMPLETE
CP-500-202312-01,NIG-500,Vehicles programme,VEHICLE,AM,202312,3128.38,2866.67,USD,IN_PROGRESS
CP-500-202312-01,NIG-500,Computer hardware and software programme,IT,AM,202312,2017.02,1984.62,USD,COMPLETE
CP-500-202312-01,NIG-500,Leasehold improvements programme,LEASEHOLD,AM,202312,1780.54,1764.11,USD,COMPLETE
CP-500-202401-01,NIG-500,Buildings and improvements programme,BUILDING,AM,202401,10574.82,10119.1,USD,COMPLETE
CP-500-202401-01,NIG-500,Machinery and equipment programme,PLANT,AM,202401,20957.47,19394.94,USD,COMPLETE
CP-500-202401-01,NIG-500,Vehicles programme,VEHICLE,AM,202401,6112.62,5481.18,USD,COMPLETE
CP-500-202401-01,NIG-500,Computer hardware and software programme,IT,AM,202401,4296.58,3794.66,USD,COMPLETE
CP-500-202401-01,NIG-500,Leasehold improvements programme,LEASEHOLD,AM,202401,3875.09,3373.03,USD,COMPLETE
CP-500-202402-01,NIG-500,Buildings and improvements programme,BUILDING,AM,202402,11099.53,10119.1,USD,IN_PROGRESS
CP-500-202402-01,NIG-500,Machinery and equipment programme,PLANT,AM,202402,22682.78,19394.94,USD,COMPLETE
CP-500-202402-01,NIG-500,Vehicles programme,VEHICLE,AM,202402,5707.89,5481.18,USD,COMPLETE
CP-500-202402-01,NIG-500,Computer hardware and software programme,IT,AM,202402,4275.61,3794.66,USD,COMPLETE
CP-500-202402-01,NIG-500,Leasehold improvements programme,LEASEHOLD,AM,202402,3775.44,3373.03,USD,COMPLETE
CP-500-202403-01,NIG-500,Buildings and improvements programme,BUILDING,AM,202403,11760.66,10119.1,USD,COMPLETE
CP-500-202403-01,NIG-500,Machinery and equipment programme,PLANT,AM,202403,21699.41,19394.94,USD,IN_PROGRESS
CP-500-202403-01,NIG-500,Vehicles programme,VEHICLE,AM,202403,6309.41,5481.18,USD,COMPLETE
CP-500-202403-01,NIG-500,Computer hardware and software programme,IT,AM,202403,3996.2,3794.66,USD,COMPLETE
CP-500-202403-01,NIG-500,Leasehold improvements programme,LEASEHOLD,AM,202403,3867.84,3373.03,USD,COMPLETE
CP-500-202404-01,NIG-500,Buildings and improvements programme,BUILDING,AM,202404,11210.01,10119.1,USD,COMPLETE
CP-500-202404-01,NIG-500,Machinery and equipment programme,PLANT,AM,202404,19468.53,19394.94,USD,COMPLETE
CP-500-202404-01,NIG-500,Vehicles programme,VEHICLE,AM,202404,5914.2,5481.18,USD,IN_PROGRESS
CP-500-202404-01,NIG-500,Computer hardware and software programme,IT,AM,202404,4304.93,3794.66,USD,COMPLETE
CP-500-202404-01,NIG-500,Leasehold improvements programme,LEASEHOLD,AM,202404,3640.79,3373.03,USD,COMPLETE
CP-500-202405-01,NIG-500,Buildings and improvements programme,BUILDING,AM,202405,11032.55,10119.1,USD,IN_PROGRESS
CP-500-202405-01,NIG-500,Machinery and equipment programme,PLANT,AM,202405,20901.97,19394.94,USD,COMPLETE
CP-500-202405-01,NIG-500,Vehicles programme,VEHICLE,AM,202405,6299.78,5481.18,USD,COMPLETE
CP-500-202405-01,NIG-500,Computer hardware and software programme,IT,AM,202405,4327.86,3794.66,USD,COMPLETE
CP-500-202405-01,NIG-500,Leasehold improvements programme,LEASEHOLD,AM,202405,3634.36,3373.03,USD,COMPLETE
CP-500-202406-01,NIG-500,Buildings and improvements programme,BUILDING,AM,202406,10929.99,10119.1,USD,COMPLETE
CP-500-202406-01,NIG-500,Machinery and equipment programme,PLANT,AM,202406,21948.8,19394.94,USD,COMPLETE
CP-500-202406-01,NIG-500,Vehicles programme,VEHICLE,AM,202406,6459.9,5481.18,USD,COMPLETE
CP-500-202406-01,NIG-500,Computer hardware and software programme,IT,AM,202406,4143.87,3794.66,USD,COMPLETE
CP-500-202406-01,NIG-500,Leasehold improvements programme,LEASEHOLD,AM,202406,3475.95,3373.03,USD,COMPLETE
CP-500-202407-01,NIG-500,Buildings and improvements programme,BUILDING,AM,202407,10916.14,10119.1,USD,COMPLETE
CP-500-202407-01,NIG-500,Machinery and equipment programme,PLANT,AM,202407,20403.28,19394.94,USD,COMPLETE
CP-500-202407-01,NIG-500,Vehicles programme,VEHICLE,AM,202407,5515.89,5481.18,USD,COMPLETE
CP-500-202407-01,NIG-500,Computer hardware and software programme,IT,AM,202407,3811.85,3794.66,USD,COMPLETE
CP-500-202407-01,NIG-500,Leasehold improvements programme,LEASEHOLD,AM,202407,3703.63,3373.03,USD,IN_PROGRESS
CP-500-202408-01,NIG-500,Buildings and improvements programme,BUILDING,AM,202408,10259.84,10119.1,USD,COMPLETE
CP-500-202408-01,NIG-500,Machinery and equipment programme,PLANT,AM,202408,20868.51,19394.94,USD,COMPLETE
CP-500-202408-01,NIG-500,Vehicles programme,VEHICLE,AM,202408,6451.03,5481.18,USD,COMPLETE
CP-500-202408-01,NIG-500,Computer hardware and software programme,IT,AM,202408,4022.97,3794.66,USD,COMPLETE
CP-500-202408-01,NIG-500,Leasehold improvements programme,LEASEHOLD,AM,202408,3442.2,3373.03,USD,COMPLETE
CP-500-202409-01,NIG-500,Buildings and improvements programme,BUILDING,AM,202409,11834.06,10119.1,USD,COMPLETE
CP-500-202409-01,NIG-500,Machinery and equipment programme,PLANT,AM,202409,21318.44,19394.94,USD,COMPLETE
CP-500-202409-01,NIG-500,Vehicles programme,VEHICLE,AM,202409,6146.95,5481.18,USD,COMPLETE
CP-500-202409-01,NIG-500,Computer hardware and software programme,IT,AM,202409,4285.11,3794.66,USD,COMPLETE
CP-500-202409-01,NIG-500,Leasehold improvements programme,LEASEHOLD,AM,202409,3969.57,3373.03,USD,COMPLETE
CP-500-202410-01,NIG-500,Buildings and improvements programme,BUILDING,AM,202410,10914.15,10119.1,USD,COMPLETE
CP-500-202410-01,NIG-500,Machinery and equipment programme,PLANT,AM,202410,20010.74,19394.94,USD,COMPLETE
CP-500-202410-01,NIG-500,Vehicles programme,VEHICLE,AM,202410,6383.14,5481.18,USD,COMPLETE
CP-500-202410-01,NIG-500,Computer hardware and software programme,IT,AM,202410,3847.99,3794.66,USD,COMPLETE
CP-500-202410-01,NIG-500,Leasehold improvements programme,LEASEHOLD,AM,202410,3472.29,3373.03,USD,COMPLETE
CP-500-202411-01,NIG-500,Buildings and improvements programme,BUILDING,AM,202411,11002.57,10119.1,USD,COMPLETE
CP-500-202411-01,NIG-500,Machinery and equipment programme,PLANT,AM,202411,19643.33,19394.94,USD,COMPLETE
CP-500-202411-01,NIG-500,Vehicles programme,VEHICLE,AM,202411,5583.89,5481.18,USD,COMPLETE
CP-500-202411-01,NIG-500,Computer hardware and software programme,IT,AM,202411,4223.44,3794.66,USD,COMPLETE
CP-500-202411-01,NIG-500,Leasehold improvements programme,LEASEHOLD,AM,202411,3706.18,3373.03,USD,COMPLETE
CP-500-202412-01,NIG-500,Buildings and improvements programme,BUILDING,AM,202412,10554.08,10119.1,USD,COMPLETE
CP-500-202412-01,NIG-500,Machinery and equipment programme,PLANT,AM,202412,19564.45,19394.94,USD,COMPLETE
CP-500-202412-01,NIG-500,Vehicles programme,VEHICLE,AM,202412,6221.22,5481.18,USD,COMPLETE
CP-500-202412-01,NIG-500,Computer hardware and software programme,IT,AM,202412,3803.33,3794.66,USD,COMPLETE
CP-500-202412-01,NIG-500,Leasehold improvements programme,LEASEHOLD,AM,202412,3713.79,3373.03,USD,COMPLETE
CP-500-202501-01,NIG-500,Buildings and improvements programme,BUILDING,AM,202501,9496.29,9348.13,USD,IN_PROGRESS
CP-500-202501-01,NIG-500,Machinery and equipment programme,PLANT,AM,202501,18461.82,17917.25,USD,COMPLETE
CP-500-202501-01,NIG-500,Vehicles programme,VEHICLE,AM,202501,5658.79,5063.57,USD,COMPLETE
CP-500-202501-01,NIG-500,Computer hardware and software programme,IT,AM,202501,3709.83,3505.55,USD,COMPLETE
CP-500-202501-01,NIG-500,Leasehold improvements programme,LEASEHOLD,AM,202501,3563.18,3116.04,USD,COMPLETE
CP-500-202502-01,NIG-500,Buildings and improvements programme,BUILDING,AM,202502,10915.37,9348.13,USD,COMPLETE
CP-500-202502-01,NIG-500,Machinery and equipment programme,PLANT,AM,202502,20357.42,17917.25,USD,COMPLETE
CP-500-202502-01,NIG-500,Vehicles programme,VEHICLE,AM,202502,5912.13,5063.57,USD,COMPLETE
CP-500-202502-01,NIG-500,Computer hardware and software programme,IT,AM,202502,3909.35,3505.55,USD,COMPLETE
CP-500-202502-01,NIG-500,Leasehold improvements programme,LEASEHOLD,AM,202502,3390.74,3116.04,USD,COMPLETE
CP-500-202503-01,NIG-500,Buildings and improvements programme,BUILDING,AM,202503,10521.16,9348.13,USD,COMPLETE
CP-500-202503-01,NIG-500,Machinery and equipment programme,PLANT,AM,202503,18984.74,17917.25,USD,COMPLETE
CP-500-202503-01,NIG-500,Vehicles programme,VEHICLE,AM,202503,5549.59,5063.57,USD,IN_PROGRESS
CP-500-202503-01,NIG-500,Computer hardware and software programme,IT,AM,202503,4053.01,3505.55,USD,COMPLETE
CP-500-202503-01,NIG-500,Leasehold improvements programme,LEASEHOLD,AM,202503,3554.4,3116.04,USD,COMPLETE
CP-500-202504-01,NIG-500,Buildings and improvements programme,BUILDING,AM,202504,10947.54,9348.13,USD,COMPLETE
CP-500-202504-01,NIG-500,Machinery and equipment programme,PLANT,AM,202504,18949.05,17917.25,USD,COMPLETE
CP-500-202504-01,NIG-500,Vehicles programme,VEHICLE,AM,202504,5825.06,5063.57,USD,COMPLETE
CP-500-202504-01,NIG-500,Computer hardware and software programme,IT,AM,202504,4099.22,3505.55,USD,COMPLETE
CP-500-202504-01,NIG-500,Leasehold improvements programme,LEASEHOLD,AM,202504,3501.05,3116.04,USD,IN_PROGRESS
CP-500-202505-01,NIG-500,Buildings and improvements programme,BUILDING,AM,202505,10854.66,9348.13,USD,COMPLETE
CP-500-202505-01,NIG-500,Machinery and equipment programme,PLANT,AM,202505,19663.12,17917.25,USD,COMPLETE
CP-500-202505-01,NIG-500,Vehicles programme,VEHICLE,AM,202505,5116.24,5063.57,USD,COMPLETE
CP-500-202505-01,NIG-500,Computer hardware and software programme,IT,AM,202505,3960.23,3505.55,USD,COMPLETE
CP-500-202505-01,NIG-500,Leasehold improvements programme,LEASEHOLD,AM,202505,3581.46,3116.04,USD,COMPLETE
CP-500-202506-01,NIG-500,Buildings and improvements programme,BUILDING,AM,202506,9392.61,9348.13,USD,COMPLETE
CP-500-202506-01,NIG-500,Machinery and equipment programme,PLANT,AM,202506,20671.63,17917.25,USD,COMPLETE
CP-500-202506-01,NIG-500,Vehicles programme,VEHICLE,AM,202506,5613.77,5063.57,USD,IN_PROGRESS
CP-500-202506-01,NIG-500,Computer hardware and software programme,IT,AM,202506,3910.13,3505.55,USD,COMPLETE
CP-500-202506-01,NIG-500,Leasehold improvements programme,LEASEHOLD,AM,202506,3360.13,3116.04,USD,COMPLETE
CP-500-202507-01,NIG-500,Buildings and improvements programme,BUILDING,AM,202507,10484.28,9348.13,USD,IN_PROGRESS
CP-500-202507-01,NIG-500,Machinery and equipment programme,PLANT,AM,202507,19959.3,17917.25,USD,COMPLETE
CP-500-202507-01,NIG-500,Vehicles programme,VEHICLE,AM,202507,5847.62,5063.57,USD,COMPLETE
CP-500-202507-01,NIG-500,Computer hardware and software programme,IT,AM,202507,3526.63,3505.55,USD,COMPLETE
CP-500-202507-01,NIG-500,Leasehold improvements programme,LEASEHOLD,AM,202507,3373.82,3116.04,USD,IN_PROGRESS
CP-500-202508-01,NIG-500,Buildings and improvements programme,BUILDING,AM,202508,10242.02,9348.13,USD,COMPLETE
CP-500-202508-01,NIG-500,Machinery and equipment programme,PLANT,AM,202508,18025.53,17917.25,USD,COMPLETE
CP-500-202508-01,NIG-500,Vehicles programme,VEHICLE,AM,202508,5860.07,5063.57,USD,COMPLETE
CP-500-202508-01,NIG-500,Computer hardware and software programme,IT,AM,202508,3704.87,3505.55,USD,COMPLETE
CP-500-202508-01,NIG-500,Leasehold improvements programme,LEASEHOLD,AM,202508,3581.84,3116.04,USD,COMPLETE
CP-500-202509-01,NIG-500,Buildings and improvements programme,BUILDING,AM,202509,10600.48,9348.13,USD,COMPLETE
CP-500-202509-01,NIG-500,Machinery and equipment programme,PLANT,AM,202509,20271.46,17917.25,USD,COMPLETE
CP-500-202509-01,NIG-500,Vehicles programme,VEHICLE,AM,202509,5114.59,5063.57,USD,COMPLETE
CP-500-202509-01,NIG-500,Computer hardware and software programme,IT,AM,202509,3864.37,3505.55,USD,COMPLETE
CP-500-202509-01,NIG-500,Leasehold improvements programme,LEASEHOLD,AM,202509,3198.92,3116.04,USD,COMPLETE
CP-500-202510-01,NIG-500,Buildings and improvements programme,BUILDING,AM,202510,9672.44,9348.13,USD,COMPLETE
CP-500-202510-01,NIG-500,Machinery and equipment programme,PLANT,AM,202510,20519.73,17917.25,USD,COMPLETE
CP-500-202510-01,NIG-500,Vehicles programme,VEHICLE,AM,202510,5339.52,5063.57,USD,IN_PROGRESS
CP-500-202510-01,NIG-500,Computer hardware and software programme,IT,AM,202510,4102.34,3505.55,USD,COMPLETE
CP-500-202510-01,NIG-500,Leasehold improvements programme,LEASEHOLD,AM,202510,3135.56,3116.04,USD,COMPLETE
CP-500-202511-01,NIG-500,Buildings and improvements programme,BUILDING,AM,202511,10570.0,9348.13,USD,COMPLETE
CP-500-202511-01,NIG-500,Machinery and equipment programme,PLANT,AM,202511,19447.92,17917.25,USD,COMPLETE
CP-500-202511-01,NIG-500,Vehicles programme,VEHICLE,AM,202511,5596.43,5063.57,USD,COMPLETE
CP-500-202511-01,NIG-500,Computer hardware and software programme,IT,AM,202511,3546.45,3505.55,USD,COMPLETE
CP-500-202511-01,NIG-500,Leasehold improvements programme,LEASEHOLD,AM,202511,3273.71,3116.04,USD,COMPLETE
CP-500-202512-01,NIG-500,Buildings and improvements programme,BUILDING,AM,202512,9816.16,9348.13,USD,COMPLETE
CP-500-202512-01,NIG-500,Machinery and equipment programme,PLANT,AM,202512,20034.15,17917.25,USD,COMPLETE
CP-500-202512-01,NIG-500,Vehicles programme,VEHICLE,AM,202512,5135.44,5063.57,USD,COMPLETE
CP-500-202512-01,NIG-500,Computer hardware and software programme,IT,AM,202512,4020.76,3505.55,USD,COMPLETE
CP-500-202512-01,NIG-500,Leasehold improvements programme,LEASEHOLD,AM,202512,3127.82,3116.04,USD,IN_PROGRESS
CP-500-202601-01,NIG-500,Buildings and improvements programme,BUILDING,AM,202601,13312.0,12305.9,USD,COMPLETE
CP-500-202601-01,NIG-500,Machinery and equipment programme,PLANT,AM,202601,27025.86,23586.31,USD,COMPLETE
CP-500-202601-01,NIG-500,Vehicles programme,VEHICLE,AM,202601,7333.28,6665.7,USD,COMPLETE
CP-500-202601-01,NIG-500,Computer hardware and software programme,IT,AM,202601,4928.56,4614.71,USD,COMPLETE
CP-500-202601-01,NIG-500,Leasehold improvements programme,LEASEHOLD,AM,202601,4593.53,4101.97,USD,COMPLETE
CP-500-202602-01,NIG-500,Buildings and improvements programme,BUILDING,AM,202602,14517.09,12305.9,USD,COMPLETE
CP-500-202602-01,NIG-500,Machinery and equipment programme,PLANT,AM,202602,27036.75,23586.31,USD,COMPLETE
CP-500-202602-01,NIG-500,Vehicles programme,VEHICLE,AM,202602,7864.84,6665.7,USD,IN_PROGRESS
CP-500-202602-01,NIG-500,Computer hardware and software programme,IT,AM,202602,5096.06,4614.71,USD,COMPLETE
CP-500-202602-01,NIG-500,Leasehold improvements programme,LEASEHOLD,AM,202602,4257.72,4101.97,USD,COMPLETE
CP-500-202603-01,NIG-500,Buildings and improvements programme,BUILDING,AM,202603,14005.88,12305.9,USD,COMPLETE
CP-500-202603-01,NIG-500,Machinery and equipment programme,PLANT,AM,202603,26668.25,23586.31,USD,COMPLETE
CP-500-202603-01,NIG-500,Vehicles programme,VEHICLE,AM,202603,6686.82,6665.7,USD,COMPLETE
CP-500-202603-01,NIG-500,Computer hardware and software programme,IT,AM,202603,4789.54,4614.71,USD,IN_PROGRESS
CP-500-202603-01,NIG-500,Leasehold improvements programme,LEASEHOLD,AM,202603,4173.46,4101.97,USD,COMPLETE
CP-500-202604-01,NIG-500,Buildings and improvements programme,BUILDING,AM,202604,14381.54,12305.9,USD,IN_PROGRESS
CP-500-202604-01,NIG-500,Machinery and equipment programme,PLANT,AM,202604,27024.14,23586.31,USD,COMPLETE
CP-500-202604-01,NIG-500,Vehicles programme,VEHICLE,AM,202604,7478.17,6665.7,USD,COMPLETE
CP-500-202604-01,NIG-500,Computer hardware and software programme,IT,AM,202604,4732.31,4614.71,USD,COMPLETE
CP-500-202604-01,NIG-500,Leasehold improvements programme,LEASEHOLD,AM,202604,4245.47,4101.97,USD,COMPLETE
CP-500-202605-01,NIG-500,Buildings and improvements programme,BUILDING,AM,202605,13636.45,12305.9,USD,IN_PROGRESS
CP-500-202605-01,NIG-500,Machinery and equipment programme,PLANT,AM,202605,27359.97,23586.31,USD,COMPLETE
CP-500-202605-01,NIG-500,Vehicles programme,VEHICLE,AM,202605,7450.16,6665.7,USD,COMPLETE
CP-500-202605-01,NIG-500,Computer hardware and software programme,IT,AM,202605,5216.04,4614.71,USD,COMPLETE
CP-500-202605-01,NIG-500,Leasehold improvements programme,LEASEHOLD,AM,202605,4297.92,4101.97,USD,COMPLETE
CP-500-202606-01,NIG-500,Buildings and improvements programme,BUILDING,AM,202606,12671.49,12305.9,USD,COMPLETE
CP-500-202606-01,NIG-500,Machinery and equipment programme,PLANT,AM,202606,24065.38,23586.31,USD,COMPLETE
CP-500-202606-01,NIG-500,Vehicles programme,VEHICLE,AM,202606,7026.29,6665.7,USD,COMPLETE
CP-500-202606-01,NIG-500,Computer hardware and software programme,IT,AM,202606,5081.52,4614.71,USD,COMPLETE
CP-500-202606-01,NIG-500,Leasehold improvements programme,LEASEHOLD,AM,202606,4130.22,4101.97,USD,COMPLETE
CP-500-202607-01,NIG-500,Buildings and improvements programme,BUILDING,AM,202607,13875.71,12305.9,USD,COMPLETE
CP-500-202607-01,NIG-500,Machinery and equipment programme,PLANT,AM,202607,26542.15,23586.31,USD,COMPLETE
CP-500-202607-01,NIG-500,Vehicles programme,VEHICLE,AM,202607,7159.47,6665.7,USD,COMPLETE
CP-500-202607-01,NIG-500,Computer hardware and software programme,IT,AM,202607,4708.35,4614.71,USD,COMPLETE
CP-500-202607-01,NIG-500,Leasehold improvements programme,LEASEHOLD,AM,202607,4463.25,4101.97,USD,COMPLETE
CP-500-202608-01,NIG-500,Buildings and improvements programme,BUILDING,AM,202608,14417.24,12305.9,USD,IN_PROGRESS
CP-500-202608-01,NIG-500,Machinery and equipment programme,PLANT,AM,202608,23950.03,23586.31,USD,COMPLETE
CP-500-202608-01,NIG-500,Vehicles programme,VEHICLE,AM,202608,7191.65,6665.7,USD,IN_PROGRESS
CP-500-202608-01,NIG-500,Computer hardware and software programme,IT,AM,202608,4679.58,4614.71,USD,COMPLETE
CP-500-202608-01,NIG-500,Leasehold improvements programme,LEASEHOLD,AM,202608,4777.33,4101.97,USD,COMPLETE
CP-510-202401-01,NIG-510,Buildings and improvements programme,BUILDING,AM,202401,6348.1,6084.59,GBP,COMPLETE
CP-510-202401-01,NIG-510,Machinery and equipment programme,PLANT,AM,202401,12714.27,11662.14,GBP,COMPLETE
CP-510-202401-01,NIG-510,Vehicles programme,VEHICLE,AM,202401,3461.81,3295.82,GBP,IN_PROGRESS
CP-510-202401-01,NIG-510,Computer hardware and software programme,IT,AM,202401,2546.11,2281.72,GBP,COMPLETE
CP-510-202401-01,NIG-510,Leasehold improvements programme,LEASEHOLD,AM,202401,2278.59,2028.2,GBP,COMPLETE
CP-510-202402-01,NIG-510,Buildings and improvements programme,BUILDING,AM,202402,6277.52,6084.59,GBP,IN_PROGRESS
CP-510-202402-01,NIG-510,Machinery and equipment programme,PLANT,AM,202402,13067.32,11662.14,GBP,COMPLETE
CP-510-202402-01,NIG-510,Vehicles programme,VEHICLE,AM,202402,3530.42,3295.82,GBP,COMPLETE
CP-510-202402-01,NIG-510,Computer hardware and software programme,IT,AM,202402,2480.21,2281.72,GBP,IN_PROGRESS
CP-510-202402-01,NIG-510,Leasehold improvements programme,LEASEHOLD,AM,202402,2280.9,2028.2,GBP,COMPLETE
CP-510-202403-01,NIG-510,Buildings and improvements programme,BUILDING,AM,202403,6642.61,6084.59,GBP,COMPLETE
CP-510-202403-01,NIG-510,Machinery and equipment programme,PLANT,AM,202403,12439.53,11662.14,GBP,IN_PROGRESS
CP-510-202403-01,NIG-510,Vehicles programme,VEHICLE,AM,202403,3683.07,3295.82,GBP,COMPLETE
CP-510-202403-01,NIG-510,Computer hardware and software programme,IT,AM,202403,2439.74,2281.72,GBP,COMPLETE
CP-510-202403-01,NIG-510,Leasehold improvements programme,LEASEHOLD,AM,202403,2108.6,2028.2,GBP,IN_PROGRESS
CP-510-202404-01,NIG-510,Buildings and improvements programme,BUILDING,AM,202404,7171.32,6084.59,GBP,IN_PROGRESS
CP-510-202404-01,NIG-510,Machinery and equipment programme,PLANT,AM,202404,12193.17,11662.14,GBP,COMPLETE
CP-510-202404-01,NIG-510,Vehicles programme,VEHICLE,AM,202404,3628.28,3295.82,GBP,COMPLETE
CP-510-202404-01,NIG-510,Computer hardware and software programme,IT,AM,202404,2373.99,2281.72,GBP,IN_PROGRESS
CP-510-202404-01,NIG-510,Leasehold improvements programme,LEASEHOLD,AM,202404,2378.72,2028.2,GBP,IN_PROGRESS
CP-510-202405-01,NIG-510,Buildings and improvements programme,BUILDING,AM,202405,6789.45,6084.59,GBP,COMPLETE
CP-510-202405-01,NIG-510,Machinery and equipment programme,PLANT,AM,202405,12017.68,11662.14,GBP,COMPLETE
CP-510-202405-01,NIG-510,Vehicles programme,VEHICLE,AM,202405,3476.44,3295.82,GBP,COMPLETE
CP-510-202405-01,NIG-510,Computer hardware and software programme,IT,AM,202405,2586.92,2281.72,GBP,COMPLETE
CP-510-202405-01,NIG-510,Leasehold improvements programme,LEASEHOLD,AM,202405,2296.43,2028.2,GBP,COMPLETE
CP-510-202406-01,NIG-510,Buildings and improvements programme,BUILDING,AM,202406,6126.1,6084.59,GBP,COMPLETE
CP-510-202406-01,NIG-510,Machinery and equipment programme,PLANT,AM,202406,12825.47,11662.14,GBP,COMPLETE
CP-510-202406-01,NIG-510,Vehicles programme,VEHICLE,AM,202406,3856.95,3295.82,GBP,COMPLETE
CP-510-202406-01,NIG-510,Computer hardware and software programme,IT,AM,202406,2628.4,2281.72,GBP,COMPLETE
CP-510-202406-01,NIG-510,Leasehold improvements programme,LEASEHOLD,AM,202406,2197.73,2028.2,GBP,COMPLETE
CP-510-202407-01,NIG-510,Buildings and improvements programme,BUILDING,AM,202407,6609.3,6084.59,GBP,COMPLETE
CP-510-202407-01,NIG-510,Machinery and equipment programme,PLANT,AM,202407,13239.86,11662.14,GBP,COMPLETE
CP-510-202407-01,NIG-510,Vehicles programme,VEHICLE,AM,202407,3737.06,3295.82,GBP,COMPLETE
CP-510-202407-01,NIG-510,Computer hardware and software programme,IT,AM,202407,2649.96,2281.72,GBP,COMPLETE
CP-510-202407-01,NIG-510,Leasehold improvements programme,LEASEHOLD,AM,202407,2137.0,2028.2,GBP,COMPLETE
CP-510-202408-01,NIG-510,Buildings and improvements programme,BUILDING,AM,202408,6289.76,6084.59,GBP,COMPLETE
CP-510-202408-01,NIG-510,Machinery and equipment programme,PLANT,AM,202408,12521.5,11662.14,GBP,COMPLETE
CP-510-202408-01,NIG-510,Vehicles programme,VEHICLE,AM,202408,3368.32,3295.82,GBP,COMPLETE
CP-510-202408-01,NIG-510,Computer hardware and software programme,IT,AM,202408,2419.62,2281.72,GBP,COMPLETE
CP-510-202408-01,NIG-510,Leasehold improvements programme,LEASEHOLD,AM,202408,2390.56,2028.2,GBP,COMPLETE
CP-510-202409-01,NIG-510,Buildings and improvements programme,BUILDING,AM,202409,6253.48,6084.59,GBP,COMPLETE
CP-510-202409-01,NIG-510,Machinery and equipment programme,PLANT,AM,202409,13220.25,11662.14,GBP,COMPLETE
CP-510-202409-01,NIG-510,Vehicles programme,VEHICLE,AM,202409,3590.95,3295.82,GBP,COMPLETE
CP-510-202409-01,NIG-510,Computer hardware and software programme,IT,AM,202409,2683.87,2281.72,GBP,COMPLETE
CP-510-202409-01,NIG-510,Leasehold improvements programme,LEASEHOLD,AM,202409,2292.57,2028.2,GBP,COMPLETE
CP-510-202410-01,NIG-510,Buildings and improvements programme,BUILDING,AM,202410,6304.96,6084.59,GBP,IN_PROGRESS
CP-510-202410-01,NIG-510,Machinery and equipment programme,PLANT,AM,202410,11860.71,11662.14,GBP,COMPLETE
CP-510-202410-01,NIG-510,Vehicles programme,VEHICLE,AM,202410,3714.32,3295.82,GBP,COMPLETE
CP-510-202410-01,NIG-510,Computer hardware and software programme,IT,AM,202410,2483.33,2281.72,GBP,COMPLETE
CP-510-202410-01,NIG-510,Leasehold improvements programme,LEASEHOLD,AM,202410,2115.28,2028.2,GBP,COMPLETE
CP-510-202411-01,NIG-510,Buildings and improvements programme,BUILDING,AM,202411,6365.06,6084.59,GBP,IN_PROGRESS
CP-510-202411-01,NIG-510,Machinery and equipment programme,PLANT,AM,202411,13349.52,11662.14,GBP,COMPLETE
CP-510-202411-01,NIG-510,Vehicles programme,VEHICLE,AM,202411,3662.99,3295.82,GBP,COMPLETE
CP-510-202411-01,NIG-510,Computer hardware and software programme,IT,AM,202411,2455.91,2281.72,GBP,COMPLETE
CP-510-202411-01,NIG-510,Leasehold improvements programme,LEASEHOLD,AM,202411,2282.56,2028.2,GBP,COMPLETE
CP-510-202412-01,NIG-510,Buildings and improvements programme,BUILDING,AM,202412,6984.47,6084.59,GBP,IN_PROGRESS
CP-510-202412-01,NIG-510,Machinery and equipment programme,PLANT,AM,202412,13185.76,11662.14,GBP,COMPLETE
CP-510-202412-01,NIG-510,Vehicles programme,VEHICLE,AM,202412,3619.02,3295.82,GBP,COMPLETE
CP-510-202412-01,NIG-510,Computer hardware and software programme,IT,AM,202412,2358.25,2281.72,GBP,COMPLETE
CP-510-202412-01,NIG-510,Leasehold improvements programme,LEASEHOLD,AM,202412,2237.2,2028.2,GBP,IN_PROGRESS
CP-510-202501-01,NIG-510,Buildings and improvements programme,BUILDING,AM,202501,2835.06,2623.04,GBP,COMPLETE
CP-510-202501-01,NIG-510,Machinery and equipment programme,PLANT,AM,202501,5565.22,5027.5,GBP,COMPLETE
CP-510-202501-01,NIG-510,Vehicles programme,VEHICLE,AM,202501,1519.73,1420.82,GBP,COMPLETE
CP-510-202502-01,NIG-510,Buildings and improvements programme,BUILDING,AM,202502,2899.72,2623.04,GBP,IN_PROGRESS
CP-510-202502-01,NIG-510,Machinery and equipment programme,PLANT,AM,202502,5562.86,5027.5,GBP,COMPLETE
CP-510-202502-01,NIG-510,Vehicles programme,VEHICLE,AM,202502,1599.27,1420.82,GBP,COMPLETE
CP-510-202503-01,NIG-510,Buildings and improvements programme,BUILDING,AM,202503,2769.65,2623.04,GBP,COMPLETE
CP-510-202503-01,NIG-510,Machinery and equipment programme,PLANT,AM,202503,5185.67,5027.5,GBP,IN_PROGRESS
CP-510-202503-01,NIG-510,Vehicles programme,VEHICLE,AM,202503,1496.98,1420.82,GBP,IN_PROGRESS
CP-510-202504-01,NIG-510,Buildings and improvements programme,BUILDING,AM,202504,2867.13,2623.04,GBP,COMPLETE
CP-510-202504-01,NIG-510,Machinery and equipment programme,PLANT,AM,202504,5244.22,5027.5,GBP,COMPLETE
CP-510-202504-01,NIG-510,Vehicles programme,VEHICLE,AM,202504,1496.41,1420.82,GBP,COMPLETE
CP-510-202505-01,NIG-510,Buildings and improvements programme,BUILDING,AM,202505,2956.66,2623.04,GBP,COMPLETE
CP-510-202505-01,NIG-510,Machinery and equipment programme,PLANT,AM,202505,5834.66,5027.5,GBP,COMPLETE
CP-510-202505-01,NIG-510,Vehicles programme,VEHICLE,AM,202505,1462.48,1420.82,GBP,COMPLETE
CP-510-202506-01,NIG-510,Buildings and improvements programme,BUILDING,AM,202506,2958.53,2623.04,GBP,COMPLETE
CP-510-202506-01,NIG-510,Machinery and equipment programme,PLANT,AM,202506,5213.57,5027.5,GBP,COMPLETE
CP-510-202506-01,NIG-510,Vehicles programme,VEHICLE,AM,202506,1460.95,1420.82,GBP,COMPLETE
CP-510-202507-01,NIG-510,Buildings and improvements programme,BUILDING,AM,202507,2965.4,2623.04,GBP,COMPLETE
CP-510-202507-01,NIG-510,Machinery and equipment programme,PLANT,AM,202507,5762.3,5027.5,GBP,COMPLETE
CP-510-202507-01,NIG-510,Vehicles programme,VEHICLE,AM,202507,1549.6,1420.82,GBP,COMPLETE
CP-510-202508-01,NIG-510,Buildings and improvements programme,BUILDING,AM,202508,2806.57,2623.04,GBP,COMPLETE
CP-510-202508-01,NIG-510,Machinery and equipment programme,PLANT,AM,202508,5034.77,5027.5,GBP,COMPLETE
CP-510-202508-01,NIG-510,Vehicles programme,VEHICLE,AM,202508,1570.61,1420.82,GBP,COMPLETE
CP-510-202509-01,NIG-510,Buildings and improvements programme,BUILDING,AM,202509,2825.33,2623.04,GBP,IN_PROGRESS
CP-510-202509-01,NIG-510,Machinery and equipment programme,PLANT,AM,202509,5085.17,5027.5,GBP,COMPLETE
CP-510-202509-01,NIG-510,Vehicles programme,VEHICLE,AM,202509,1427.73,1420.82,GBP,IN_PROGRESS
CP-510-202510-01,NIG-510,Buildings and improvements programme,BUILDING,AM,202510,3009.3,2623.04,GBP,COMPLETE
CP-510-202510-01,NIG-510,Machinery and equipment programme,PLANT,AM,202510,5703.76,5027.5,GBP,COMPLETE
CP-510-202510-01,NIG-510,Vehicles programme,VEHICLE,AM,202510,1441.43,1420.82,GBP,COMPLETE
CP-510-202511-01,NIG-510,Buildings and improvements programme,BUILDING,AM,202511,2797.35,2623.04,GBP,COMPLETE
CP-510-202511-01,NIG-510,Machinery and equipment programme,PLANT,AM,202511,5817.49,5027.5,GBP,COMPLETE
CP-510-202511-01,NIG-510,Vehicles programme,VEHICLE,AM,202511,1479.66,1420.82,GBP,IN_PROGRESS
CP-510-202512-01,NIG-510,Buildings and improvements programme,BUILDING,AM,202512,3048.85,2623.04,GBP,IN_PROGRESS
CP-510-202512-01,NIG-510,Machinery and equipment programme,PLANT,AM,202512,5727.87,5027.5,GBP,COMPLETE
CP-510-202512-01,NIG-510,Vehicles programme,VEHICLE,AM,202512,1592.96,1420.82,GBP,COMPLETE
CP-510-202601-01,NIG-510,Buildings and improvements programme,BUILDING,AM,202601,5130.32,4869.6,GBP,COMPLETE
CP-510-202601-01,NIG-510,Machinery and equipment programme,PLANT,AM,202601,9908.16,9333.4,GBP,COMPLETE
CP-510-202601-01,NIG-510,Vehicles programme,VEHICLE,AM,202601,3010.16,2637.7,GBP,COMPLETE
CP-510-202601-01,NIG-510,Computer hardware and software programme,IT,AM,202601,2152.09,1826.1,GBP,COMPLETE
CP-510-202601-01,NIG-510,Leasehold improvements programme,LEASEHOLD,AM,202601,1902.36,1623.2,GBP,COMPLETE
CP-510-202602-01,NIG-510,Buildings and improvements programme,BUILDING,AM,202602,5649.78,4869.6,GBP,COMPLETE
CP-510-202602-01,NIG-510,Machinery and equipment programme,PLANT,AM,202602,9789.14,9333.4,GBP,IN_PROGRESS
CP-510-202602-01,NIG-510,Vehicles programme,VEHICLE,AM,202602,3069.51,2637.7,GBP,COMPLETE
CP-510-202602-01,NIG-510,Computer hardware and software programme,IT,AM,202602,1848.87,1826.1,GBP,COMPLETE
CP-510-202602-01,NIG-510,Leasehold improvements programme,LEASEHOLD,AM,202602,1673.3,1623.2,GBP,COMPLETE
CP-510-202603-01,NIG-510,Buildings and improvements programme,BUILDING,AM,202603,5191.72,4869.6,GBP,IN_PROGRESS
CP-510-202603-01,NIG-510,Machinery and equipment programme,PLANT,AM,202603,9451.23,9333.4,GBP,IN_PROGRESS
CP-510-202603-01,NIG-510,Vehicles programme,VEHICLE,AM,202603,2777.64,2637.7,GBP,IN_PROGRESS
CP-510-202603-01,NIG-510,Computer hardware and software programme,IT,AM,202603,1992.04,1826.1,GBP,COMPLETE
CP-510-202603-01,NIG-510,Leasehold improvements programme,LEASEHOLD,AM,202603,1788.74,1623.2,GBP,COMPLETE
CP-510-202604-01,NIG-510,Buildings and improvements programme,BUILDING,AM,202604,5388.85,4869.6,GBP,COMPLETE
CP-510-202604-01,NIG-510,Machinery and equipment programme,PLANT,AM,202604,10228.71,9333.4,GBP,COMPLETE
CP-510-202604-01,NIG-510,Vehicles programme,VEHICLE,AM,202604,2842.84,2637.7,GBP,IN_PROGRESS
CP-510-202604-01,NIG-510,Computer hardware and software programme,IT,AM,202604,2099.06,1826.1,GBP,COMPLETE
CP-510-202604-01,NIG-510,Leasehold improvements programme,LEASEHOLD,AM,202604,1710.01,1623.2,GBP,COMPLETE
CP-510-202605-01,NIG-510,Buildings and improvements programme,BUILDING,AM,202605,5128.45,4869.6,GBP,COMPLETE
CP-510-202605-01,NIG-510,Machinery and equipment programme,PLANT,AM,202605,10833.3,9333.4,GBP,COMPLETE
CP-510-202605-01,NIG-510,Vehicles programme,VEHICLE,AM,202605,3092.13,2637.7,GBP,COMPLETE
CP-510-202605-01,NIG-510,Computer hardware and software programme,IT,AM,202605,1921.54,1826.1,GBP,COMPLETE
CP-510-202605-01,NIG-510,Leasehold improvements programme,LEASEHOLD,AM,202605,1892.53,1623.2,GBP,COMPLETE
CP-510-202606-01,NIG-510,Buildings and improvements programme,BUILDING,AM,202606,5048.16,4869.6,GBP,IN_PROGRESS
CP-510-202606-01,NIG-510,Machinery and equipment programme,PLANT,AM,202606,9509.92,9333.4,GBP,COMPLETE
CP-510-202606-01,NIG-510,Vehicles programme,VEHICLE,AM,202606,2868.32,2637.7,GBP,COMPLETE
CP-510-202606-01,NIG-510,Computer hardware and software programme,IT,AM,202606,2120.45,1826.1,GBP,IN_PROGRESS
CP-510-202606-01,NIG-510,Leasehold improvements programme,LEASEHOLD,AM,202606,1809.02,1623.2,GBP,IN_PROGRESS
CP-510-202607-01,NIG-510,Buildings and improvements programme,BUILDING,AM,202607,5047.43,4869.6,GBP,IN_PROGRESS
CP-510-202607-01,NIG-510,Machinery and equipment programme,PLANT,AM,202607,10308.4,9333.4,GBP,COMPLETE
CP-510-202607-01,NIG-510,Vehicles programme,VEHICLE,AM,202607,3050.6,2637.7,GBP,COMPLETE
CP-510-202607-01,NIG-510,Computer hardware and software programme,IT,AM,202607,1913.49,1826.1,GBP,COMPLETE
CP-510-202607-01,NIG-510,Leasehold improvements programme,LEASEHOLD,AM,202607,1699.77,1623.2,GBP,COMPLETE
CP-510-202608-01,NIG-510,Buildings and improvements programme,BUILDING,AM,202608,5534.69,4869.6,GBP,COMPLETE
CP-510-202608-01,NIG-510,Machinery and equipment programme,PLANT,AM,202608,10351.12,9333.4,GBP,COMPLETE
CP-510-202608-01,NIG-510,Vehicles programme,VEHICLE,AM,202608,2778.01,2637.7,GBP,COMPLETE
CP-510-202608-01,NIG-510,Computer hardware and software programme,IT,AM,202608,1937.36,1826.1,GBP,COMPLETE
CP-510-202608-01,NIG-510,Leasehold improvements programme,LEASEHOLD,AM,202608,1666.3,1623.2,GBP,COMPLETE
