instrument_id,instrument_name,borrower_entity,instrument_type,group_account,currency_code,period_key,opening_principal,drawings,repayments,closing_principal,interest_rate_basis,rate_type,is_hedged,hedge_notional_usd,hedge_maturity,maturity_date,interest_expense_local,commitment_fee_local,unamortised_fees,undrawn_commitment,counts_toward_covenant_debt,covenant_reference
TLB-2021,Term Loan B (2021),NIG-100,TERM_LOAN,230100,USD,202301,178200000.0,1916666.67,0.0,180116666.67,SOFR + 425bps,FLOATING,TRUE,100000000.0,2026-12-31,2028-06-15,1280475.0,0.0,4650000.0,0.0,TRUE,CA-015
RCF-2021,Revolving Credit Facility,NIG-100,RCF,220200,USD,202301,8000000.0,594724.67,0.0,8594724.67,SOFR + 450bps,FLOATING,FALSE,0.0,,2027-06-15,115625.0,18750.0,0.0,51405275.33,TRUE,CA-016
FL-100,Finance leases - Northstar Topco,NIG-100,FINANCE_LEASE,230300,USD,202301,429.42,0.0,0.0,429.42,6.4% fixed,FIXED,FALSE,0.0,,2030-12-31,2.29,0.0,0.0,0.0,TRUE,CA-017
FL-110,Finance leases - Shared Services,NIG-110,FINANCE_LEASE,230300,USD,202301,3531.92,0.0,0.0,3531.92,6.4% fixed,FIXED,FALSE,0.0,,2030-12-31,18.84,0.0,0.0,0.0,TRUE,CA-017
FL-200,Finance leases - Meridian US,NIG-200,FINANCE_LEASE,230300,USD,202301,3064741.0,0.0,0.0,3064741.0,6.4% fixed,FIXED,FALSE,0.0,,2030-12-31,16345.29,0.0,0.0,0.0,TRUE,CA-017
FL-210,Finance leases - Meridian Canada,NIG-210,FINANCE_LEASE,230300,CAD,202301,1536488.9,0.0,0.0,1536488.9,6.4% fixed,FIXED,FALSE,0.0,,2030-12-31,8194.61,0.0,0.0,0.0,TRUE,CA-017
FL-300,Finance leases - Cascade US,NIG-300,FINANCE_LEASE,230300,USD,202301,2290960.83,0.0,0.0,2290960.83,6.4% fixed,FIXED,FALSE,0.0,,2030-12-31,12218.46,0.0,0.0,0.0,TRUE,CA-017
FL-310,Finance leases - Cascade Canada,NIG-310,FINANCE_LEASE,230300,CAD,202301,1095676.61,0.0,0.0,1095676.61,6.4% fixed,FIXED,FALSE,0.0,,2030-12-31,5843.61,0.0,0.0,0.0,TRUE,CA-017
FL-320,Finance leases - Tyneside,NIG-320,FINANCE_LEASE,230300,GBP,202301,556169.58,0.0,0.0,556169.58,6.4% fixed,FIXED,FALSE,0.0,,2030-12-31,2966.24,0.0,0.0,0.0,TRUE,CA-017
FL-400,Finance leases - Vector US,NIG-400,FINANCE_LEASE,230300,USD,202301,1119148.92,0.0,0.0,1119148.92,6.4% fixed,FIXED,FALSE,0.0,,2030-12-31,5968.79,0.0,0.0,0.0,TRUE,CA-017
FL-500,Finance leases - Aftermarket US,NIG-500,FINANCE_LEASE,230300,USD,202301,516385.42,0.0,0.0,516385.42,6.4% fixed,FIXED,FALSE,0.0,,2030-12-31,2754.06,0.0,0.0,0.0,TRUE,CA-017
FL-510,Finance leases - Parts UK,NIG-510,FINANCE_LEASE,230300,GBP,202301,203123.27,0.0,0.0,203123.27,6.4% fixed,FIXED,FALSE,0.0,,2030-12-31,1083.32,0.0,0.0,0.0,TRUE,CA-017
TLB-2021,Term Loan B (2021),NIG-100,TERM_LOAN,230100,USD,202302,180116666.67,1916666.67,0.0,182033333.33,SOFR + 425bps,FLOATING,TRUE,100000000.0,2026-12-31,2028-06-15,1280475.0,0.0,4700000.0,0.0,TRUE,CA-015
RCF-2021,Revolving Credit Facility,NIG-100,RCF,220200,USD,202302,8594724.67,594724.67,0.0,9189449.33,SOFR + 450bps,FLOATING,FALSE,0.0,,2027-06-15,115625.0,18750.0,0.0,50810550.67,TRUE,CA-016
FL-100,Finance leases - Northstar Topco,NIG-100,FINANCE_LEASE,230300,USD,202302,429.42,0,1.58,427.83,6.4% fixed,FIXED,FALSE,0.0,,2030-12-31,2.28,0.0,0.0,0.0,TRUE,CA-017
FL-110,Finance leases - Shared Services,NIG-110,FINANCE_LEASE,230300,USD,202302,3531.92,0,13.08,3518.83,6.4% fixed,FIXED,FALSE,0.0,,2030-12-31,18.77,0.0,0.0,0.0,TRUE,CA-017
FL-200,Finance leases - Meridian US,NIG-200,FINANCE_LEASE,230300,USD,202302,3064741.0,0,11351.0,3053390.0,6.4% fixed,FIXED,FALSE,0.0,,2030-12-31,16284.75,0.0,0.0,0.0,TRUE,CA-017
FL-210,Finance leases - Meridian Canada,NIG-210,FINANCE_LEASE,230300,CAD,202302,1536488.9,0,8598.46,1527890.44,6.4% fixed,FIXED,FALSE,0.0,,2030-12-31,8148.75,0.0,0.0,0.0,TRUE,CA-017
FL-300,Finance leases - Cascade US,NIG-300,FINANCE_LEASE,230300,USD,202302,2290960.83,0,8485.17,2282475.67,6.4% fixed,FIXED,FALSE,0.0,,2030-12-31,12173.2,0.0,0.0,0.0,TRUE,CA-017
FL-310,Finance leases - Cascade Canada,NIG-310,FINANCE_LEASE,230300,CAD,202302,1095676.61,0,6131.59,1089545.02,6.4% fixed,FIXED,FALSE,0.0,,2030-12-31,5810.91,0.0,0.0,0.0,TRUE,CA-017
FL-320,Finance leases - Tyneside,NIG-320,FINANCE_LEASE,230300,GBP,202302,556169.58,0,4387.4,551782.18,6.4% fixed,FIXED,FALSE,0.0,,2030-12-31,2942.84,0.0,0.0,0.0,TRUE,CA-017
FL-400,Finance leases - Vector US,NIG-400,FINANCE_LEASE,230300,USD,202302,1119148.92,0,4145.08,1115003.83,6.4% fixed,FIXED,FALSE,0.0,,2030-12-31,5946.69,0.0,0.0,0.0,TRUE,CA-017
FL-500,Finance leases - Aftermarket US,NIG-500,FINANCE_LEASE,230300,USD,202302,516385.42,0,1912.58,514472.83,6.4% fixed,FIXED,FALSE,0.0,,2030-12-31,2743.86,0.0,0.0,0.0,TRUE,CA-017
FL-510,Finance leases - Parts UK,NIG-510,FINANCE_LEASE,230300,GBP,202302,203123.27,0,1602.38,201520.88,6.4% fixed,FIXED,FALSE,0.0,,2030-12-31,1074.78,0.0,0.0,0.0,TRUE,CA-017
TLB-2021,Term Loan B (2021),NIG-100,TERM_LOAN,230100,USD,202303,182033333.33,1916666.67,0.0,183950000.0,SOFR + 425bps,FLOATING,TRUE,100000000.0,2026-12-31,2028-06-15,1280475.0,0.0,4750000.0,0.0,TRUE,CA-015
RCF-2021,Revolving Credit Facility,NIG-100,RCF,220200,USD,202303,9189449.33,594724.67,0.0,9784174.0,SOFR + 450bps,FLOATING,FALSE,0.0,,2027-06-15,115625.0,18750.0,0.0,50215826.0,TRUE,CA-016
FL-100,Finance leases - Northstar Topco,NIG-100,FINANCE_LEASE,230300,USD,202303,427.83,0,1.58,426.25,6.4% fixed,FIXED,FALSE,0.0,,2030-12-31,2.27,0.0,0.0,0.0,TRUE,CA-017
FL-110,Finance leases - Shared Services,NIG-110,FINANCE_LEASE,230300,USD,202303,3518.83,0,13.08,3505.75,6.4% fixed,FIXED,FALSE,0.0,,2030-12-31,18.7,0.0,0.0,0.0,TRUE,CA-017
FL-200,Finance leases - Meridian US,NIG-200,FINANCE_LEASE,230300,USD,202303,3053390.0,0,11351.0,3042039.0,6.4% fixed,FIXED,FALSE,0.0,,2030-12-31,16224.21,0.0,0.0,0.0,TRUE,CA-017
FL-210,Finance leases - Meridian Canada,NIG-210,FINANCE_LEASE,230300,CAD,202303,1527890.44,0,8598.46,1519291.98,6.4% fixed,FIXED,FALSE,0.0,,2030-12-31,8102.89,0.0,0.0,0.0,TRUE,CA-017
FL-300,Finance leases - Cascade US,NIG-300,FINANCE_LEASE,230300,USD,202303,2282475.67,0,8485.17,2273990.5,6.4% fixed,FIXED,FALSE,0.0,,2030-12-31,12127.95,0.0,0.0,0.0,TRUE,CA-017
FL-310,Finance leases - Cascade Canada,NIG-310,FINANCE_LEASE,230300,CAD,202303,1089545.02,0,6131.59,1083413.42,6.4% fixed,FIXED,FALSE,0.0,,2030-12-31,5778.2,0.0,0.0,0.0,TRUE,CA-017
FL-320,Finance leases - Tyneside,NIG-320,FINANCE_LEASE,230300,GBP,202303,551782.18,0,4387.4,547394.79,6.4% fixed,FIXED,FALSE,0.0,,2030-12-31,2919.44,0.0,0.0,0.0,TRUE,CA-017
FL-400,Finance leases - Vector US,NIG-400,FINANCE_LEASE,230300,USD,202303,1115003.83,0,4145.08,1110858.75,6.4% fixed,FIXED,FALSE,0.0,,2030-12-31,5924.58,0.0,0.0,0.0,TRUE,CA-017
FL-500,Finance leases - Aftermarket US,NIG-500,FINANCE_LEASE,230300,USD,202303,514472.83,0,1912.58,512560.25,6.4% fixed,FIXED,FALSE,0.0,,2030-12-31,2733.65,0.0,0.0,0.0,TRUE,CA-017
FL-510,Finance leases - Parts UK,NIG-510,FINANCE_LEASE,230300,GBP,202303,201520.88,0,1602.38,199918.5,6.4% fixed,FIXED,FALSE,0.0,,2030-12-31,1066.23,0.0,0.0,0.0,TRUE,CA-017
TLB-2021,Term Loan B (2021),NIG-100,TERM_LOAN,230100,USD,202304,183950000.0,1916666.67,0.0,185866666.67,SOFR + 425bps,FLOATING,TRUE,100000000.0,2026-12-31,2028-06-15,1280475.0,0.0,4800000.0,0.0,TRUE,CA-015
RCF-2021,Revolving Credit Facility,NIG-100,RCF,220200,USD,202304,9784174.0,594724.67,0.0,10378898.67,SOFR + 450bps,FLOATING,FALSE,0.0,,2027-06-15,115625.0,18750.0,0.0,49621101.33,TRUE,CA-016
FL-100,Finance leases - Northstar Topco,NIG-100,FINANCE_LEASE,230300,USD,202304,426.25,0,1.58,424.67,6.4% fixed,FIXED,FALSE,0.0,,2030-12-31,2.26,0.0,0.0,0.0,TRUE,CA-017
FL-110,Finance leases - Shared Services,NIG-110,FINANCE_LEASE,230300,USD,202304,3505.75,0,13.08,3492.67,6.4% fixed,FIXED,FALSE,0.0,,2030-12-31,18.63,0.0,0.0,0.0,TRUE,CA-017
FL-200,Finance leases - Meridian US,NIG-200,FINANCE_LEASE,230300,USD,202304,3042039.0,0,11351.0,3030688.0,6.4% fixed,FIXED,FALSE,0.0,,2030-12-31,16163.67,0.0,0.0,0.0,TRUE,CA-017
FL-210,Finance leases - Meridian Canada,NIG-210,FINANCE_LEASE,230300,CAD,202304,1519291.98,0,8598.46,1510693.52,6.4% fixed,FIXED,FALSE,0.0,,2030-12-31,8057.03,0.0,0.0,0.0,TRUE,CA-017
FL-220,Finance leases - Halden Valve,NIG-220,FINANCE_LEASE,230300,EUR,202304,81134.44,0.0,0.0,81134.44,6.4% fixed,FIXED,FALSE,0.0,,2030-12-31,432.72,0.0,0.0,0.0,TRUE,CA-017
FL-300,Finance leases - Cascade US,NIG-300,FINANCE_LEASE,230300,USD,202304,2273990.5,0,8485.17,2265505.33,6.4% fixed,FIXED,FALSE,0.0,,2030-12-31,12082.7,0.0,0.0,0.0,TRUE,CA-017
FL-310,Finance leases - Cascade Canada,NIG-310,FINANCE_LEASE,230300,CAD,202304,1083413.42,0,6131.59,1077281.83,6.4% fixed,FIXED,FALSE,0.0,,2030-12-31,5745.5,0.0,0.0,0.0,TRUE,CA-017
FL-320,Finance leases - Tyneside,NIG-320,FINANCE_LEASE,230300,GBP,202304,547394.79,0,4387.4,543007.39,6.4% fixed,FIXED,FALSE,0.0,,2030-12-31,2896.04,0.0,0.0,0.0,TRUE,CA-017
FL-400,Finance leases - Vector US,NIG-400,FINANCE_LEASE,230300,USD,202304,1110858.75,0,4145.08,1106713.67,6.4% fixed,FIXED,FALSE,0.0,,2030-12-31,5902.47,0.0,0.0,0.0,TRUE,CA-017
FL-500,Finance leases - Aftermarket US,NIG-500,FINANCE_LEASE,230300,USD,202304,512560.25,0,1912.58,510647.67,6.4% fixed,FIXED,FALSE,0.0,,2030-12-31,2723.45,0.0,0.0,0.0,TRUE,CA-017
FL-510,Finance leases - Parts UK,NIG-510,FINANCE_LEASE,230300,GBP,202304,199918.5,0,1602.38,198316.12,6.4% fixed,FIXED,FALSE,0.0,,2030-12-31,1057.69,0.0,0.0,0.0,TRUE,CA-017
TLB-2021,Term Loan B (2021),NIG-100,TERM_LOAN,230100,USD,202305,185866666.67,1916666.67,0.0,187783333.33,SOFR + 425bps,FLOATING,TRUE,100000000.0,2026-12-31,2028-06-15,1280475.0,0.0,4850000.0,0.0,TRUE,CA-015
RCF-2021,Revolving Credit Facility,NIG-100,RCF,220200,USD,202305,10378898.67,594724.67,0.0,10973623.33,SOFR + 450bps,FLOATING,FALSE,0.0,,2027-06-15,115625.0,18750.0,0.0,49026376.67,TRUE,CA-016
FL-100,Finance leases - Northstar Topco,NIG-100,FINANCE_LEASE,230300,USD,202305,424.67,0,1.58,423.08,6.4% fixed,FIXED,FALSE,0.0,,2030-12-31,2.26,0.0,0.0,0.0,TRUE,CA-017
FL-110,Finance leases - Shared Services,NIG-110,FINANCE_LEASE,230300,USD,202305,3492.67,0,13.08,3479.58,6.4% fixed,FIXED,FALSE,0.0,,2030-12-31,18.56,0.0,0.0,0.0,TRUE,CA-017
FL-200,Finance leases - Meridian US,NIG-200,FINANCE_LEASE,230300,USD,202305,3030688.0,0,11351.0,3019337.0,6.4% fixed,FIXED,FALSE,0.0,,2030-12-31,16103.13,0.0,0.0,0.0,TRUE,CA-017
FL-210,Finance leases - Meridian Canada,NIG-210,FINANCE_LEASE,230300,CAD,202305,1510693.52,0,8598.46,1502095.06,6.4% fixed,FIXED,FALSE,0.0,,2030-12-31,8011.17,0.0,0.0,0.0,TRUE,CA-017
FL-220,Finance leases - Halden Valve,NIG-220,FINANCE_LEASE,230300,EUR,202305,81134.44,81134.44,0,162268.88,6.4% fixed,FIXED,FALSE,0.0,,2030-12-31,865.43,0.0,0.0,0.0,TRUE,CA-017
FL-300,Finance leases - Cascade US,NIG-300,FINANCE_LEASE,230300,USD,202305,2265505.33,0,8485.17,2257020.17,6.4% fixed,FIXED,FALSE,0.0,,2030-12-31,12037.44,0.0,0.0,0.0,TRUE,CA-017
FL-310,Finance leases - Cascade Canada,NIG-310,FINANCE_LEASE,230300,CAD,202305,1077281.83,0,6131.59,1071150.23,6.4% fixed,FIXED,FALSE,0.0,,2030-12-31,5712.8,0.0,0.0,0.0,TRUE,CA-017
FL-320,Finance leases - Tyneside,NIG-320,FINANCE_LEASE,230300,GBP,202305,543007.39,0,4387.4,538619.99,6.4% fixed,FIXED,FALSE,0.0,,2030-12-31,2872.64,0.0,0.0,0.0,TRUE,CA-017
FL-400,Finance leases - Vector US,NIG-400,FINANCE_LEASE,230300,USD,202305,1106713.67,0,4145.08,1102568.58,6.4% fixed,FIXED,FALSE,0.0,,2030-12-31,5880.37,0.0,0.0,0.0,TRUE,CA-017
FL-500,Finance leases - Aftermarket US,NIG-500,FINANCE_LEASE,230300,USD,202305,510647.67,0,1912.58,508735.08,6.4% fixed,FIXED,FALSE,0.0,,2030-12-31,2713.25,0.0,0.0,0.0,TRUE,CA-017
FL-510,Finance leases - Parts UK,NIG-510,FINANCE_LEASE,230300,GBP,202305,198316.12,0,1602.38,196713.74,6.4% fixed,FIXED,FALSE,0.0,,2030-12-31,1049.14,0.0,0.0,0.0,TRUE,CA-017
TLB-2021,Term Loan B (2021),NIG-100,TERM_LOAN,230100,USD,202306,187783333.33,1916666.67,0.0,189700000.0,SOFR + 425bps,FLOATING,TRUE,100000000.0,2026-12-31,2028-06-15,1280475.0,0.0,4900000.0,0.0,TRUE,CA-015
RCF-2021,Revolving Credit Facility,NIG-100,RCF,220200,USD,202306,10973623.33,594724.67,0.0,11568348.0,SOFR + 450bps,FLOATING,FALSE,0.0,,2027-06-15,115625.0,18750.0,0.0,48431652.0,TRUE,CA-016
FL-100,Finance leases - Northstar Topco,NIG-100,FINANCE_LEASE,230300,USD,202306,423.08,0,1.58,421.5,6.4% fixed,FIXED,FALSE,0.0,,2030-12-31,2.25,0.0,0.0,0.0,TRUE,CA-017
FL-110,Finance leases - Shared Services,NIG-110,FINANCE_LEASE,230300,USD,202306,3479.58,0,13.08,3466.5,6.4% fixed,FIXED,FALSE,0.0,,2030-12-31,18.49,0.0,0.0,0.0,TRUE,CA-017
FL-200,Finance leases - Meridian US,NIG-200,FINANCE_LEASE,230300,USD,202306,3019337.0,0,11351.0,3007986.0,6.4% fixed,FIXED,FALSE,0.0,,2030-12-31,16042.59,0.0,0.0,0.0,TRUE,CA-017
FL-210,Finance leases - Meridian Canada,NIG-210,FINANCE_LEASE,230300,CAD,202306,1502095.06,0,8598.46,1493496.6,6.4% fixed,FIXED,FALSE,0.0,,2030-12-31,7965.32,0.0,0.0,0.0,TRUE,CA-017
FL-220,Finance leases - Halden Valve,NIG-220,FINANCE_LEASE,230300,EUR,202306,162268.88,81134.44,0,243403.32,6.4% fixed,FIXED,FALSE,0.0,,2030-12-31,1298.15,0.0,0.0,0.0,TRUE,CA-017
FL-300,Finance leases - Cascade US,NIG-300,FINANCE_LEASE,230300,USD,202306,2257020.17,0,8485.17,2248535.0,6.4% fixed,FIXED,FALSE,0.0,,2030-12-31,11992.19,0.0,0.0,0.0,TRUE,CA-017
FL-310,Finance leases - Cascade Canada,NIG-310,FINANCE_LEASE,230300,CAD,202306,1071150.23,0,6131.59,1065018.64,6.4% fixed,FIXED,FALSE,0.0,,2030-12-31,5680.1,0.0,0.0,0.0,TRUE,CA-017
FL-320,Finance leases - Tyneside,NIG-320,FINANCE_LEASE,230300,GBP,202306,538619.99,0,4387.4,534232.59,6.4% fixed,FIXED,FALSE,0.0,,2030-12-31,2849.24,0.0,0.0,0.0,TRUE,CA-017
FL-400,Finance leases - Vector US,NIG-400,FINANCE_LEASE,230300,USD,202306,1102568.58,0,4145.08,1098423.5,6.4% fixed,FIXED,FALSE,0.0,,2030-12-31,5858.26,0.0,0.0,0.0,TRUE,CA-017
FL-500,Finance leases - Aftermarket US,NIG-500,FINANCE_LEASE,230300,USD,202306,508735.08,0,1912.58,506822.5,6.4% fixed,FIXED,FALSE,0.0,,2030-12-31,2703.05,0.0,0.0,0.0,TRUE,CA-017
FL-510,Finance leases - Parts UK,NIG-510,FINANCE_LEASE,230300,GBP,202306,196713.74,0,1602.38,195111.35,6.4% fixed,FIXED,FALSE,0.0,,2030-12-31,1040.59,0.0,0.0,0.0,TRUE,CA-017
TLB-2021,Term Loan B (2021),NIG-100,TERM_LOAN,230100,USD,202307,189700000.0,1916666.67,0.0,191616666.67,SOFR + 425bps,FLOATING,TRUE,100000000.0,2026-12-31,2028-06-15,1280475.0,0.0,4950000.0,0.0,TRUE,CA-015
RCF-2021,Revolving Credit Facility,NIG-100,RCF,220200,USD,202307,11568348.0,594724.67,0.0,12163072.67,SOFR + 450bps,FLOATING,FALSE,0.0,,2027-06-15,115625.0,18750.0,0.0,47836927.33,TRUE,CA-016
FL-100,Finance leases - Northstar Topco,NIG-100,FINANCE_LEASE,230300,USD,202307,421.5,0,1.58,419.92,6.4% fixed,FIXED,FALSE,0.0,,2030-12-31,2.24,0.0,0.0,0.0,TRUE,CA-017
FL-110,Finance leases - Shared Services,NIG-110,FINANCE_LEASE,230300,USD,202307,3466.5,0,13.08,3453.42,6.4% fixed,FIXED,FALSE,0.0,,2030-12-31,18.42,0.0,0.0,0.0,TRUE,CA-017
FL-200,Finance leases - Meridian US,NIG-200,FINANCE_LEASE,230300,USD,202307,3007986.0,0,11351.0,2996635.0,6.4% fixed,FIXED,FALSE,0.0,,2030-12-31,15982.05,0.0,0.0,0.0,TRUE,CA-017
FL-210,Finance leases - Meridian Canada,NIG-210,FINANCE_LEASE,230300,CAD,202307,1493496.6,0,8598.46,1484898.14,6.4% fixed,FIXED,FALSE,0.0,,2030-12-31,7919.46,0.0,0.0,0.0,TRUE,CA-017
FL-220,Finance leases - Halden Valve,NIG-220,FINANCE_LEASE,230300,EUR,202307,243403.32,81134.44,0,324537.76,6.4% fixed,FIXED,FALSE,0.0,,2030-12-31,1730.87,0.0,0.0,0.0,TRUE,CA-017
FL-300,Finance leases - Cascade US,NIG-300,FINANCE_LEASE,230300,USD,202307,2248535.0,0,8485.17,2240049.83,6.4% fixed,FIXED,FALSE,0.0,,2030-12-31,11946.93,0.0,0.0,0.0,TRUE,CA-017
FL-310,Finance leases - Cascade Canada,NIG-310,FINANCE_LEASE,230300,CAD,202307,1065018.64,0,6131.59,1058887.04,6.4% fixed,FIXED,FALSE,0.0,,2030-12-31,5647.4,0.0,0.0,0.0,TRUE,CA-017
FL-320,Finance leases - Tyneside,NIG-320,FINANCE_LEASE,230300,GBP,202307,534232.59,0,4387.4,529845.19,6.4% fixed,FIXED,FALSE,0.0,,2030-12-31,2825.84,0.0,0.0,0.0,TRUE,CA-017
FL-400,Finance leases - Vector US,NIG-400,FINANCE_LEASE,230300,USD,202307,1098423.5,0,4145.08,1094278.42,6.4% fixed,FIXED,FALSE,0.0,,2030-12-31,5836.15,0.0,0.0,0.0,TRUE,CA-017
FL-500,Finance leases - Aftermarket US,NIG-500,FINANCE_LEASE,230300,USD,202307,506822.5,0,1912.58,504909.92,6.4% fixed,FIXED,FALSE,0.0,,2030-12-31,2692.85,0.0,0.0,0.0,TRUE,CA-017
FL-510,Finance leases - Parts UK,NIG-510,FINANCE_LEASE,230300,GBP,202307,195111.35,0,1602.38,193508.97,6.4% fixed,FIXED,FALSE,0.0,,2030-12-31,1032.05,0.0,0.0,0.0,TRUE,CA-017
TLB-2021,Term Loan B (2021),NIG-100,TERM_LOAN,230100,USD,202308,191616666.67,1916666.67,0.0,193533333.33,SOFR + 425bps,FLOATING,TRUE,100000000.0,2026-12-31,2028-06-15,1280475.0,0.0,5000000.0,0.0,TRUE,CA-015
RCF-2021,Revolving Credit Facility,NIG-100,RCF,220200,USD,202308,12163072.67,594724.67,0.0,12757797.33,SOFR + 450bps,FLOATING,FALSE,0.0,,2027-06-15,115625.0,18750.0,0.0,47242202.67,TRUE,CA-016
FL-100,Finance leases - Northstar Topco,NIG-100,FINANCE_LEASE,230300,USD,202308,419.92,0,1.58,418.33,6.4% fixed,FIXED,FALSE,0.0,,2030-12-31,2.23,0.0,0.0,0.0,TRUE,CA-017
FL-110,Finance leases - Shared Services,NIG-110,FINANCE_LEASE,230300,USD,202308,3453.42,0,13.08,3440.33,6.4% fixed,FIXED,FALSE,0.0,,2030-12-31,18.35,0.0,0.0,0.0,TRUE,CA-017
FL-200,Finance leases - Meridian US,NIG-200,FINANCE_LEASE,230300,USD,202308,2996635.0,0,11351.0,2985284.0,6.4% fixed,FIXED,FALSE,0.0,,2030-12-31,15921.51,0.0,0.0,0.0,TRUE,CA-017
FL-210,Finance leases - Meridian Canada,NIG-210,FINANCE_LEASE,230300,CAD,202308,1484898.14,0,8598.46,1476299.68,6.4% fixed,FIXED,FALSE,0.0,,2030-12-31,7873.6,0.0,0.0,0.0,TRUE,CA-017
FL-220,Finance leases - Halden Valve,NIG-220,FINANCE_LEASE,230300,EUR,202308,324537.76,81134.44,0,405672.2,6.4% fixed,FIXED,FALSE,0.0,,2030-12-31,2163.59,0.0,0.0,0.0,TRUE,CA-017
FL-300,Finance leases - Cascade US,NIG-300,FINANCE_LEASE,230300,USD,202308,2240049.83,0,8485.17,2231564.67,6.4% fixed,FIXED,FALSE,0.0,,2030-12-31,11901.68,0.0,0.0,0.0,TRUE,CA-017
FL-310,Finance leases - Cascade Canada,NIG-310,FINANCE_LEASE,230300,CAD,202308,1058887.04,0,6131.59,1052755.45,6.4% fixed,FIXED,FALSE,0.0,,2030-12-31,5614.7,0.0,0.0,0.0,TRUE,CA-017
FL-320,Finance leases - Tyneside,NIG-320,FINANCE_LEASE,230300,GBP,202308,529845.19,0,4387.4,525457.79,6.4% fixed,FIXED,FALSE,0.0,,2030-12-31,2802.44,0.0,0.0,0.0,TRUE,CA-017
FL-400,Finance leases - Vector US,NIG-400,FINANCE_LEASE,230300,USD,202308,1094278.42,0,4145.08,1090133.33,6.4% fixed,FIXED,FALSE,0.0,,2030-12-31,5814.04,0.0,0.0,0.0,TRUE,CA-017
FL-500,Finance leases - Aftermarket US,NIG-500,FINANCE_LEASE,230300,USD,202308,504909.92,0,1912.58,502997.33,6.4% fixed,FIXED,FALSE,0.0,,2030-12-31,2682.65,0.0,0.0,0.0,TRUE,CA-017
FL-510,Finance leases - Parts UK,NIG-510,FINANCE_LEASE,230300,GBP,202308,193508.97,0,1602.38,191906.59,6.4% fixed,FIXED,FALSE,0.0,,2030-12-31,1023.5,0.0,0.0,0.0,TRUE,CA-017
TLB-2021,Term Loan B (2021),NIG-100,TERM_LOAN,230100,USD,202309,193533333.33,1916666.67,0.0,195450000.0,SOFR + 425bps,FLOATING,TRUE,100000000.0,2026-12-31,2028-06-15,1280475.0,0.0,5050000.0,0.0,TRUE,CA-015
RCF-2021,Revolving Credit Facility,NIG-100,RCF,220200,USD,202309,12757797.33,594724.67,0.0,13352522.0,SOFR + 450bps,FLOATING,FALSE,0.0,,2027-06-15,115625.0,18750.0,0.0,46647478.0,TRUE,CA-016
FL-100,Finance leases - Northstar Topco,NIG-100,FINANCE_LEASE,230300,USD,202309,418.33,0,1.58,416.75,6.4% fixed,FIXED,FALSE,0.0,,2030-12-31,2.22,0.0,0.0,0.0,TRUE,CA-017
FL-110,Finance leases - Shared Services,NIG-110,FINANCE_LEASE,230300,USD,202309,3440.33,0,13.08,3427.25,6.4% fixed,FIXED,FALSE,0.0,,2030-12-31,18.28,0.0,0.0,0.0,TRUE,CA-017
FL-200,Finance leases - Meridian US,NIG-200,FINANCE_LEASE,230300,USD,202309,2985284.0,0,11351.0,2973933.0,6.4% fixed,FIXED,FALSE,0.0,,2030-12-31,15860.98,0.0,0.0,0.0,TRUE,CA-017
FL-210,Finance leases - Meridian Canada,NIG-210,FINANCE_LEASE,230300,CAD,202309,1476299.68,0,8598.46,1467701.22,6.4% fixed,FIXED,FALSE,0.0,,2030-12-31,7827.74,0.0,0.0,0.0,TRUE,CA-017
FL-220,Finance leases - Halden Valve,NIG-220,FINANCE_LEASE,230300,EUR,202309,405672.2,81134.44,0,486806.64,6.4% fixed,FIXED,FALSE,0.0,,2030-12-31,2596.3,0.0,0.0,0.0,TRUE,CA-017
FL-300,Finance leases - Cascade US,NIG-300,FINANCE_LEASE,230300,USD,202309,2231564.67,0,8485.17,2223079.5,6.4% fixed,FIXED,FALSE,0.0,,2030-12-31,11856.42,0.0,0.0,0.0,TRUE,CA-017
FL-310,Finance leases - Cascade Canada,NIG-310,FINANCE_LEASE,230300,CAD,202309,1052755.45,0,6131.59,1046623.85,6.4% fixed,FIXED,FALSE,0.0,,2030-12-31,5581.99,0.0,0.0,0.0,TRUE,CA-017
FL-320,Finance leases - Tyneside,NIG-320,FINANCE_LEASE,230300,GBP,202309,525457.79,0,4387.4,521070.39,6.4% fixed,FIXED,FALSE,0.0,,2030-12-31,2779.04,0.0,0.0,0.0,TRUE,CA-017
FL-400,Finance leases - Vector US,NIG-400,FINANCE_LEASE,230300,USD,202309,1090133.33,0,4145.08,1085988.25,6.4% fixed,FIXED,FALSE,0.0,,2030-12-31,5791.94,0.0,0.0,0.0,TRUE,CA-017
FL-500,Finance leases - Aftermarket US,NIG-500,FINANCE_LEASE,230300,USD,202309,502997.33,0,1912.58,501084.75,6.4% fixed,FIXED,FALSE,0.0,,2030-12-31,2672.45,0.0,0.0,0.0,TRUE,CA-017
FL-510,Finance leases - Parts UK,NIG-510,FINANCE_LEASE,230300,GBP,202309,191906.59,0,1602.38,190304.21,6.4% fixed,FIXED,FALSE,0.0,,2030-12-31,1014.96,0.0,0.0,0.0,TRUE,CA-017
TLB-2021,Term Loan B (2021),NIG-100,TERM_LOAN,230100,USD,202310,195450000.0,1916666.67,0.0,197366666.67,SOFR + 425bps,FLOATING,TRUE,100000000.0,2026-12-31,2028-06-15,1280475.0,0.0,5100000.0,0.0,TRUE,CA-015
RCF-2021,Revolving Credit Facility,NIG-100,RCF,220200,USD,202310,13352522.0,594724.67,0.0,13947246.67,SOFR + 450bps,FLOATING,FALSE,0.0,,2027-06-15,115625.0,18750.0,0.0,46052753.33,TRUE,CA-016
FL-100,Finance leases - Northstar Topco,NIG-100,FINANCE_LEASE,230300,USD,202310,416.75,0,1.58,415.17,6.4% fixed,FIXED,FALSE,0.0,,2030-12-31,2.21,0.0,0.0,0.0,TRUE,CA-017
FL-110,Finance leases - Shared Services,NIG-110,FINANCE_LEASE,230300,USD,202310,3427.25,0,13.08,3414.17,6.4% fixed,FIXED,FALSE,0.0,,2030-12-31,18.21,0.0,0.0,0.0,TRUE,CA-017
FL-200,Finance leases - Meridian US,NIG-200,FINANCE_LEASE,230300,USD,202310,2973933.0,0,11351.0,2962582.0,6.4% fixed,FIXED,FALSE,0.0,,2030-12-31,15800.44,0.0,0.0,0.0,TRUE,CA-017
FL-210,Finance leases - Meridian Canada,NIG-210,FINANCE_LEASE,230300,CAD,202310,1467701.22,0,8598.46,1459102.75,6.4% fixed,FIXED,FALSE,0.0,,2030-12-31,7781.88,0.0,0.0,0.0,TRUE,CA-017
FL-220,Finance leases - Halden Valve,NIG-220,FINANCE_LEASE,230300,EUR,202310,486806.64,81134.44,0,567941.08,6.4% fixed,FIXED,FALSE,0.0,,2030-12-31,3029.02,0.0,0.0,0.0,TRUE,CA-017
FL-300,Finance leases - Cascade US,NIG-300,FINANCE_LEASE,230300,USD,202310,2223079.5,0,8485.17,2214594.33,6.4% fixed,FIXED,FALSE,0.0,,2030-12-31,11811.17,0.0,0.0,0.0,TRUE,CA-017
FL-310,Finance leases - Cascade Canada,NIG-310,FINANCE_LEASE,230300,CAD,202310,1046623.85,0,6131.59,1040492.26,6.4% fixed,FIXED,FALSE,0.0,,2030-12-31,5549.29,0.0,0.0,0.0,TRUE,CA-017
FL-320,Finance leases - Tyneside,NIG-320,FINANCE_LEASE,230300,GBP,202310,521070.39,0,4387.4,516683.0,6.4% fixed,FIXED,FALSE,0.0,,2030-12-31,2755.64,0.0,0.0,0.0,TRUE,CA-017
FL-400,Finance leases - Vector US,NIG-400,FINANCE_LEASE,230300,USD,202310,1085988.25,0,4145.08,1081843.17,6.4% fixed,FIXED,FALSE,0.0,,2030-12-31,5769.83,0.0,0.0,0.0,TRUE,CA-017
FL-500,Finance leases - Aftermarket US,NIG-500,FINANCE_LEASE,230300,USD,202310,501084.75,0,1912.58,499172.17,6.4% fixed,FIXED,FALSE,0.0,,2030-12-31,2662.25,0.0,0.0,0.0,TRUE,CA-017
FL-510,Finance leases - Parts UK,NIG-510,FINANCE_LEASE,230300,GBP,202310,190304.21,0,1602.38,188701.82,6.4% fixed,FIXED,FALSE,0.0,,2030-12-31,1006.41,0.0,0.0,0.0,TRUE,CA-017
TLB-2021,Term Loan B (2021),NIG-100,TERM_LOAN,230100,USD,202311,197366666.67,1916666.67,0.0,199283333.33,SOFR + 425bps,FLOATING,TRUE,100000000.0,2026-12-31,2028-06-15,1280475.0,0.0,5150000.0,0.0,TRUE,CA-015
RCF-2021,Revolving Credit Facility,NIG-100,RCF,220200,USD,202311,13947246.67,594724.67,0.0,14541971.33,SOFR + 450bps,FLOATING,FALSE,0.0,,2027-06-15,115625.0,18750.0,0.0,45458028.67,TRUE,CA-016
FL-100,Finance leases - Northstar Topco,NIG-100,FINANCE_LEASE,230300,USD,202311,415.17,0,1.58,413.58,6.4% fixed,FIXED,FALSE,0.0,,2030-12-31,2.21,0.0,0.0,0.0,TRUE,CA-017
FL-110,Finance leases - Shared Services,NIG-110,FINANCE_LEASE,230300,USD,202311,3414.17,0,13.08,3401.08,6.4% fixed,FIXED,FALSE,0.0,,2030-12-31,18.14,0.0,0.0,0.0,TRUE,CA-017
FL-200,Finance leases - Meridian US,NIG-200,FINANCE_LEASE,230300,USD,202311,2962582.0,0,11351.0,2951231.0,6.4% fixed,FIXED,FALSE,0.0,,2030-12-31,15739.9,0.0,0.0,0.0,TRUE,CA-017
FL-210,Finance leases - Meridian Canada,NIG-210,FINANCE_LEASE,230300,CAD,202311,1459102.75,0,8598.46,1450504.29,6.4% fixed,FIXED,FALSE,0.0,,2030-12-31,7736.02,0.0,0.0,0.0,TRUE,CA-017
FL-220,Finance leases - Halden Valve,NIG-220,FINANCE_LEASE,230300,EUR,202311,567941.08,81134.44,0,649075.52,6.4% fixed,FIXED,FALSE,0.0,,2030-12-31,3461.74,0.0,0.0,0.0,TRUE,CA-017
FL-300,Finance leases - Cascade US,NIG-300,FINANCE_LEASE,230300,USD,202311,2214594.33,0,8485.17,2206109.17,6.4% fixed,FIXED,FALSE,0.0,,2030-12-31,11765.92,0.0,0.0,0.0,TRUE,CA-017
FL-310,Finance leases - Cascade Canada,NIG-310,FINANCE_LEASE,230300,CAD,202311,1040492.26,0,6131.59,1034360.67,6.4% fixed,FIXED,FALSE,0.0,,2030-12-31,5516.59,0.0,0.0,0.0,TRUE,CA-017
FL-320,Finance leases - Tyneside,NIG-320,FINANCE_LEASE,230300,GBP,202311,516683.0,0,4387.4,512295.6,6.4% fixed,FIXED,FALSE,0.0,,2030-12-31,2732.24,0.0,0.0,0.0,TRUE,CA-017
FL-400,Finance leases - Vector US,NIG-400,FINANCE_LEASE,230300,USD,202311,1081843.17,0,4145.08,1077698.08,6.4% fixed,FIXED,FALSE,0.0,,2030-12-31,5747.72,0.0,0.0,0.0,TRUE,CA-017
FL-500,Finance leases - Aftermarket US,NIG-500,FINANCE_LEASE,230300,USD,202311,499172.17,0,1912.58,497259.58,6.4% fixed,FIXED,FALSE,0.0,,2030-12-31,2652.05,0.0,0.0,0.0,TRUE,CA-017
FL-510,Finance leases - Parts UK,NIG-510,FINANCE_LEASE,230300,GBP,202311,188701.82,0,1602.38,187099.44,6.4% fixed,FIXED,FALSE,0.0,,2030-12-31,997.86,0.0,0.0,0.0,TRUE,CA-017
TLB-2021,Term Loan B (2021),NIG-100,TERM_LOAN,230100,USD,202312,199283333.33,1916666.67,0.0,201200000.0,SOFR + 425bps,FLOATING,TRUE,100000000.0,2026-12-31,2028-06-15,1280475.0,0.0,5200000.0,0.0,TRUE,CA-015
RCF-2021,Revolving Credit Facility,NIG-100,RCF,220200,USD,202312,14541971.33,594724.67,0.0,15136696.0,SOFR + 450bps,FLOATING,FALSE,0.0,,2027-06-15,115625.0,18750.0,0.0,44863304.0,TRUE,CA-016
FL-100,Finance leases - Northstar Topco,NIG-100,FINANCE_LEASE,230300,USD,202312,413.58,0,1.58,412.0,6.4% fixed,FIXED,FALSE,0.0,,2030-12-31,2.2,0.0,0.0,0.0,TRUE,CA-017
FL-110,Finance leases - Shared Services,NIG-110,FINANCE_LEASE,230300,USD,202312,3401.08,0,13.08,3388.0,6.4% fixed,FIXED,FALSE,0.0,,2030-12-31,18.07,0.0,0.0,0.0,TRUE,CA-017
FL-200,Finance leases - Meridian US,NIG-200,FINANCE_LEASE,230300,USD,202312,2951231.0,0,11351.0,2939880.0,6.4% fixed,FIXED,FALSE,0.0,,2030-12-31,15679.36,0.0,0.0,0.0,TRUE,CA-017
FL-210,Finance leases - Meridian Canada,NIG-210,FINANCE_LEASE,230300,CAD,202312,1450504.29,0,8598.46,1441905.83,6.4% fixed,FIXED,FALSE,0.0,,2030-12-31,7690.16,0.0,0.0,0.0,TRUE,CA-017
FL-220,Finance leases - Halden Valve,NIG-220,FINANCE_LEASE,230300,EUR,202312,649075.52,81134.44,0,730209.95,6.4% fixed,FIXED,FALSE,0.0,,2030-12-31,3894.45,0.0,0.0,0.0,TRUE,CA-017
FL-300,Finance leases - Cascade US,NIG-300,FINANCE_LEASE,230300,USD,202312,2206109.17,0,8485.17,2197624.0,6.4% fixed,FIXED,FALSE,0.0,,2030-12-31,11720.66,0.0,0.0,0.0,TRUE,CA-017
FL-310,Finance leases - Cascade Canada,NIG-310,FINANCE_LEASE,230300,CAD,202312,1034360.67,0,6131.59,1028229.07,6.4% fixed,FIXED,FALSE,0.0,,2030-12-31,5483.89,0.0,0.0,0.0,TRUE,CA-017
FL-320,Finance leases - Tyneside,NIG-320,FINANCE_LEASE,230300,GBP,202312,512295.6,0,4387.4,507908.2,6.4% fixed,FIXED,FALSE,0.0,,2030-12-31,2708.84,0.0,0.0,0.0,TRUE,CA-017
FL-400,Finance leases - Vector US,NIG-400,FINANCE_LEASE,230300,USD,202312,1077698.08,0,4145.08,1073553.0,6.4% fixed,FIXED,FALSE,0.0,,2030-12-31,5725.62,0.0,0.0,0.0,TRUE,CA-017
FL-500,Finance leases - Aftermarket US,NIG-500,FINANCE_LEASE,230300,USD,202312,497259.58,0,1912.58,495347.0,6.4% fixed,FIXED,FALSE,0.0,,2030-12-31,2641.85,0.0,0.0,0.0,TRUE,CA-017
FL-510,Finance leases - Parts UK,NIG-510,FINANCE_LEASE,230300,GBP,202312,187099.44,0,1602.38,185497.06,6.4% fixed,FIXED,FALSE,0.0,,2030-12-31,989.32,0.0,0.0,0.0,TRUE,CA-017
TLB-2021,Term Loan B (2021),NIG-100,TERM_LOAN,230100,USD,202401,201200000.0,2308333.33,0.0,203508333.33,SOFR + 425bps,FLOATING,TRUE,100000000.0,2026-12-31,2028-06-15,1496389.58,0.0,5300000.0,0.0,TRUE,CA-015
RCF-2021,Revolving Credit Facility,NIG-100,RCF,220200,USD,202401,15136696.0,725932.17,0.0,15862628.17,SOFR + 450bps,FLOATING,FALSE,0.0,,2027-06-15,93500.0,20000.0,0.0,44137371.83,TRUE,CA-016
FL-100,Finance leases - Northstar Topco,NIG-100,FINANCE_LEASE,230300,USD,202401,412.0,0,4.08,407.92,6.4% fixed,FIXED,FALSE,0.0,,2030-12-31,2.18,0.0,0.0,0.0,TRUE,CA-017
FL-110,Finance leases - Shared Services,NIG-110,FINANCE_LEASE,230300,USD,202401,3388.0,0,17.0,3371.0,6.4% fixed,FIXED,FALSE,0.0,,2030-12-31,17.98,0.0,0.0,0.0,TRUE,CA-017
FL-200,Finance leases - Meridian US,NIG-200,FINANCE_LEASE,230300,USD,202401,2939880.0,2045.42,0,2941925.42,6.4% fixed,FIXED,FALSE,0.0,,2030-12-31,15690.27,0.0,0.0,0.0,TRUE,CA-017
FL-210,Finance leases - Meridian Canada,NIG-210,FINANCE_LEASE,230300,CAD,202401,1441905.83,0,2346.99,1439558.84,6.4% fixed,FIXED,FALSE,0.0,,2030-12-31,7677.65,0.0,0.0,0.0,TRUE,CA-017
FL-220,Finance leases - Halden Valve,NIG-220,FINANCE_LEASE,230300,EUR,202401,730209.95,19201.08,0,749411.03,6.4% fixed,FIXED,FALSE,0.0,,2030-12-31,3996.86,0.0,0.0,0.0,TRUE,CA-017
FL-300,Finance leases - Cascade US,NIG-300,FINANCE_LEASE,230300,USD,202401,2197624.0,0,1710.42,2195913.58,6.4% fixed,FIXED,FALSE,0.0,,2030-12-31,11711.54,0.0,0.0,0.0,TRUE,CA-017
FL-310,Finance leases - Cascade Canada,NIG-310,FINANCE_LEASE,230300,CAD,202401,1028229.07,4703.91,0,1032932.98,6.4% fixed,FIXED,FALSE,0.0,,2030-12-31,5508.98,0.0,0.0,0.0,TRUE,CA-017
FL-320,Finance leases - Tyneside,NIG-320,FINANCE_LEASE,230300,GBP,202401,507908.2,1699.74,0,509607.94,6.4% fixed,FIXED,FALSE,0.0,,2030-12-31,2717.91,0.0,0.0,0.0,TRUE,CA-017
FL-400,Finance leases - Vector US,NIG-400,FINANCE_LEASE,230300,USD,202401,1073553.0,0,6940.67,1066612.33,6.4% fixed,FIXED,FALSE,0.0,,2030-12-31,5688.6,0.0,0.0,0.0,TRUE,CA-017
FL-500,Finance leases - Aftermarket US,NIG-500,FINANCE_LEASE,230300,USD,202401,495347.0,0,1405.5,493941.5,6.4% fixed,FIXED,FALSE,0.0,,2030-12-31,2634.35,0.0,0.0,0.0,TRUE,CA-017
FL-510,Finance leases - Parts UK,NIG-510,FINANCE_LEASE,230300,GBP,202401,185497.06,176.23,0,185673.29,6.4% fixed,FIXED,FALSE,0.0,,2030-12-31,990.26,0.0,0.0,0.0,TRUE,CA-017
TLB-2021,Term Loan B (2021),NIG-100,TERM_LOAN,230100,USD,202402,203508333.33,2308333.33,0.0,205816666.67,SOFR + 425bps,FLOATING,TRUE,100000000.0,2026-12-31,2028-06-15,1496389.58,0.0,5400000.0,0.0,TRUE,CA-015
RCF-2021,Revolving Credit Facility,NIG-100,RCF,220200,USD,202402,15862628.17,725932.17,0.0,16588560.33,SOFR + 450bps,FLOATING,FALSE,0.0,,2027-06-15,93500.0,20000.0,0.0,43411439.67,TRUE,CA-016
FL-100,Finance leases - Northstar Topco,NIG-100,FINANCE_LEASE,230300,USD,202402,407.92,0,4.08,403.83,6.4% fixed,FIXED,FALSE,0.0,,2030-12-31,2.15,0.0,0.0,0.0,TRUE,CA-017
FL-110,Finance leases - Shared Services,NIG-110,FINANCE_LEASE,230300,USD,202402,3371.0,0,17.0,3354.0,6.4% fixed,FIXED,FALSE,0.0,,2030-12-31,17.89,0.0,0.0,0.0,TRUE,CA-017
FL-200,Finance leases - Meridian US,NIG-200,FINANCE_LEASE,230300,USD,202402,2941925.42,2045.42,0,2943970.83,6.4% fixed,FIXED,FALSE,0.0,,2030-12-31,15701.18,0.0,0.0,0.0,TRUE,CA-017
FL-210,Finance leases - Meridian Canada,NIG-210,FINANCE_LEASE,230300,CAD,202402,1439558.84,0,2346.99,1437211.85,6.4% fixed,FIXED,FALSE,0.0,,2030-12-31,7665.13,0.0,0.0,0.0,TRUE,CA-017
FL-220,Finance leases - Halden Valve,NIG-220,FINANCE_LEASE,230300,EUR,202402,749411.03,19201.08,0,768612.11,6.4% fixed,FIXED,FALSE,0.0,,2030-12-31,4099.26,0.0,0.0,0.0,TRUE,CA-017
FL-300,Finance leases - Cascade US,NIG-300,FINANCE_LEASE,230300,USD,202402,2195913.58,0,1710.42,2194203.17,6.4% fixed,FIXED,FALSE,0.0,,2030-12-31,11702.42,0.0,0.0,0.0,TRUE,CA-017
FL-310,Finance leases - Cascade Canada,NIG-310,FINANCE_LEASE,230300,CAD,202402,1032932.98,4703.91,0,1037636.89,6.4% fixed,FIXED,FALSE,0.0,,2030-12-31,5534.06,0.0,0.0,0.0,TRUE,CA-017
FL-320,Finance leases - Tyneside,NIG-320,FINANCE_LEASE,230300,GBP,202402,509607.94,1699.74,0,511307.68,6.4% fixed,FIXED,FALSE,0.0,,2030-12-31,2726.97,0.0,0.0,0.0,TRUE,CA-017
FL-400,Finance leases - Vector US,NIG-400,FINANCE_LEASE,230300,USD,202402,1066612.33,0,6940.67,1059671.67,6.4% fixed,FIXED,FALSE,0.0,,2030-12-31,5651.58,0.0,0.0,0.0,TRUE,CA-017
FL-500,Finance leases - Aftermarket US,NIG-500,FINANCE_LEASE,230300,USD,202402,493941.5,0,1405.5,492536.0,6.4% fixed,FIXED,FALSE,0.0,,2030-12-31,2626.86,0.0,0.0,0.0,TRUE,CA-017
FL-510,Finance leases - Parts UK,NIG-510,FINANCE_LEASE,230300,GBP,202402,185673.29,176.23,0,185849.52,6.4% fixed,FIXED,FALSE,0.0,,2030-12-31,991.2,0.0,0.0,0.0,TRUE,CA-017
TLB-2021,Term Loan B (2021),NIG-100,TERM_LOAN,230100,USD,202403,205816666.67,2308333.33,0.0,208125000.0,SOFR + 425bps,FLOATING,TRUE,100000000.0,2026-12-31,2028-06-15,1496389.58,0.0,5500000.0,0.0,TRUE,CA-015
RCF-2021,Revolving Credit Facility,NIG-100,RCF,220200,USD,202403,16588560.33,725932.17,0.0,17314492.5,SOFR + 450bps,FLOATING,FALSE,0.0,,2027-06-15,93500.0,20000.0,0.0,42685507.5,TRUE,CA-016
FL-100,Finance leases - Northstar Topco,NIG-100,FINANCE_LEASE,230300,USD,202403,403.83,0,4.08,399.75,6.4% fixed,FIXED,FALSE,0.0,,2030-12-31,2.13,0.0,0.0,0.0,TRUE,CA-017
FL-110,Finance leases - Shared Services,NIG-110,FINANCE_LEASE,230300,USD,202403,3354.0,0,17.0,3337.0,6.4% fixed,FIXED,FALSE,0.0,,2030-12-31,17.8,0.0,0.0,0.0,TRUE,CA-017
FL-200,Finance leases - Meridian US,NIG-200,FINANCE_LEASE,230300,USD,202403,2943970.83,2045.42,0,2946016.25,6.4% fixed,FIXED,FALSE,0.0,,2030-12-31,15712.09,0.0,0.0,0.0,TRUE,CA-017
FL-210,Finance leases - Meridian Canada,NIG-210,FINANCE_LEASE,230300,CAD,202403,1437211.85,0,2346.99,1434864.85,6.4% fixed,FIXED,FALSE,0.0,,2030-12-31,7652.61,0.0,0.0,0.0,TRUE,CA-017
FL-220,Finance leases - Halden Valve,NIG-220,FINANCE_LEASE,230300,EUR,202403,768612.11,19201.08,0,787813.19,6.4% fixed,FIXED,FALSE,0.0,,2030-12-31,4201.67,0.0,0.0,0.0,TRUE,CA-017
FL-300,Finance leases - Cascade US,NIG-300,FINANCE_LEASE,230300,USD,202403,2194203.17,0,1710.42,2192492.75,6.4% fixed,FIXED,FALSE,0.0,,2030-12-31,11693.29,0.0,0.0,0.0,TRUE,CA-017
FL-310,Finance leases - Cascade Canada,NIG-310,FINANCE_LEASE,230300,CAD,202403,1037636.89,4703.91,0,1042340.79,6.4% fixed,FIXED,FALSE,0.0,,2030-12-31,5559.15,0.0,0.0,0.0,TRUE,CA-017
FL-320,Finance leases - Tyneside,NIG-320,FINANCE_LEASE,230300,GBP,202403,511307.68,1699.74,0,513007.43,6.4% fixed,FIXED,FALSE,0.0,,2030-12-31,2736.04,0.0,0.0,0.0,TRUE,CA-017
FL-400,Finance leases - Vector US,NIG-400,FINANCE_LEASE,230300,USD,202403,1059671.67,0,6940.67,1052731.0,6.4% fixed,FIXED,FALSE,0.0,,2030-12-31,5614.57,0.0,0.0,0.0,TRUE,CA-017
FL-500,Finance leases - Aftermarket US,NIG-500,FINANCE_LEASE,230300,USD,202403,492536.0,0,1405.5,491130.5,6.4% fixed,FIXED,FALSE,0.0,,2030-12-31,2619.36,0.0,0.0,0.0,TRUE,CA-017
FL-510,Finance leases - Parts UK,NIG-510,FINANCE_LEASE,230300,GBP,202403,185849.52,176.23,0,186025.75,6.4% fixed,FIXED,FALSE,0.0,,2030-12-31,992.14,0.0,0.0,0.0,TRUE,CA-017
TLB-2021,Term Loan B (2021),NIG-100,TERM_LOAN,230100,USD,202404,208125000.0,2308333.33,0.0,210433333.33,SOFR + 425bps,FLOATING,TRUE,100000000.0,2026-12-31,2028-06-15,1496389.58,0.0,5600000.0,0.0,TRUE,CA-015
RCF-2021,Revolving Credit Facility,NIG-100,RCF,220200,USD,202404,17314492.5,725932.17,0.0,18040424.67,SOFR + 450bps,FLOATING,FALSE,0.0,,2027-06-15,93500.0,20000.0,0.0,41959575.33,TRUE,CA-016
FL-100,Finance leases - Northstar Topco,NIG-100,FINANCE_LEASE,230300,USD,202404,399.75,0,4.08,395.67,6.4% fixed,FIXED,FALSE,0.0,,2030-12-31,2.11,0.0,0.0,0.0,TRUE,CA-017
FL-110,Finance leases - Shared Services,NIG-110,FINANCE_LEASE,230300,USD,202404,3337.0,0,17.0,3320.0,6.4% fixed,FIXED,FALSE,0.0,,2030-12-31,17.71,0.0,0.0,0.0,TRUE,CA-017
FL-200,Finance leases - Meridian US,NIG-200,FINANCE_LEASE,230300,USD,202404,2946016.25,2045.42,0,2948061.67,6.4% fixed,FIXED,FALSE,0.0,,2030-12-31,15723.0,0.0,0.0,0.0,TRUE,CA-017
FL-210,Finance leases - Meridian Canada,NIG-210,FINANCE_LEASE,230300,CAD,202404,1434864.85,0,2346.99,1432517.86,6.4% fixed,FIXED,FALSE,0.0,,2030-12-31,7640.1,0.0,0.0,0.0,TRUE,CA-017
FL-220,Finance leases - Halden Valve,NIG-220,FINANCE_LEASE,230300,EUR,202404,787813.19,19201.08,0,807014.27,6.4% fixed,FIXED,FALSE,0.0,,2030-12-31,4304.08,0.0,0.0,0.0,TRUE,CA-017
FL-300,Finance leases - Cascade US,NIG-300,FINANCE_LEASE,230300,USD,202404,2192492.75,0,1710.42,2190782.33,6.4% fixed,FIXED,FALSE,0.0,,2030-12-31,11684.17,0.0,0.0,0.0,TRUE,CA-017
FL-310,Finance leases - Cascade Canada,NIG-310,FINANCE_LEASE,230300,CAD,202404,1042340.79,4703.91,0,1047044.7,6.4% fixed,FIXED,FALSE,0.0,,2030-12-31,5584.24,0.0,0.0,0.0,TRUE,CA-017
FL-320,Finance leases - Tyneside,NIG-320,FINANCE_LEASE,230300,GBP,202404,513007.43,1699.74,0,514707.17,6.4% fixed,FIXED,FALSE,0.0,,2030-12-31,2745.1,0.0,0.0,0.0,TRUE,CA-017
FL-400,Finance leases - Vector US,NIG-400,FINANCE_LEASE,230300,USD,202404,1052731.0,0,6940.67,1045790.33,6.4% fixed,FIXED,FALSE,0.0,,2030-12-31,5577.55,0.0,0.0,0.0,TRUE,CA-017
FL-500,Finance leases - Aftermarket US,NIG-500,FINANCE_LEASE,230300,USD,202404,491130.5,0,1405.5,489725.0,6.4% fixed,FIXED,FALSE,0.0,,2030-12-31,2611.87,0.0,0.0,0.0,TRUE,CA-017
FL-510,Finance leases - Parts UK,NIG-510,FINANCE_LEASE,230300,GBP,202404,186025.75,176.23,0,186201.98,6.4% fixed,FIXED,FALSE,0.0,,2030-12-31,993.08,0.0,0.0,0.0,TRUE,CA-017
TLB-2021,Term Loan B (2021),NIG-100,TERM_LOAN,230100,USD,202405,210433333.33,2308333.33,0.0,212741666.67,SOFR + 425bps,FLOATING,TRUE,100000000.0,2026-12-31,2028-06-15,1496389.58,0.0,5700000.0,0.0,TRUE,CA-015
RCF-2021,Revolving Credit Facility,NIG-100,RCF,220200,USD,202405,18040424.67,725932.17,0.0,18766356.83,SOFR + 450bps,FLOATING,FALSE,0.0,,2027-06-15,93500.0,20000.0,0.0,41233643.17,TRUE,CA-016
FL-100,Finance leases - Northstar Topco,NIG-100,FINANCE_LEASE,230300,USD,202405,395.67,0,4.08,391.58,6.4% fixed,FIXED,FALSE,0.0,,2030-12-31,2.09,0.0,0.0,0.0,TRUE,CA-017
FL-110,Finance leases - Shared Services,NIG-110,FINANCE_LEASE,230300,USD,202405,3320.0,0,17.0,3303.0,6.4% fixed,FIXED,FALSE,0.0,,2030-12-31,17.62,0.0,0.0,0.0,TRUE,CA-017
FL-200,Finance leases - Meridian US,NIG-200,FINANCE_LEASE,230300,USD,202405,2948061.67,2045.42,0,2950107.08,6.4% fixed,FIXED,FALSE,0.0,,2030-12-31,15733.9,0.0,0.0,0.0,TRUE,CA-017
FL-210,Finance leases - Meridian Canada,NIG-210,FINANCE_LEASE,230300,CAD,202405,1432517.86,0,2346.99,1430170.87,6.4% fixed,FIXED,FALSE,0.0,,2030-12-31,7627.58,0.0,0.0,0.0,TRUE,CA-017
FL-220,Finance leases - Halden Valve,NIG-220,FINANCE_LEASE,230300,EUR,202405,807014.27,19201.08,0,826215.34,6.4% fixed,FIXED,FALSE,0.0,,2030-12-31,4406.48,0.0,0.0,0.0,TRUE,CA-017
FL-300,Finance leases - Cascade US,NIG-300,FINANCE_LEASE,230300,USD,202405,2190782.33,0,1710.42,2189071.92,6.4% fixed,FIXED,FALSE,0.0,,2030-12-31,11675.05,0.0,0.0,0.0,TRUE,CA-017
FL-310,Finance leases - Cascade Canada,NIG-310,FINANCE_LEASE,230300,CAD,202405,1047044.7,4703.91,0,1051748.61,6.4% fixed,FIXED,FALSE,0.0,,2030-12-31,5609.33,0.0,0.0,0.0,TRUE,CA-017
FL-320,Finance leases - Tyneside,NIG-320,FINANCE_LEASE,230300,GBP,202405,514707.17,1699.74,0,516406.91,6.4% fixed,FIXED,FALSE,0.0,,2030-12-31,2754.17,0.0,0.0,0.0,TRUE,CA-017
FL-400,Finance leases - Vector US,NIG-400,FINANCE_LEASE,230300,USD,202405,1045790.33,0,6940.67,1038849.67,6.4% fixed,FIXED,FALSE,0.0,,2030-12-31,5540.53,0.0,0.0,0.0,TRUE,CA-017
FL-500,Finance leases - Aftermarket US,NIG-500,FINANCE_LEASE,230300,USD,202405,489725.0,0,1405.5,488319.5,6.4% fixed,FIXED,FALSE,0.0,,2030-12-31,2604.37,0.0,0.0,0.0,TRUE,CA-017
FL-510,Finance leases - Parts UK,NIG-510,FINANCE_LEASE,230300,GBP,202405,186201.98,176.23,0,186378.21,6.4% fixed,FIXED,FALSE,0.0,,2030-12-31,994.02,0.0,0.0,0.0,TRUE,CA-017
TLB-2021,Term Loan B (2021),NIG-100,TERM_LOAN,230100,USD,202406,212741666.67,2308333.33,0.0,215050000.0,SOFR + 425bps,FLOATING,TRUE,100000000.0,2026-12-31,2028-06-15,1496389.58,0.0,5800000.0,0.0,TRUE,CA-015
RCF-2021,Revolving Credit Facility,NIG-100,RCF,220200,USD,202406,18766356.83,725932.17,0.0,19492289.0,SOFR + 450bps,FLOATING,FALSE,0.0,,2027-06-15,93500.0,20000.0,0.0,40507711.0,TRUE,CA-016
FL-100,Finance leases - Northstar Topco,NIG-100,FINANCE_LEASE,230300,USD,202406,391.58,0,4.08,387.5,6.4% fixed,FIXED,FALSE,0.0,,2030-12-31,2.07,0.0,0.0,0.0,TRUE,CA-017
FL-110,Finance leases - Shared Services,NIG-110,FINANCE_LEASE,230300,USD,202406,3303.0,0,17.0,3286.0,6.4% fixed,FIXED,FALSE,0.0,,2030-12-31,17.53,0.0,0.0,0.0,TRUE,CA-017
FL-200,Finance leases - Meridian US,NIG-200,FINANCE_LEASE,230300,USD,202406,2950107.08,2045.42,0,2952152.5,6.4% fixed,FIXED,FALSE,0.0,,2030-12-31,15744.81,0.0,0.0,0.0,TRUE,CA-017
FL-210,Finance leases - Meridian Canada,NIG-210,FINANCE_LEASE,230300,CAD,202406,1430170.87,0,2346.99,1427823.87,6.4% fixed,FIXED,FALSE,0.0,,2030-12-31,7615.06,0.0,0.0,0.0,TRUE,CA-017
FL-220,Finance leases - Halden Valve,NIG-220,FINANCE_LEASE,230300,EUR,202406,826215.34,19201.08,0,845416.42,6.4% fixed,FIXED,FALSE,0.0,,2030-12-31,4508.89,0.0,0.0,0.0,TRUE,CA-017
FL-300,Finance leases - Cascade US,NIG-300,FINANCE_LEASE,230300,USD,202406,2189071.92,0,1710.42,2187361.5,6.4% fixed,FIXED,FALSE,0.0,,2030-12-31,11665.93,0.0,0.0,0.0,TRUE,CA-017
FL-310,Finance leases - Cascade Canada,NIG-310,FINANCE_LEASE,230300,CAD,202406,1051748.61,4703.91,0,1056452.51,6.4% fixed,FIXED,FALSE,0.0,,2030-12-31,5634.41,0.0,0.0,0.0,TRUE,CA-017
FL-320,Finance leases - Tyneside,NIG-320,FINANCE_LEASE,230300,GBP,202406,516406.91,1699.74,0,518106.66,6.4% fixed,FIXED,FALSE,0.0,,2030-12-31,2763.24,0.0,0.0,0.0,TRUE,CA-017
FL-400,Finance leases - Vector US,NIG-400,FINANCE_LEASE,230300,USD,202406,1038849.67,0,6940.67,1031909.0,6.4% fixed,FIXED,FALSE,0.0,,2030-12-31,5503.51,0.0,0.0,0.0,TRUE,CA-017
FL-500,Finance leases - Aftermarket US,NIG-500,FINANCE_LEASE,230300,USD,202406,488319.5,0,1405.5,486914.0,6.4% fixed,FIXED,FALSE,0.0,,2030-12-31,2596.87,0.0,0.0,0.0,TRUE,CA-017
FL-510,Finance leases - Parts UK,NIG-510,FINANCE_LEASE,230300,GBP,202406,186378.21,176.23,0,186554.44,6.4% fixed,FIXED,FALSE,0.0,,2030-12-31,994.96,0.0,0.0,0.0,TRUE,CA-017
TLB-2021,Term Loan B (2021),NIG-100,TERM_LOAN,230100,USD,202407,215050000.0,2308333.33,0.0,217358333.33,SOFR + 425bps,FLOATING,TRUE,100000000.0,2026-12-31,2028-06-15,1496389.58,0.0,5900000.0,0.0,TRUE,CA-015
RCF-2021,Revolving Credit Facility,NIG-100,RCF,220200,USD,202407,19492289.0,725932.17,0.0,20218221.17,SOFR + 450bps,FLOATING,FALSE,0.0,,2027-06-15,93500.0,20000.0,0.0,39781778.83,TRUE,CA-016
FL-100,Finance leases - Northstar Topco,NIG-100,FINANCE_LEASE,230300,USD,202407,387.5,0,4.08,383.42,6.4% fixed,FIXED,FALSE,0.0,,2030-12-31,2.04,0.0,0.0,0.0,TRUE,CA-017
FL-110,Finance leases - Shared Services,NIG-110,FINANCE_LEASE,230300,USD,202407,3286.0,0,17.0,3269.0,6.4% fixed,FIXED,FALSE,0.0,,2030-12-31,17.43,0.0,0.0,0.0,TRUE,CA-017
FL-200,Finance leases - Meridian US,NIG-200,FINANCE_LEASE,230300,USD,202407,2952152.5,2045.42,0,2954197.92,6.4% fixed,FIXED,FALSE,0.0,,2030-12-31,15755.72,0.0,0.0,0.0,TRUE,CA-017
FL-210,Finance leases - Meridian Canada,NIG-210,FINANCE_LEASE,230300,CAD,202407,1427823.87,0,2346.99,1425476.88,6.4% fixed,FIXED,FALSE,0.0,,2030-12-31,7602.54,0.0,0.0,0.0,TRUE,CA-017
FL-220,Finance leases - Halden Valve,NIG-220,FINANCE_LEASE,230300,EUR,202407,845416.42,19201.08,0,864617.5,6.4% fixed,FIXED,FALSE,0.0,,2030-12-31,4611.29,0.0,0.0,0.0,TRUE,CA-017
FL-300,Finance leases - Cascade US,NIG-300,FINANCE_LEASE,230300,USD,202407,2187361.5,0,1710.42,2185651.08,6.4% fixed,FIXED,FALSE,0.0,,2030-12-31,11656.81,0.0,0.0,0.0,TRUE,CA-017
FL-310,Finance leases - Cascade Canada,NIG-310,FINANCE_LEASE,230300,CAD,202407,1056452.51,4703.91,0,1061156.42,6.4% fixed,FIXED,FALSE,0.0,,2030-12-31,5659.5,0.0,0.0,0.0,TRUE,CA-017
FL-320,Finance leases - Tyneside,NIG-320,FINANCE_LEASE,230300,GBP,202407,518106.66,1699.74,0,519806.4,6.4% fixed,FIXED,FALSE,0.0,,2030-12-31,2772.3,0.0,0.0,0.0,TRUE,CA-017
FL-400,Finance leases - Vector US,NIG-400,FINANCE_LEASE,230300,USD,202407,1031909.0,0,6940.67,1024968.33,6.4% fixed,FIXED,FALSE,0.0,,2030-12-31,5466.5,0.0,0.0,0.0,TRUE,CA-017
FL-410,Finance leases - Vector BV,NIG-410,FINANCE_LEASE,230300,EUR,202407,20168.84,0.0,0.0,20168.84,6.4% fixed,FIXED,FALSE,0.0,,2030-12-31,107.57,0.0,0.0,0.0,TRUE,CA-017
FL-500,Finance leases - Aftermarket US,NIG-500,FINANCE_LEASE,230300,USD,202407,486914.0,0,1405.5,485508.5,6.4% fixed,FIXED,FALSE,0.0,,2030-12-31,2589.38,0.0,0.0,0.0,TRUE,CA-017
FL-510,Finance leases - Parts UK,NIG-510,FINANCE_LEASE,230300,GBP,202407,186554.44,176.23,0,186730.67,6.4% fixed,FIXED,FALSE,0.0,,2030-12-31,995.9,0.0,0.0,0.0,TRUE,CA-017
TLB-2021,Term Loan B (2021),NIG-100,TERM_LOAN,230100,USD,202408,217358333.33,2308333.33,0.0,219666666.67,SOFR + 425bps,FLOATING,TRUE,100000000.0,2026-12-31,2028-06-15,1496389.58,0.0,6000000.0,0.0,TRUE,CA-015
RCF-2021,Revolving Credit Facility,NIG-100,RCF,220200,USD,202408,20218221.17,725932.17,0.0,20944153.33,SOFR + 450bps,FLOATING,FALSE,0.0,,2027-06-15,93500.0,20000.0,0.0,39055846.67,TRUE,CA-016
FL-100,Finance leases - Northstar Topco,NIG-100,FINANCE_LEASE,230300,USD,202408,383.42,0,4.08,379.33,6.4% fixed,FIXED,FALSE,0.0,,2030-12-31,2.02,0.0,0.0,0.0,TRUE,CA-017
FL-110,Finance leases - Shared Services,NIG-110,FINANCE_LEASE,230300,USD,202408,3269.0,0,17.0,3252.0,6.4% fixed,FIXED,FALSE,0.0,,2030-12-31,17.34,0.0,0.0,0.0,TRUE,CA-017
FL-200,Finance leases - Meridian US,NIG-200,FINANCE_LEASE,230300,USD,202408,2954197.92,2045.42,0,2956243.33,6.4% fixed,FIXED,FALSE,0.0,,2030-12-31,15766.63,0.0,0.0,0.0,TRUE,CA-017
FL-210,Finance leases - Meridian Canada,NIG-210,FINANCE_LEASE,230300,CAD,202408,1425476.88,0,2346.99,1423129.89,6.4% fixed,FIXED,FALSE,0.0,,2030-12-31,7590.03,0.0,0.0,0.0,TRUE,CA-017
FL-220,Finance leases - Halden Valve,NIG-220,FINANCE_LEASE,230300,EUR,202408,864617.5,19201.08,0,883818.58,6.4% fixed,FIXED,FALSE,0.0,,2030-12-31,4713.7,0.0,0.0,0.0,TRUE,CA-017
FL-300,Finance leases - Cascade US,NIG-300,FINANCE_LEASE,230300,USD,202408,2185651.08,0,1710.42,2183940.67,6.4% fixed,FIXED,FALSE,0.0,,2030-12-31,11647.68,0.0,0.0,0.0,TRUE,CA-017
FL-310,Finance leases - Cascade Canada,NIG-310,FINANCE_LEASE,230300,CAD,202408,1061156.42,4703.91,0,1065860.33,6.4% fixed,FIXED,FALSE,0.0,,2030-12-31,5684.59,0.0,0.0,0.0,TRUE,CA-017
FL-320,Finance leases - Tyneside,NIG-320,FINANCE_LEASE,230300,GBP,202408,519806.4,1699.74,0,521506.14,6.4% fixed,FIXED,FALSE,0.0,,2030-12-31,2781.37,0.0,0.0,0.0,TRUE,CA-017
FL-400,Finance leases - Vector US,NIG-400,FINANCE_LEASE,230300,USD,202408,1024968.33,0,6940.67,1018027.67,6.4% fixed,FIXED,FALSE,0.0,,2030-12-31,5429.48,0.0,0.0,0.0,TRUE,CA-017
FL-410,Finance leases - Vector BV,NIG-410,FINANCE_LEASE,230300,EUR,202408,20168.84,20168.84,0,40337.68,6.4% fixed,FIXED,FALSE,0.0,,2030-12-31,215.13,0.0,0.0,0.0,TRUE,CA-017
FL-500,Finance leases - Aftermarket US,NIG-500,FINANCE_LEASE,230300,USD,202408,485508.5,0,1405.5,484103.0,6.4% fixed,FIXED,FALSE,0.0,,2030-12-31,2581.88,0.0,0.0,0.0,TRUE,CA-017
FL-510,Finance leases - Parts UK,NIG-510,FINANCE_LEASE,230300,GBP,202408,186730.67,176.23,0,186906.9,6.4% fixed,FIXED,FALSE,0.0,,2030-12-31,996.84,0.0,0.0,0.0,TRUE,CA-017
TLB-2021,Term Loan B (2021),NIG-100,TERM_LOAN,230100,USD,202409,219666666.67,2308333.33,0.0,221975000.0,SOFR + 425bps,FLOATING,TRUE,100000000.0,2026-12-31,2028-06-15,1496389.58,0.0,6100000.0,0.0,TRUE,CA-015
RCF-2021,Revolving Credit Facility,NIG-100,RCF,220200,USD,202409,20944153.33,725932.17,0.0,21670085.5,SOFR + 450bps,FLOATING,FALSE,0.0,,2027-06-15,93500.0,20000.0,0.0,38329914.5,TRUE,CA-016
FL-100,Finance leases - Northstar Topco,NIG-100,FINANCE_LEASE,230300,USD,202409,379.33,0,4.08,375.25,6.4% fixed,FIXED,FALSE,0.0,,2030-12-31,2.0,0.0,0.0,0.0,TRUE,CA-017
FL-110,Finance leases - Shared Services,NIG-110,FINANCE_LEASE,230300,USD,202409,3252.0,0,17.0,3235.0,6.4% fixed,FIXED,FALSE,0.0,,2030-12-31,17.25,0.0,0.0,0.0,TRUE,CA-017
FL-200,Finance leases - Meridian US,NIG-200,FINANCE_LEASE,230300,USD,202409,2956243.33,2045.42,0,2958288.75,6.4% fixed,FIXED,FALSE,0.0,,2030-12-31,15777.54,0.0,0.0,0.0,TRUE,CA-017
FL-210,Finance leases - Meridian Canada,NIG-210,FINANCE_LEASE,230300,CAD,202409,1423129.89,0,2346.99,1420782.9,6.4% fixed,FIXED,FALSE,0.0,,2030-12-31,7577.51,0.0,0.0,0.0,TRUE,CA-017
FL-220,Finance leases - Halden Valve,NIG-220,FINANCE_LEASE,230300,EUR,202409,883818.58,19201.08,0,903019.65,6.4% fixed,FIXED,FALSE,0.0,,2030-12-31,4816.1,0.0,0.0,0.0,TRUE,CA-017
FL-300,Finance leases - Cascade US,NIG-300,FINANCE_LEASE,230300,USD,202409,2183940.67,0,1710.42,2182230.25,6.4% fixed,FIXED,FALSE,0.0,,2030-12-31,11638.56,0.0,0.0,0.0,TRUE,CA-017
FL-310,Finance leases - Cascade Canada,NIG-310,FINANCE_LEASE,230300,CAD,202409,1065860.33,4703.91,0,1070564.24,6.4% fixed,FIXED,FALSE,0.0,,2030-12-31,5709.68,0.0,0.0,0.0,TRUE,CA-017
FL-320,Finance leases - Tyneside,NIG-320,FINANCE_LEASE,230300,GBP,202409,521506.14,1699.74,0,523205.88,6.4% fixed,FIXED,FALSE,0.0,,2030-12-31,2790.43,0.0,0.0,0.0,TRUE,CA-017
FL-400,Finance leases - Vector US,NIG-400,FINANCE_LEASE,230300,USD,202409,1018027.67,0,6940.67,1011087.0,6.4% fixed,FIXED,FALSE,0.0,,2030-12-31,5392.46,0.0,0.0,0.0,TRUE,CA-017
FL-410,Finance leases - Vector BV,NIG-410,FINANCE_LEASE,230300,EUR,202409,40337.68,20168.84,0,60506.52,6.4% fixed,FIXED,FALSE,0.0,,2030-12-31,322.7,0.0,0.0,0.0,TRUE,CA-017
FL-500,Finance leases - Aftermarket US,NIG-500,FINANCE_LEASE,230300,USD,202409,484103.0,0,1405.5,482697.5,6.4% fixed,FIXED,FALSE,0.0,,2030-12-31,2574.39,0.0,0.0,0.0,TRUE,CA-017
FL-510,Finance leases - Parts UK,NIG-510,FINANCE_LEASE,230300,GBP,202409,186906.9,176.23,0,187083.13,6.4% fixed,FIXED,FALSE,0.0,,2030-12-31,997.78,0.0,0.0,0.0,TRUE,CA-017
TLB-2021,Term Loan B (2021),NIG-100,TERM_LOAN,230100,USD,202410,221975000.0,2308333.33,0.0,224283333.33,SOFR + 425bps,FLOATING,TRUE,100000000.0,2026-12-31,2028-06-15,1496389.58,0.0,6200000.0,0.0,TRUE,CA-015
RCF-2021,Revolving Credit Facility,NIG-100,RCF,220200,USD,202410,21670085.5,725932.17,0.0,22396017.67,SOFR + 450bps,FLOATING,FALSE,0.0,,2027-06-15,93500.0,20000.0,0.0,37603982.33,TRUE,CA-016
FL-100,Finance leases - Northstar Topco,NIG-100,FINANCE_LEASE,230300,USD,202410,375.25,0,4.08,371.17,6.4% fixed,FIXED,FALSE,0.0,,2030-12-31,1.98,0.0,0.0,0.0,TRUE,CA-017
FL-110,Finance leases - Shared Services,NIG-110,FINANCE_LEASE,230300,USD,202410,3235.0,0,17.0,3218.0,6.4% fixed,FIXED,FALSE,0.0,,2030-12-31,17.16,0.0,0.0,0.0,TRUE,CA-017
FL-200,Finance leases - Meridian US,NIG-200,FINANCE_LEASE,230300,USD,202410,2958288.75,2045.42,0,2960334.17,6.4% fixed,FIXED,FALSE,0.0,,2030-12-31,15788.45,0.0,0.0,0.0,TRUE,CA-017
FL-210,Finance leases - Meridian Canada,NIG-210,FINANCE_LEASE,230300,CAD,202410,1420782.9,0,2346.99,1418435.9,6.4% fixed,FIXED,FALSE,0.0,,2030-12-31,7564.99,0.0,0.0,0.0,TRUE,CA-017
FL-220,Finance leases - Halden Valve,NIG-220,FINANCE_LEASE,230300,EUR,202410,903019.65,19201.08,0,922220.73,6.4% fixed,FIXED,FALSE,0.0,,2030-12-31,4918.51,0.0,0.0,0.0,TRUE,CA-017
FL-300,Finance leases - Cascade US,NIG-300,FINANCE_LEASE,230300,USD,202410,2182230.25,0,1710.42,2180519.83,6.4% fixed,FIXED,FALSE,0.0,,2030-12-31,11629.44,0.0,0.0,0.0,TRUE,CA-017
FL-310,Finance leases - Cascade Canada,NIG-310,FINANCE_LEASE,230300,CAD,202410,1070564.24,4703.91,0,1075268.14,6.4% fixed,FIXED,FALSE,0.0,,2030-12-31,5734.76,0.0,0.0,0.0,TRUE,CA-017
FL-320,Finance leases - Tyneside,NIG-320,FINANCE_LEASE,230300,GBP,202410,523205.88,1699.74,0,524905.63,6.4% fixed,FIXED,FALSE,0.0,,2030-12-31,2799.5,0.0,0.0,0.0,TRUE,CA-017
FL-400,Finance leases - Vector US,NIG-400,FINANCE_LEASE,230300,USD,202410,1011087.0,0,6940.67,1004146.33,6.4% fixed,FIXED,FALSE,0.0,,2030-12-31,5355.45,0.0,0.0,0.0,TRUE,CA-017
FL-410,Finance leases - Vector BV,NIG-410,FINANCE_LEASE,230300,EUR,202410,60506.52,20168.84,0,80675.36,6.4% fixed,FIXED,FALSE,0.0,,2030-12-31,430.27,0.0,0.0,0.0,TRUE,CA-017
FL-500,Finance leases - Aftermarket US,NIG-500,FINANCE_LEASE,230300,USD,202410,482697.5,0,1405.5,481292.0,6.4% fixed,FIXED,FALSE,0.0,,2030-12-31,2566.89,0.0,0.0,0.0,TRUE,CA-017
FL-510,Finance leases - Parts UK,NIG-510,FINANCE_LEASE,230300,GBP,202410,187083.13,176.23,0,187259.36,6.4% fixed,FIXED,FALSE,0.0,,2030-12-31,998.72,0.0,0.0,0.0,TRUE,CA-017
TLB-2021,Term Loan B (2021),NIG-100,TERM_LOAN,230100,USD,202411,224283333.33,2308333.33,0.0,226591666.67,SOFR + 425bps,FLOATING,TRUE,100000000.0,2026-12-31,2028-06-15,1496389.58,0.0,6300000.0,0.0,TRUE,CA-015
RCF-2021,Revolving Credit Facility,NIG-100,RCF,220200,USD,202411,22396017.67,725932.17,0.0,23121949.83,SOFR + 450bps,FLOATING,FALSE,0.0,,2027-06-15,93500.0,20000.0,0.0,36878050.17,TRUE,CA-016
FL-100,Finance leases - Northstar Topco,NIG-100,FINANCE_LEASE,230300,USD,202411,371.17,0,4.08,367.08,6.4% fixed,FIXED,FALSE,0.0,,2030-12-31,1.96,0.0,0.0,0.0,TRUE,CA-017
FL-110,Finance leases - Shared Services,NIG-110,FINANCE_LEASE,230300,USD,202411,3218.0,0,17.0,3201.0,6.4% fixed,FIXED,FALSE,0.0,,2030-12-31,17.07,0.0,0.0,0.0,TRUE,CA-017
FL-200,Finance leases - Meridian US,NIG-200,FINANCE_LEASE,230300,USD,202411,2960334.17,2045.42,0,2962379.58,6.4% fixed,FIXED,FALSE,0.0,,2030-12-31,15799.36,0.0,0.0,0.0,TRUE,CA-017
FL-210,Finance leases - Meridian Canada,NIG-210,FINANCE_LEASE,230300,CAD,202411,1418435.9,0,2346.99,1416088.91,6.4% fixed,FIXED,FALSE,0.0,,2030-12-31,7552.47,0.0,0.0,0.0,TRUE,CA-017
FL-220,Finance leases - Halden Valve,NIG-220,FINANCE_LEASE,230300,EUR,202411,922220.73,19201.08,0,941421.81,6.4% fixed,FIXED,FALSE,0.0,,2030-12-31,5020.92,0.0,0.0,0.0,TRUE,CA-017
FL-300,Finance leases - Cascade US,NIG-300,FINANCE_LEASE,230300,USD,202411,2180519.83,0,1710.42,2178809.42,6.4% fixed,FIXED,FALSE,0.0,,2030-12-31,11620.32,0.0,0.0,0.0,TRUE,CA-017
FL-310,Finance leases - Cascade Canada,NIG-310,FINANCE_LEASE,230300,CAD,202411,1075268.14,4703.91,0,1079972.05,6.4% fixed,FIXED,FALSE,0.0,,2030-12-31,5759.85,0.0,0.0,0.0,TRUE,CA-017
FL-320,Finance leases - Tyneside,NIG-320,FINANCE_LEASE,230300,GBP,202411,524905.63,1699.74,0,526605.37,6.4% fixed,FIXED,FALSE,0.0,,2030-12-31,2808.56,0.0,0.0,0.0,TRUE,CA-017
FL-400,Finance leases - Vector US,NIG-400,FINANCE_LEASE,230300,USD,202411,1004146.33,0,6940.67,997205.67,6.4% fixed,FIXED,FALSE,0.0,,2030-12-31,5318.43,0.0,0.0,0.0,TRUE,CA-017
FL-410,Finance leases - Vector BV,NIG-410,FINANCE_LEASE,230300,EUR,202411,80675.36,20168.84,0,100844.2,6.4% fixed,FIXED,FALSE,0.0,,2030-12-31,537.84,0.0,0.0,0.0,TRUE,CA-017
FL-500,Finance leases - Aftermarket US,NIG-500,FINANCE_LEASE,230300,USD,202411,481292.0,0,1405.5,479886.5,6.4% fixed,FIXED,FALSE,0.0,,2030-12-31,2559.39,0.0,0.0,0.0,TRUE,CA-017
FL-510,Finance leases - Parts UK,NIG-510,FINANCE_LEASE,230300,GBP,202411,187259.36,176.23,0,187435.59,6.4% fixed,FIXED,FALSE,0.0,,2030-12-31,999.66,0.0,0.0,0.0,TRUE,CA-017
TLB-2021,Term Loan B (2021),NIG-100,TERM_LOAN,230100,USD,202412,226591666.67,2308333.33,0.0,228900000.0,SOFR + 425bps,FLOATING,TRUE,100000000.0,2026-12-31,2028-06-15,1496389.58,0.0,6400000.0,0.0,TRUE,CA-015
RCF-2021,Revolving Credit Facility,NIG-100,RCF,220200,USD,202412,23121949.83,725932.17,0.0,23847882.0,SOFR + 450bps,FLOATING,FALSE,0.0,,2027-06-15,93500.0,20000.0,0.0,36152118.0,TRUE,CA-016
FL-100,Finance leases - Northstar Topco,NIG-100,FINANCE_LEASE,230300,USD,202412,367.08,0,4.08,363.0,6.4% fixed,FIXED,FALSE,0.0,,2030-12-31,1.94,0.0,0.0,0.0,TRUE,CA-017
FL-110,Finance leases - Shared Services,NIG-110,FINANCE_LEASE,230300,USD,202412,3201.0,0,17.0,3184.0,6.4% fixed,FIXED,FALSE,0.0,,2030-12-31,16.98,0.0,0.0,0.0,TRUE,CA-017
FL-200,Finance leases - Meridian US,NIG-200,FINANCE_LEASE,230300,USD,202412,2962379.58,2045.42,0,2964425.0,6.4% fixed,FIXED,FALSE,0.0,,2030-12-31,15810.27,0.0,0.0,0.0,TRUE,CA-017
FL-210,Finance leases - Meridian Canada,NIG-210,FINANCE_LEASE,230300,CAD,202412,1416088.91,0,2346.99,1413741.92,6.4% fixed,FIXED,FALSE,0.0,,2030-12-31,7539.96,0.0,0.0,0.0,TRUE,CA-017
FL-220,Finance leases - Halden Valve,NIG-220,FINANCE_LEASE,230300,EUR,202412,941421.81,19201.08,0,960622.89,6.4% fixed,FIXED,FALSE,0.0,,2030-12-31,5123.32,0.0,0.0,0.0,TRUE,CA-017
FL-300,Finance leases - Cascade US,NIG-300,FINANCE_LEASE,230300,USD,202412,2178809.42,0,1710.42,2177099.0,6.4% fixed,FIXED,FALSE,0.0,,2030-12-31,11611.19,0.0,0.0,0.0,TRUE,CA-017
FL-310,Finance leases - Cascade Canada,NIG-310,FINANCE_LEASE,230300,CAD,202412,1079972.05,4703.91,0,1084675.96,6.4% fixed,FIXED,FALSE,0.0,,2030-12-31,5784.94,0.0,0.0,0.0,TRUE,CA-017
FL-320,Finance leases - Tyneside,NIG-320,FINANCE_LEASE,230300,GBP,202412,526605.37,1699.74,0,528305.11,6.4% fixed,FIXED,FALSE,0.0,,2030-12-31,2817.63,0.0,0.0,0.0,TRUE,CA-017
FL-400,Finance leases - Vector US,NIG-400,FINANCE_LEASE,230300,USD,202412,997205.67,0,6940.67,990265.0,6.4% fixed,FIXED,FALSE,0.0,,2030-12-31,5281.41,0.0,0.0,0.0,TRUE,CA-017
FL-410,Finance leases - Vector BV,NIG-410,FINANCE_LEASE,230300,EUR,202412,100844.2,20168.84,0,121013.04,6.4% fixed,FIXED,FALSE,0.0,,2030-12-31,645.4,0.0,0.0,0.0,TRUE,CA-017
FL-500,Finance leases - Aftermarket US,NIG-500,FINANCE_LEASE,230300,USD,202412,479886.5,0,1405.5,478481.0,6.4% fixed,FIXED,FALSE,0.0,,2030-12-31,2551.9,0.0,0.0,0.0,TRUE,CA-017
FL-510,Finance leases - Parts UK,NIG-510,FINANCE_LEASE,230300,GBP,202412,187435.59,176.23,0,187611.82,6.4% fixed,FIXED,FALSE,0.0,,2030-12-31,1000.6,0.0,0.0,0.0,TRUE,CA-017
TLB-2021,Term Loan B (2021),NIG-100,TERM_LOAN,230100,USD,202501,228900000.0,0.0,191666.67,228708333.33,SOFR + 425bps,FLOATING,TRUE,100000000.0,2026-12-31,2028-06-15,1480375.0,0.0,6312500.0,0.0,TRUE,CA-015
RCF-2021,Revolving Credit Facility,NIG-100,RCF,220200,USD,202501,23847882.0,0.0,627213.67,23220668.33,SOFR + 450bps,FLOATING,FALSE,0.0,,2027-06-15,34791.67,22916.67,0.0,36779331.67,TRUE,CA-016
FL-100,Finance leases - Northstar Topco,NIG-100,FINANCE_LEASE,230300,USD,202501,363.0,0,5.17,357.83,6.4% fixed,FIXED,FALSE,0.0,,2030-12-31,1.91,0.0,0.0,0.0,TRUE,CA-017
FL-110,Finance leases - Shared Services,NIG-110,FINANCE_LEASE,230300,USD,202501,3184.0,0,17.92,3166.08,6.4% fixed,FIXED,FALSE,0.0,,2030-12-31,16.89,0.0,0.0,0.0,TRUE,CA-017
FL-200,Finance leases - Meridian US,NIG-200,FINANCE_LEASE,230300,USD,202501,2964425.0,15265.58,0,2979690.58,6.4% fixed,FIXED,FALSE,0.0,,2030-12-31,15891.68,0.0,0.0,0.0,TRUE,CA-017
FL-210,Finance leases - Meridian Canada,NIG-210,FINANCE_LEASE,230300,CAD,202501,1413741.92,0,3741.94,1409999.98,6.4% fixed,FIXED,FALSE,0.0,,2030-12-31,7520.0,0.0,0.0,0.0,TRUE,CA-017
FL-220,Finance leases - Halden Valve,NIG-220,FINANCE_LEASE,230300,EUR,202501,960622.89,0,3777.23,956845.66,6.4% fixed,FIXED,FALSE,0.0,,2030-12-31,5103.18,0.0,0.0,0.0,TRUE,CA-017
FL-300,Finance leases - Cascade US,NIG-300,FINANCE_LEASE,230300,USD,202501,2177099.0,6120.5,0,2183219.5,6.4% fixed,FIXED,FALSE,0.0,,2030-12-31,11643.84,0.0,0.0,0.0,TRUE,CA-017
FL-310,Finance leases - Cascade Canada,NIG-310,FINANCE_LEASE,230300,CAD,202501,1084675.96,0,1911.62,1082764.34,6.4% fixed,FIXED,FALSE,0.0,,2030-12-31,5774.74,0.0,0.0,0.0,TRUE,CA-017
FL-320,Finance leases - Tyneside,NIG-320,FINANCE_LEASE,230300,GBP,202501,528305.11,0,627.11,527678.01,6.4% fixed,FIXED,FALSE,0.0,,2030-12-31,2814.28,0.0,0.0,0.0,TRUE,CA-017
FL-400,Finance leases - Vector US,NIG-400,FINANCE_LEASE,230300,USD,202501,990265.0,0,6070.33,984194.67,6.4% fixed,FIXED,FALSE,0.0,,2030-12-31,5249.04,0.0,0.0,0.0,TRUE,CA-017
FL-410,Finance leases - Vector BV,NIG-410,FINANCE_LEASE,230300,EUR,202501,121013.04,8366.94,0,129379.98,6.4% fixed,FIXED,FALSE,0.0,,2030-12-31,690.03,0.0,0.0,0.0,TRUE,CA-017
FL-500,Finance leases - Aftermarket US,NIG-500,FINANCE_LEASE,230300,USD,202501,478481.0,1230.17,0,479711.17,6.4% fixed,FIXED,FALSE,0.0,,2030-12-31,2558.46,0.0,0.0,0.0,TRUE,CA-017
FL-510,Finance leases - Parts UK,NIG-510,FINANCE_LEASE,230300,GBP,202501,187611.82,175.45,0,187787.27,6.4% fixed,FIXED,FALSE,0.0,,2030-12-31,1001.53,0.0,0.0,0.0,TRUE,CA-017
TLB-2021,Term Loan B (2021),NIG-100,TERM_LOAN,230100,USD,202502,228708333.33,0.0,191666.67,228516666.67,SOFR + 425bps,FLOATING,TRUE,100000000.0,2026-12-31,2028-06-15,1480375.0,0.0,6225000.0,0.0,TRUE,CA-015
RCF-2021,Revolving Credit Facility,NIG-100,RCF,220200,USD,202502,23220668.33,0.0,627213.67,22593454.67,SOFR + 450bps,FLOATING,FALSE,0.0,,2027-06-15,34791.67,22916.67,0.0,37406545.33,TRUE,CA-016
FL-100,Finance leases - Northstar Topco,NIG-100,FINANCE_LEASE,230300,USD,202502,357.83,0,5.17,352.67,6.4% fixed,FIXED,FALSE,0.0,,2030-12-31,1.88,0.0,0.0,0.0,TRUE,CA-017
FL-110,Finance leases - Shared Services,NIG-110,FINANCE_LEASE,230300,USD,202502,3166.08,0,17.92,3148.17,6.4% fixed,FIXED,FALSE,0.0,,2030-12-31,16.79,0.0,0.0,0.0,TRUE,CA-017
FL-200,Finance leases - Meridian US,NIG-200,FINANCE_LEASE,230300,USD,202502,2979690.58,15265.58,0,2994956.17,6.4% fixed,FIXED,FALSE,0.0,,2030-12-31,15973.1,0.0,0.0,0.0,TRUE,CA-017
FL-210,Finance leases - Meridian Canada,NIG-210,FINANCE_LEASE,230300,CAD,202502,1409999.98,0,3741.94,1406258.03,6.4% fixed,FIXED,FALSE,0.0,,2030-12-31,7500.04,0.0,0.0,0.0,TRUE,CA-017
FL-220,Finance leases - Halden Valve,NIG-220,FINANCE_LEASE,230300,EUR,202502,956845.66,0,3777.23,953068.43,6.4% fixed,FIXED,FALSE,0.0,,2030-12-31,5083.03,0.0,0.0,0.0,TRUE,CA-017
FL-300,Finance leases - Cascade US,NIG-300,FINANCE_LEASE,230300,USD,202502,2183219.5,6120.5,0,2189340.0,6.4% fixed,FIXED,FALSE,0.0,,2030-12-31,11676.48,0.0,0.0,0.0,TRUE,CA-017
FL-310,Finance leases - Cascade Canada,NIG-310,FINANCE_LEASE,230300,CAD,202502,1082764.34,0,1911.62,1080852.72,6.4% fixed,FIXED,FALSE,0.0,,2030-12-31,5764.55,0.0,0.0,0.0,TRUE,CA-017
FL-320,Finance leases - Tyneside,NIG-320,FINANCE_LEASE,230300,GBP,202502,527678.01,0,627.11,527050.9,6.4% fixed,FIXED,FALSE,0.0,,2030-12-31,2810.94,0.0,0.0,0.0,TRUE,CA-017
FL-400,Finance leases - Vector US,NIG-400,FINANCE_LEASE,230300,USD,202502,984194.67,0,6070.33,978124.33,6.4% fixed,FIXED,FALSE,0.0,,2030-12-31,5216.66,0.0,0.0,0.0,TRUE,CA-017
FL-410,Finance leases - Vector BV,NIG-410,FINANCE_LEASE,230300,EUR,202502,129379.98,8366.94,0,137746.92,6.4% fixed,FIXED,FALSE,0.0,,2030-12-31,734.65,0.0,0.0,0.0,TRUE,CA-017
FL-500,Finance leases - Aftermarket US,NIG-500,FINANCE_LEASE,230300,USD,202502,479711.17,1230.17,0,480941.33,6.4% fixed,FIXED,FALSE,0.0,,2030-12-31,2565.02,0.0,0.0,0.0,TRUE,CA-017
FL-510,Finance leases - Parts UK,NIG-510,FINANCE_LEASE,230300,GBP,202502,187787.27,175.45,0,187962.71,6.4% fixed,FIXED,FALSE,0.0,,2030-12-31,1002.47,0.0,0.0,0.0,TRUE,CA-017
TLB-2021,Term Loan B (2021),NIG-100,TERM_LOAN,230100,USD,202503,228516666.67,0.0,191666.67,228325000.0,SOFR + 425bps,FLOATING,TRUE,100000000.0,2026-12-31,2028-06-15,1480375.0,0.0,6137500.0,0.0,TRUE,CA-015
RCF-2021,Revolving Credit Facility,NIG-100,RCF,220200,USD,202503,22593454.67,0.0,627213.67,21966241.0,SOFR + 450bps,FLOATING,FALSE,0.0,,2027-06-15,34791.67,22916.67,0.0,38033759.0,TRUE,CA-016
FL-100,Finance leases - Northstar Topco,NIG-100,FINANCE_LEASE,230300,USD,202503,352.67,0,5.17,347.5,6.4% fixed,FIXED,FALSE,0.0,,2030-12-31,1.85,0.0,0.0,0.0,TRUE,CA-017
FL-110,Finance leases - Shared Services,NIG-110,FINANCE_LEASE,230300,USD,202503,3148.17,0,17.92,3130.25,6.4% fixed,FIXED,FALSE,0.0,,2030-12-31,16.69,0.0,0.0,0.0,TRUE,CA-017
FL-200,Finance leases - Meridian US,NIG-200,FINANCE_LEASE,230300,USD,202503,2994956.17,15265.58,0,3010221.75,6.4% fixed,FIXED,FALSE,0.0,,2030-12-31,16054.52,0.0,0.0,0.0,TRUE,CA-017
FL-210,Finance leases - Meridian Canada,NIG-210,FINANCE_LEASE,230300,CAD,202503,1406258.03,0,3741.94,1402516.09,6.4% fixed,FIXED,FALSE,0.0,,2030-12-31,7480.09,0.0,0.0,0.0,TRUE,CA-017
FL-220,Finance leases - Halden Valve,NIG-220,FINANCE_LEASE,230300,EUR,202503,953068.43,0,3777.23,949291.2,6.4% fixed,FIXED,FALSE,0.0,,2030-12-31,5062.89,0.0,0.0,0.0,TRUE,CA-017
FL-300,Finance leases - Cascade US,NIG-300,FINANCE_LEASE,230300,USD,202503,2189340.0,6120.5,0,2195460.5,6.4% fixed,FIXED,FALSE,0.0,,2030-12-31,11709.12,0.0,0.0,0.0,TRUE,CA-017
FL-310,Finance leases - Cascade Canada,NIG-310,FINANCE_LEASE,230300,CAD,202503,1080852.72,0,1911.62,1078941.11,6.4% fixed,FIXED,FALSE,0.0,,2030-12-31,5754.35,0.0,0.0,0.0,TRUE,CA-017
FL-320,Finance leases - Tyneside,NIG-320,FINANCE_LEASE,230300,GBP,202503,527050.9,0,627.11,526423.8,6.4% fixed,FIXED,FALSE,0.0,,2030-12-31,2807.59,0.0,0.0,0.0,TRUE,CA-017
FL-400,Finance leases - Vector US,NIG-400,FINANCE_LEASE,230300,USD,202503,978124.33,0,6070.33,972054.0,6.4% fixed,FIXED,FALSE,0.0,,2030-12-31,5184.29,0.0,0.0,0.0,TRUE,CA-017
FL-410,Finance leases - Vector BV,NIG-410,FINANCE_LEASE,230300,EUR,202503,137746.92,8366.94,0,146113.86,6.4% fixed,FIXED,FALSE,0.0,,2030-12-31,779.27,0.0,0.0,0.0,TRUE,CA-017
FL-500,Finance leases - Aftermarket US,NIG-500,FINANCE_LEASE,230300,USD,202503,480941.33,1230.17,0,482171.5,6.4% fixed,FIXED,FALSE,0.0,,2030-12-31,2571.58,0.0,0.0,0.0,TRUE,CA-017
FL-510,Finance leases - Parts UK,NIG-510,FINANCE_LEASE,230300,GBP,202503,187962.71,175.45,0,188138.16,6.4% fixed,FIXED,FALSE,0.0,,2030-12-31,1003.4,0.0,0.0,0.0,TRUE,CA-017
TLB-2021,Term Loan B (2021),NIG-100,TERM_LOAN,230100,USD,202504,228325000.0,0.0,191666.67,228133333.33,SOFR + 425bps,FLOATING,TRUE,100000000.0,2026-12-31,2028-06-15,1480375.0,0.0,6050000.0,0.0,TRUE,CA-015
RCF-2021,Revolving Credit Facility,NIG-100,RCF,220200,USD,202504,21966241.0,0.0,627213.67,21339027.33,SOFR + 450bps,FLOATING,FALSE,0.0,,2027-06-15,34791.67,22916.67,0.0,38660972.67,TRUE,CA-016
FL-100,Finance leases - Northstar Topco,NIG-100,FINANCE_LEASE,230300,USD,202504,347.5,0,5.17,342.33,6.4% fixed,FIXED,FALSE,0.0,,2030-12-31,1.83,0.0,0.0,0.0,TRUE,CA-017
FL-110,Finance leases - Shared Services,NIG-110,FINANCE_LEASE,230300,USD,202504,3130.25,0,17.92,3112.33,6.4% fixed,FIXED,FALSE,0.0,,2030-12-31,16.6,0.0,0.0,0.0,TRUE,CA-017
FL-200,Finance leases - Meridian US,NIG-200,FINANCE_LEASE,230300,USD,202504,3010221.75,15265.58,0,3025487.33,6.4% fixed,FIXED,FALSE,0.0,,2030-12-31,16135.93,0.0,0.0,0.0,TRUE,CA-017
FL-210,Finance leases - Meridian Canada,NIG-210,FINANCE_LEASE,230300,CAD,202504,1402516.09,0,3741.94,1398774.15,6.4% fixed,FIXED,FALSE,0.0,,2030-12-31,7460.13,0.0,0.0,0.0,TRUE,CA-017
FL-220,Finance leases - Halden Valve,NIG-220,FINANCE_LEASE,230300,EUR,202504,949291.2,0,3777.23,945513.97,6.4% fixed,FIXED,FALSE,0.0,,2030-12-31,5042.74,0.0,0.0,0.0,TRUE,CA-017
FL-300,Finance leases - Cascade US,NIG-300,FINANCE_LEASE,230300,USD,202504,2195460.5,6120.5,0,2201581.0,6.4% fixed,FIXED,FALSE,0.0,,2030-12-31,11741.77,0.0,0.0,0.0,TRUE,CA-017
FL-310,Finance leases - Cascade Canada,NIG-310,FINANCE_LEASE,230300,CAD,202504,1078941.11,0,1911.62,1077029.49,6.4% fixed,FIXED,FALSE,0.0,,2030-12-31,5744.16,0.0,0.0,0.0,TRUE,CA-017
FL-320,Finance leases - Tyneside,NIG-320,FINANCE_LEASE,230300,GBP,202504,526423.8,0,627.11,525796.69,6.4% fixed,FIXED,FALSE,0.0,,2030-12-31,2804.25,0.0,0.0,0.0,TRUE,CA-017
FL-400,Finance leases - Vector US,NIG-400,FINANCE_LEASE,230300,USD,202504,972054.0,0,6070.33,965983.67,6.4% fixed,FIXED,FALSE,0.0,,2030-12-31,5151.91,0.0,0.0,0.0,TRUE,CA-017
FL-410,Finance leases - Vector BV,NIG-410,FINANCE_LEASE,230300,EUR,202504,146113.86,8366.94,0,154480.79,6.4% fixed,FIXED,FALSE,0.0,,2030-12-31,823.9,0.0,0.0,0.0,TRUE,CA-017
FL-500,Finance leases - Aftermarket US,NIG-500,FINANCE_LEASE,230300,USD,202504,482171.5,1230.17,0,483401.67,6.4% fixed,FIXED,FALSE,0.0,,2030-12-31,2578.14,0.0,0.0,0.0,TRUE,CA-017
FL-510,Finance leases - Parts UK,NIG-510,FINANCE_LEASE,230300,GBP,202504,188138.16,175.45,0,188313.6,6.4% fixed,FIXED,FALSE,0.0,,2030-12-31,1004.34,0.0,0.0,0.0,TRUE,CA-017
TLB-2021,Term Loan B (2021),NIG-100,TERM_LOAN,230100,USD,202505,228133333.33,0.0,191666.67,227941666.67,SOFR + 425bps,FLOATING,TRUE,100000000.0,2026-12-31,2028-06-15,1480375.0,0.0,5962500.0,0.0,TRUE,CA-015
RCF-2021,Revolving Credit Facility,NIG-100,RCF,220200,USD,202505,21339027.33,0.0,627213.67,20711813.67,SOFR + 450bps,FLOATING,FALSE,0.0,,2027-06-15,34791.67,22916.67,0.0,39288186.33,TRUE,CA-016
FL-100,Finance leases - Northstar Topco,NIG-100,FINANCE_LEASE,230300,USD,202505,342.33,0,5.17,337.17,6.4% fixed,FIXED,FALSE,0.0,,2030-12-31,1.8,0.0,0.0,0.0,TRUE,CA-017
FL-110,Finance leases - Shared Services,NIG-110,FINANCE_LEASE,230300,USD,202505,3112.33,0,17.92,3094.42,6.4% fixed,FIXED,FALSE,0.0,,2030-12-31,16.5,0.0,0.0,0.0,TRUE,CA-017
FL-200,Finance leases - Meridian US,NIG-200,FINANCE_LEASE,230300,USD,202505,3025487.33,15265.58,0,3040752.92,6.4% fixed,FIXED,FALSE,0.0,,2030-12-31,16217.35,0.0,0.0,0.0,TRUE,CA-017
FL-210,Finance leases - Meridian Canada,NIG-210,FINANCE_LEASE,230300,CAD,202505,1398774.15,0,3741.94,1395032.21,6.4% fixed,FIXED,FALSE,0.0,,2030-12-31,7440.17,0.0,0.0,0.0,TRUE,CA-017
FL-220,Finance leases - Halden Valve,NIG-220,FINANCE_LEASE,230300,EUR,202505,945513.97,0,3777.23,941736.74,6.4% fixed,FIXED,FALSE,0.0,,2030-12-31,5022.6,0.0,0.0,0.0,TRUE,CA-017
FL-300,Finance leases - Cascade US,NIG-300,FINANCE_LEASE,230300,USD,202505,2201581.0,6120.5,0,2207701.5,6.4% fixed,FIXED,FALSE,0.0,,2030-12-31,11774.41,0.0,0.0,0.0,TRUE,CA-017
FL-310,Finance leases - Cascade Canada,NIG-310,FINANCE_LEASE,230300,CAD,202505,1077029.49,0,1911.62,1075117.87,6.4% fixed,FIXED,FALSE,0.0,,2030-12-31,5733.96,0.0,0.0,0.0,TRUE,CA-017
FL-320,Finance leases - Tyneside,NIG-320,FINANCE_LEASE,230300,GBP,202505,525796.69,0,627.11,525169.59,6.4% fixed,FIXED,FALSE,0.0,,2030-12-31,2800.9,0.0,0.0,0.0,TRUE,CA-017
FL-400,Finance leases - Vector US,NIG-400,FINANCE_LEASE,230300,USD,202505,965983.67,0,6070.33,959913.33,6.4% fixed,FIXED,FALSE,0.0,,2030-12-31,5119.54,0.0,0.0,0.0,TRUE,CA-017
FL-410,Finance leases - Vector BV,NIG-410,FINANCE_LEASE,230300,EUR,202505,154480.79,8366.94,0,162847.73,6.4% fixed,FIXED,FALSE,0.0,,2030-12-31,868.52,0.0,0.0,0.0,TRUE,CA-017
FL-500,Finance leases - Aftermarket US,NIG-500,FINANCE_LEASE,230300,USD,202505,483401.67,1230.17,0,484631.83,6.4% fixed,FIXED,FALSE,0.0,,2030-12-31,2584.7,0.0,0.0,0.0,TRUE,CA-017
FL-510,Finance leases - Parts UK,NIG-510,FINANCE_LEASE,230300,GBP,202505,188313.6,175.45,0,188489.05,6.4% fixed,FIXED,FALSE,0.0,,2030-12-31,1005.27,0.0,0.0,0.0,TRUE,CA-017
TLB-2021,Term Loan B (2021),NIG-100,TERM_LOAN,230100,USD,202506,227941666.67,0.0,191666.67,227750000.0,SOFR + 425bps,FLOATING,TRUE,100000000.0,2026-12-31,2028-06-15,1480375.0,0.0,5875000.0,0.0,TRUE,CA-015
RCF-2021,Revolving Credit Facility,NIG-100,RCF,220200,USD,202506,20711813.67,0.0,627213.67,20084600.0,SOFR + 450bps,FLOATING,FALSE,0.0,,2027-06-15,34791.67,22916.67,0.0,39915400.0,TRUE,CA-016
FL-100,Finance leases - Northstar Topco,NIG-100,FINANCE_LEASE,230300,USD,202506,337.17,0,5.17,332.0,6.4% fixed,FIXED,FALSE,0.0,,2030-12-31,1.77,0.0,0.0,0.0,TRUE,CA-017
FL-110,Finance leases - Shared Services,NIG-110,FINANCE_LEASE,230300,USD,202506,3094.42,0,17.92,3076.5,6.4% fixed,FIXED,FALSE,0.0,,2030-12-31,16.41,0.0,0.0,0.0,TRUE,CA-017
FL-200,Finance leases - Meridian US,NIG-200,FINANCE_LEASE,230300,USD,202506,3040752.92,15265.58,0,3056018.5,6.4% fixed,FIXED,FALSE,0.0,,2030-12-31,16298.77,0.0,0.0,0.0,TRUE,CA-017
FL-210,Finance leases - Meridian Canada,NIG-210,FINANCE_LEASE,230300,CAD,202506,1395032.21,0,3741.94,1391290.27,6.4% fixed,FIXED,FALSE,0.0,,2030-12-31,7420.21,0.0,0.0,0.0,TRUE,CA-017
FL-220,Finance leases - Halden Valve,NIG-220,FINANCE_LEASE,230300,EUR,202506,941736.74,0,3777.23,937959.51,6.4% fixed,FIXED,FALSE,0.0,,2030-12-31,5002.45,0.0,0.0,0.0,TRUE,CA-017
FL-300,Finance leases - Cascade US,NIG-300,FINANCE_LEASE,230300,USD,202506,2207701.5,6120.5,0,2213822.0,6.4% fixed,FIXED,FALSE,0.0,,2030-12-31,11807.05,0.0,0.0,0.0,TRUE,CA-017
FL-310,Finance leases - Cascade Canada,NIG-310,FINANCE_LEASE,230300,CAD,202506,1075117.87,0,1911.62,1073206.26,6.4% fixed,FIXED,FALSE,0.0,,2030-12-31,5723.77,0.0,0.0,0.0,TRUE,CA-017
FL-320,Finance leases - Tyneside,NIG-320,FINANCE_LEASE,230300,GBP,202506,525169.59,0,627.11,524542.48,6.4% fixed,FIXED,FALSE,0.0,,2030-12-31,2797.56,0.0,0.0,0.0,TRUE,CA-017
FL-400,Finance leases - Vector US,NIG-400,FINANCE_LEASE,230300,USD,202506,959913.33,0,6070.33,953843.0,6.4% fixed,FIXED,FALSE,0.0,,2030-12-31,5087.16,0.0,0.0,0.0,TRUE,CA-017
FL-410,Finance leases - Vector BV,NIG-410,FINANCE_LEASE,230300,EUR,202506,162847.73,8366.94,0,171214.67,6.4% fixed,FIXED,FALSE,0.0,,2030-12-31,913.14,0.0,0.0,0.0,TRUE,CA-017
FL-500,Finance leases - Aftermarket US,NIG-500,FINANCE_LEASE,230300,USD,202506,484631.83,1230.17,0,485862.0,6.4% fixed,FIXED,FALSE,0.0,,2030-12-31,2591.26,0.0,0.0,0.0,TRUE,CA-017
FL-510,Finance leases - Parts UK,NIG-510,FINANCE_LEASE,230300,GBP,202506,188489.05,175.45,0,188664.49,6.4% fixed,FIXED,FALSE,0.0,,2030-12-31,1006.21,0.0,0.0,0.0,TRUE,CA-017
TLB-2021,Term Loan B (2021),NIG-100,TERM_LOAN,230100,USD,202507,227750000.0,0.0,191666.67,227558333.33,SOFR + 425bps,FLOATING,TRUE,100000000.0,2026-12-31,2028-06-15,1480375.0,0.0,5787500.0,0.0,TRUE,CA-015
RCF-2021,Revolving Credit Facility,NIG-100,RCF,220200,USD,202507,20084600.0,0.0,627213.67,19457386.33,SOFR + 450bps,FLOATING,FALSE,0.0,,2027-06-15,34791.67,22916.67,0.0,40542613.67,TRUE,CA-016
FL-100,Finance leases - Northstar Topco,NIG-100,FINANCE_LEASE,230300,USD,202507,332.0,0,5.17,326.83,6.4% fixed,FIXED,FALSE,0.0,,2030-12-31,1.74,0.0,0.0,0.0,TRUE,CA-017
FL-110,Finance leases - Shared Services,NIG-110,FINANCE_LEASE,230300,USD,202507,3076.5,0,17.92,3058.58,6.4% fixed,FIXED,FALSE,0.0,,2030-12-31,16.31,0.0,0.0,0.0,TRUE,CA-017
FL-200,Finance leases - Meridian US,NIG-200,FINANCE_LEASE,230300,USD,202507,3056018.5,15265.58,0,3071284.08,6.4% fixed,FIXED,FALSE,0.0,,2030-12-31,16380.18,0.0,0.0,0.0,TRUE,CA-017
FL-210,Finance leases - Meridian Canada,NIG-210,FINANCE_LEASE,230300,CAD,202507,1391290.27,0,3741.94,1387548.33,6.4% fixed,FIXED,FALSE,0.0,,2030-12-31,7400.26,0.0,0.0,0.0,TRUE,CA-017
FL-220,Finance leases - Halden Valve,NIG-220,FINANCE_LEASE,230300,EUR,202507,937959.51,0,3777.23,934182.28,6.4% fixed,FIXED,FALSE,0.0,,2030-12-31,4982.31,0.0,0.0,0.0,TRUE,CA-017
FL-300,Finance leases - Cascade US,NIG-300,FINANCE_LEASE,230300,USD,202507,2213822.0,6120.5,0,2219942.5,6.4% fixed,FIXED,FALSE,0.0,,2030-12-31,11839.69,0.0,0.0,0.0,TRUE,CA-017
FL-310,Finance leases - Cascade Canada,NIG-310,FINANCE_LEASE,230300,CAD,202507,1073206.26,0,1911.62,1071294.64,6.4% fixed,FIXED,FALSE,0.0,,2030-12-31,5713.57,0.0,0.0,0.0,TRUE,CA-017
FL-320,Finance leases - Tyneside,NIG-320,FINANCE_LEASE,230300,GBP,202507,524542.48,0,627.11,523915.38,6.4% fixed,FIXED,FALSE,0.0,,2030-12-31,2794.22,0.0,0.0,0.0,TRUE,CA-017
FL-400,Finance leases - Vector US,NIG-400,FINANCE_LEASE,230300,USD,202507,953843.0,0,6070.33,947772.67,6.4% fixed,FIXED,FALSE,0.0,,2030-12-31,5054.79,0.0,0.0,0.0,TRUE,CA-017
FL-410,Finance leases - Vector BV,NIG-410,FINANCE_LEASE,230300,EUR,202507,171214.67,8366.94,0,179581.61,6.4% fixed,FIXED,FALSE,0.0,,2030-12-31,957.77,0.0,0.0,0.0,TRUE,CA-017
FL-500,Finance leases - Aftermarket US,NIG-500,FINANCE_LEASE,230300,USD,202507,485862.0,1230.17,0,487092.17,6.4% fixed,FIXED,FALSE,0.0,,2030-12-31,2597.82,0.0,0.0,0.0,TRUE,CA-017
FL-510,Finance leases - Parts UK,NIG-510,FINANCE_LEASE,230300,GBP,202507,188664.49,175.45,0,188839.94,6.4% fixed,FIXED,FALSE,0.0,,2030-12-31,1007.15,0.0,0.0,0.0,TRUE,CA-017
TLB-2021,Term Loan B (2021),NIG-100,TERM_LOAN,230100,USD,202508,227558333.33,0.0,191666.67,227366666.67,SOFR + 425bps,FLOATING,TRUE,100000000.0,2026-12-31,2028-06-15,1480375.0,0.0,5700000.0,0.0,TRUE,CA-015
RCF-2021,Revolving Credit Facility,NIG-100,RCF,220200,USD,202508,19457386.33,0.0,627213.67,18830172.67,SOFR + 450bps,FLOATING,FALSE,0.0,,2027-06-15,34791.67,22916.67,0.0,41169827.33,TRUE,CA-016
FL-100,Finance leases - Northstar Topco,NIG-100,FINANCE_LEASE,230300,USD,202508,326.83,0,5.17,321.67,6.4% fixed,FIXED,FALSE,0.0,,2030-12-31,1.72,0.0,0.0,0.0,TRUE,CA-017
FL-110,Finance leases - Shared Services,NIG-110,FINANCE_LEASE,230300,USD,202508,3058.58,0,17.92,3040.67,6.4% fixed,FIXED,FALSE,0.0,,2030-12-31,16.22,0.0,0.0,0.0,TRUE,CA-017
FL-200,Finance leases - Meridian US,NIG-200,FINANCE_LEASE,230300,USD,202508,3071284.08,15265.58,0,3086549.67,6.4% fixed,FIXED,FALSE,0.0,,2030-12-31,16461.6,0.0,0.0,0.0,TRUE,CA-017
FL-210,Finance leases - Meridian Canada,NIG-210,FINANCE_LEASE,230300,CAD,202508,1387548.33,0,3741.94,1383806.39,6.4% fixed,FIXED,FALSE,0.0,,2030-12-31,7380.3,0.0,0.0,0.0,TRUE,CA-017
FL-220,Finance leases - Halden Valve,NIG-220,FINANCE_LEASE,230300,EUR,202508,934182.28,0,3777.23,930405.05,6.4% fixed,FIXED,FALSE,0.0,,2030-12-31,4962.16,0.0,0.0,0.0,TRUE,CA-017
FL-300,Finance leases - Cascade US,NIG-300,FINANCE_LEASE,230300,USD,202508,2219942.5,6120.5,0,2226063.0,6.4% fixed,FIXED,FALSE,0.0,,2030-12-31,11872.34,0.0,0.0,0.0,TRUE,CA-017
FL-310,Finance leases - Cascade Canada,NIG-310,FINANCE_LEASE,230300,CAD,202508,1071294.64,0,1911.62,1069383.02,6.4% fixed,FIXED,FALSE,0.0,,2030-12-31,5703.38,0.0,0.0,0.0,TRUE,CA-017
FL-320,Finance leases - Tyneside,NIG-320,FINANCE_LEASE,230300,GBP,202508,523915.38,0,627.11,523288.27,6.4% fixed,FIXED,FALSE,0.0,,2030-12-31,2790.87,0.0,0.0,0.0,TRUE,CA-017
FL-400,Finance leases - Vector US,NIG-400,FINANCE_LEASE,230300,USD,202508,947772.67,0,6070.33,941702.33,6.4% fixed,FIXED,FALSE,0.0,,2030-12-31,5022.41,0.0,0.0,0.0,TRUE,CA-017
FL-410,Finance leases - Vector BV,NIG-410,FINANCE_LEASE,230300,EUR,202508,179581.61,8366.94,0,187948.55,6.4% fixed,FIXED,FALSE,0.0,,2030-12-31,1002.39,0.0,0.0,0.0,TRUE,CA-017
FL-500,Finance leases - Aftermarket US,NIG-500,FINANCE_LEASE,230300,USD,202508,487092.17,1230.17,0,488322.33,6.4% fixed,FIXED,FALSE,0.0,,2030-12-31,2604.39,0.0,0.0,0.0,TRUE,CA-017
FL-510,Finance leases - Parts UK,NIG-510,FINANCE_LEASE,230300,GBP,202508,188839.94,175.45,0,189015.38,6.4% fixed,FIXED,FALSE,0.0,,2030-12-31,1008.08,0.0,0.0,0.0,TRUE,CA-017
TLB-2021,Term Loan B (2021),NIG-100,TERM_LOAN,230100,USD,202509,227366666.67,0.0,191666.67,227175000.0,SOFR + 425bps,FLOATING,TRUE,100000000.0,2026-12-31,2028-06-15,1480375.0,0.0,5612500.0,0.0,TRUE,CA-015
RCF-2021,Revolving Credit Facility,NIG-100,RCF,220200,USD,202509,18830172.67,0.0,627213.67,18202959.0,SOFR + 450bps,FLOATING,FALSE,0.0,,2027-06-15,34791.67,22916.67,0.0,41797041.0,TRUE,CA-016
FL-100,Finance leases - Northstar Topco,NIG-100,FINANCE_LEASE,230300,USD,202509,321.67,0,5.17,316.5,6.4% fixed,FIXED,FALSE,0.0,,2030-12-31,1.69,0.0,0.0,0.0,TRUE,CA-017
FL-110,Finance leases - Shared Services,NIG-110,FINANCE_LEASE,230300,USD,202509,3040.67,0,17.92,3022.75,6.4% fixed,FIXED,FALSE,0.0,,2030-12-31,16.12,0.0,0.0,0.0,TRUE,CA-017
FL-200,Finance leases - Meridian US,NIG-200,FINANCE_LEASE,230300,USD,202509,3086549.67,15265.58,0,3101815.25,6.4% fixed,FIXED,FALSE,0.0,,2030-12-31,16543.01,0.0,0.0,0.0,TRUE,CA-017
FL-210,Finance leases - Meridian Canada,NIG-210,FINANCE_LEASE,230300,CAD,202509,1383806.39,0,3741.94,1380064.44,6.4% fixed,FIXED,FALSE,0.0,,2030-12-31,7360.34,0.0,0.0,0.0,TRUE,CA-017
FL-220,Finance leases - Halden Valve,NIG-220,FINANCE_LEASE,230300,EUR,202509,930405.05,0,3777.23,926627.82,6.4% fixed,FIXED,FALSE,0.0,,2030-12-31,4942.02,0.0,0.0,0.0,TRUE,CA-017
FL-300,Finance leases - Cascade US,NIG-300,FINANCE_LEASE,230300,USD,202509,2226063.0,6120.5,0,2232183.5,6.4% fixed,FIXED,FALSE,0.0,,2030-12-31,11904.98,0.0,0.0,0.0,TRUE,CA-017
FL-310,Finance leases - Cascade Canada,NIG-310,FINANCE_LEASE,230300,CAD,202509,1069383.02,0,1911.62,1067471.4,6.4% fixed,FIXED,FALSE,0.0,,2030-12-31,5693.18,0.0,0.0,0.0,TRUE,CA-017
FL-320,Finance leases - Tyneside,NIG-320,FINANCE_LEASE,230300,GBP,202509,523288.27,0,627.11,522661.17,6.4% fixed,FIXED,FALSE,0.0,,2030-12-31,2787.53,0.0,0.0,0.0,TRUE,CA-017
FL-400,Finance leases - Vector US,NIG-400,FINANCE_LEASE,230300,USD,202509,941702.33,0,6070.33,935632.0,6.4% fixed,FIXED,FALSE,0.0,,2030-12-31,4990.04,0.0,0.0,0.0,TRUE,CA-017
FL-410,Finance leases - Vector BV,NIG-410,FINANCE_LEASE,230300,EUR,202509,187948.55,8366.94,0,196315.49,6.4% fixed,FIXED,FALSE,0.0,,2030-12-31,1047.02,0.0,0.0,0.0,TRUE,CA-017
FL-500,Finance leases - Aftermarket US,NIG-500,FINANCE_LEASE,230300,USD,202509,488322.33,1230.17,0,489552.5,6.4% fixed,FIXED,FALSE,0.0,,2030-12-31,2610.95,0.0,0.0,0.0,TRUE,CA-017
FL-510,Finance leases - Parts UK,NIG-510,FINANCE_LEASE,230300,GBP,202509,189015.38,175.45,0,189190.83,6.4% fixed,FIXED,FALSE,0.0,,2030-12-31,1009.02,0.0,0.0,0.0,TRUE,CA-017
TLB-2021,Term Loan B (2021),NIG-100,TERM_LOAN,230100,USD,202510,227175000.0,0.0,191666.67,226983333.33,SOFR + 425bps,FLOATING,TRUE,100000000.0,2026-12-31,2028-06-15,1480375.0,0.0,5525000.0,0.0,TRUE,CA-015
RCF-2021,Revolving Credit Facility,NIG-100,RCF,220200,USD,202510,18202959.0,0.0,627213.67,17575745.33,SOFR + 450bps,FLOATING,FALSE,0.0,,2027-06-15,34791.67,22916.67,0.0,42424254.67,TRUE,CA-016
FL-100,Finance leases - Northstar Topco,NIG-100,FINANCE_LEASE,230300,USD,202510,316.5,0,5.17,311.33,6.4% fixed,FIXED,FALSE,0.0,,2030-12-31,1.66,0.0,0.0,0.0,TRUE,CA-017
FL-110,Finance leases - Shared Services,NIG-110,FINANCE_LEASE,230300,USD,202510,3022.75,0,17.92,3004.83,6.4% fixed,FIXED,FALSE,0.0,,2030-12-31,16.03,0.0,0.0,0.0,TRUE,CA-017
FL-200,Finance leases - Meridian US,NIG-200,FINANCE_LEASE,230300,USD,202510,3101815.25,15265.58,0,3117080.83,6.4% fixed,FIXED,FALSE,0.0,,2030-12-31,16624.43,0.0,0.0,0.0,TRUE,CA-017
FL-210,Finance leases - Meridian Canada,NIG-210,FINANCE_LEASE,230300,CAD,202510,1380064.44,0,3741.94,1376322.5,6.4% fixed,FIXED,FALSE,0.0,,2030-12-31,7340.39,0.0,0.0,0.0,TRUE,CA-017
FL-220,Finance leases - Halden Valve,NIG-220,FINANCE_LEASE,230300,EUR,202510,926627.82,0,3777.23,922850.6,6.4% fixed,FIXED,FALSE,0.0,,2030-12-31,4921.87,0.0,0.0,0.0,TRUE,CA-017
FL-300,Finance leases - Cascade US,NIG-300,FINANCE_LEASE,230300,USD,202510,2232183.5,6120.5,0,2238304.0,6.4% fixed,FIXED,FALSE,0.0,,2030-12-31,11937.62,0.0,0.0,0.0,TRUE,CA-017
FL-310,Finance leases - Cascade Canada,NIG-310,FINANCE_LEASE,230300,CAD,202510,1067471.4,0,1911.62,1065559.79,6.4% fixed,FIXED,FALSE,0.0,,2030-12-31,5682.99,0.0,0.0,0.0,TRUE,CA-017
FL-320,Finance leases - Tyneside,NIG-320,FINANCE_LEASE,230300,GBP,202510,522661.17,0,627.11,522034.06,6.4% fixed,FIXED,FALSE,0.0,,2030-12-31,2784.18,0.0,0.0,0.0,TRUE,CA-017
FL-400,Finance leases - Vector US,NIG-400,FINANCE_LEASE,230300,USD,202510,935632.0,0,6070.33,929561.67,6.4% fixed,FIXED,FALSE,0.0,,2030-12-31,4957.66,0.0,0.0,0.0,TRUE,CA-017
FL-410,Finance leases - Vector BV,NIG-410,FINANCE_LEASE,230300,EUR,202510,196315.49,8366.94,0,204682.43,6.4% fixed,FIXED,FALSE,0.0,,2030-12-31,1091.64,0.0,0.0,0.0,TRUE,CA-017
FL-500,Finance leases - Aftermarket US,NIG-500,FINANCE_LEASE,230300,USD,202510,489552.5,1230.17,0,490782.67,6.4% fixed,FIXED,FALSE,0.0,,2030-12-31,2617.51,0.0,0.0,0.0,TRUE,CA-017
FL-510,Finance leases - Parts UK,NIG-510,FINANCE_LEASE,230300,GBP,202510,189190.83,175.45,0,189366.27,6.4% fixed,FIXED,FALSE,0.0,,2030-12-31,1009.95,0.0,0.0,0.0,TRUE,CA-017
TLB-2021,Term Loan B (2021),NIG-100,TERM_LOAN,230100,USD,202511,226983333.33,0.0,191666.67,226791666.67,SOFR + 425bps,FLOATING,TRUE,100000000.0,2026-12-31,2028-06-15,1480375.0,0.0,5437500.0,0.0,TRUE,CA-015
RCF-2021,Revolving Credit Facility,NIG-100,RCF,220200,USD,202511,17575745.33,0.0,627213.67,16948531.67,SOFR + 450bps,FLOATING,FALSE,0.0,,2027-06-15,34791.67,22916.67,0.0,43051468.33,TRUE,CA-016
FL-100,Finance leases - Northstar Topco,NIG-100,FINANCE_LEASE,230300,USD,202511,311.33,0,5.17,306.17,6.4% fixed,FIXED,FALSE,0.0,,2030-12-31,1.63,0.0,0.0,0.0,TRUE,CA-017
FL-110,Finance leases - Shared Services,NIG-110,FINANCE_LEASE,230300,USD,202511,3004.83,0,17.92,2986.92,6.4% fixed,FIXED,FALSE,0.0,,2030-12-31,15.93,0.0,0.0,0.0,TRUE,CA-017
FL-200,Finance leases - Meridian US,NIG-200,FINANCE_LEASE,230300,USD,202511,3117080.83,15265.58,0,3132346.42,6.4% fixed,FIXED,FALSE,0.0,,2030-12-31,16705.85,0.0,0.0,0.0,TRUE,CA-017
FL-210,Finance leases - Meridian Canada,NIG-210,FINANCE_LEASE,230300,CAD,202511,1376322.5,0,3741.94,1372580.56,6.4% fixed,FIXED,FALSE,0.0,,2030-12-31,7320.43,0.0,0.0,0.0,TRUE,CA-017
FL-220,Finance leases - Halden Valve,NIG-220,FINANCE_LEASE,230300,EUR,202511,922850.6,0,3777.23,919073.37,6.4% fixed,FIXED,FALSE,0.0,,2030-12-31,4901.72,0.0,0.0,0.0,TRUE,CA-017
FL-300,Finance leases - Cascade US,NIG-300,FINANCE_LEASE,230300,USD,202511,2238304.0,6120.5,0,2244424.5,6.4% fixed,FIXED,FALSE,0.0,,2030-12-31,11970.26,0.0,0.0,0.0,TRUE,CA-017
FL-310,Finance leases - Cascade Canada,NIG-310,FINANCE_LEASE,230300,CAD,202511,1065559.79,0,1911.62,1063648.17,6.4% fixed,FIXED,FALSE,0.0,,2030-12-31,5672.79,0.0,0.0,0.0,TRUE,CA-017
FL-320,Finance leases - Tyneside,NIG-320,FINANCE_LEASE,230300,GBP,202511,522034.06,0,627.11,521406.96,6.4% fixed,FIXED,FALSE,0.0,,2030-12-31,2780.84,0.0,0.0,0.0,TRUE,CA-017
FL-400,Finance leases - Vector US,NIG-400,FINANCE_LEASE,230300,USD,202511,929561.67,0,6070.33,923491.33,6.4% fixed,FIXED,FALSE,0.0,,2030-12-31,4925.29,0.0,0.0,0.0,TRUE,CA-017
FL-410,Finance leases - Vector BV,NIG-410,FINANCE_LEASE,230300,EUR,202511,204682.43,8366.94,0,213049.37,6.4% fixed,FIXED,FALSE,0.0,,2030-12-31,1136.26,0.0,0.0,0.0,TRUE,CA-017
FL-500,Finance leases - Aftermarket US,NIG-500,FINANCE_LEASE,230300,USD,202511,490782.67,1230.17,0,492012.83,6.4% fixed,FIXED,FALSE,0.0,,2030-12-31,2624.07,0.0,0.0,0.0,TRUE,CA-017
FL-510,Finance leases - Parts UK,NIG-510,FINANCE_LEASE,230300,GBP,202511,189366.27,175.45,0,189541.72,6.4% fixed,FIXED,FALSE,0.0,,2030-12-31,1010.89,0.0,0.0,0.0,TRUE,CA-017
TLB-2021,Term Loan B (2021),NIG-100,TERM_LOAN,230100,USD,202512,226791666.67,0.0,191666.67,226600000.0,SOFR + 425bps,FLOATING,TRUE,100000000.0,2026-12-31,2028-06-15,1480375.0,0.0,5350000.0,0.0,TRUE,CA-015
RCF-2021,Revolving Credit Facility,NIG-100,RCF,220200,USD,202512,16948531.67,0.0,627213.67,16321318.0,SOFR + 450bps,FLOATING,FALSE,0.0,,2027-06-15,34791.67,22916.67,0.0,43678682.0,TRUE,CA-016
FL-100,Finance leases - Northstar Topco,NIG-100,FINANCE_LEASE,230300,USD,202512,306.17,0,5.17,301.0,6.4% fixed,FIXED,FALSE,0.0,,2030-12-31,1.61,0.0,0.0,0.0,TRUE,CA-017
FL-110,Finance leases - Shared Services,NIG-110,FINANCE_LEASE,230300,USD,202512,2986.92,0,17.92,2969.0,6.4% fixed,FIXED,FALSE,0.0,,2030-12-31,15.83,0.0,0.0,0.0,TRUE,CA-017
FL-200,Finance leases - Meridian US,NIG-200,FINANCE_LEASE,230300,USD,202512,3132346.42,15265.58,0,3147612.0,6.4% fixed,FIXED,FALSE,0.0,,2030-12-31,16787.26,0.0,0.0,0.0,TRUE,CA-017
FL-210,Finance leases - Meridian Canada,NIG-210,FINANCE_LEASE,230300,CAD,202512,1372580.56,0,3741.94,1368838.62,6.4% fixed,FIXED,FALSE,0.0,,2030-12-31,7300.47,0.0,0.0,0.0,TRUE,CA-017
FL-220,Finance leases - Halden Valve,NIG-220,FINANCE_LEASE,230300,EUR,202512,919073.37,0,3777.23,915296.14,6.4% fixed,FIXED,FALSE,0.0,,2030-12-31,4881.58,0.0,0.0,0.0,TRUE,CA-017
FL-300,Finance leases - Cascade US,NIG-300,FINANCE_LEASE,230300,USD,202512,2244424.5,6120.5,0,2250545.0,6.4% fixed,FIXED,FALSE,0.0,,2030-12-31,12002.91,0.0,0.0,0.0,TRUE,CA-017
FL-310,Finance leases - Cascade Canada,NIG-310,FINANCE_LEASE,230300,CAD,202512,1063648.17,0,1911.62,1061736.55,6.4% fixed,FIXED,FALSE,0.0,,2030-12-31,5662.59,0.0,0.0,0.0,TRUE,CA-017
FL-320,Finance leases - Tyneside,NIG-320,FINANCE_LEASE,230300,GBP,202512,521406.96,0,627.11,520779.85,6.4% fixed,FIXED,FALSE,0.0,,2030-12-31,2777.49,0.0,0.0,0.0,TRUE,CA-017
FL-400,Finance leases - Vector US,NIG-400,FINANCE_LEASE,230300,USD,202512,923491.33,0,6070.33,917421.0,6.4% fixed,FIXED,FALSE,0.0,,2030-12-31,4892.91,0.0,0.0,0.0,TRUE,CA-017
FL-410,Finance leases - Vector BV,NIG-410,FINANCE_LEASE,230300,EUR,202512,213049.37,8366.94,0,221416.31,6.4% fixed,FIXED,FALSE,0.0,,2030-12-31,1180.89,0.0,0.0,0.0,TRUE,CA-017
FL-500,Finance leases - Aftermarket US,NIG-500,FINANCE_LEASE,230300,USD,202512,492012.83,1230.17,0,493243.0,6.4% fixed,FIXED,FALSE,0.0,,2030-12-31,2630.63,0.0,0.0,0.0,TRUE,CA-017
FL-510,Finance leases - Parts UK,NIG-510,FINANCE_LEASE,230300,GBP,202512,189541.72,175.45,0,189717.16,6.4% fixed,FIXED,FALSE,0.0,,2030-12-31,1011.82,0.0,0.0,0.0,TRUE,CA-017
TLB-2021,Term Loan B (2021),NIG-100,TERM_LOAN,230100,USD,202601,226600000.0,0.0,191666.67,226408333.33,SOFR + 425bps,FLOATING,TRUE,100000000.0,2026-12-31,2028-06-15,1399668.75,0.0,5266666.67,0.0,TRUE,CA-015
RCF-2021,Revolving Credit Facility,NIG-100,RCF,220200,USD,202601,16321318.0,0.0,408196.58,15913121.42,SOFR + 450bps,FLOATING,FALSE,0.0,,2027-06-15,39750.0,22500.0,0.0,44086878.58,TRUE,CA-016
FL-100,Finance leases - Northstar Topco,NIG-100,FINANCE_LEASE,230300,USD,202601,301.0,0.08,0,301.08,6.4% fixed,FIXED,FALSE,0.0,,2030-12-31,1.61,0.0,0.0,0.0,TRUE,CA-017
FL-110,Finance leases - Shared Services,NIG-110,FINANCE_LEASE,230300,USD,202601,2969.0,1.17,0,2970.17,6.4% fixed,FIXED,FALSE,0.0,,2030-12-31,15.84,0.0,0.0,0.0,TRUE,CA-017
FL-200,Finance leases - Meridian US,NIG-200,FINANCE_LEASE,230300,USD,202601,3147612.0,15110.58,0,3162722.58,6.4% fixed,FIXED,FALSE,0.0,,2030-12-31,16867.85,0.0,0.0,0.0,TRUE,CA-017
FL-210,Finance leases - Meridian Canada,NIG-210,FINANCE_LEASE,230300,CAD,202601,1368838.62,0,112.97,1368725.65,6.4% fixed,FIXED,FALSE,0.0,,2030-12-31,7299.87,0.0,0.0,0.0,TRUE,CA-017
FL-220,Finance leases - Halden Valve,NIG-220,FINANCE_LEASE,230300,EUR,202601,915296.14,0,2539.56,912756.57,6.4% fixed,FIXED,FALSE,0.0,,2030-12-31,4868.04,0.0,0.0,0.0,TRUE,CA-017
FL-300,Finance leases - Cascade US,NIG-300,FINANCE_LEASE,230300,USD,202601,2250545.0,12054.17,0,2262599.17,6.4% fixed,FIXED,FALSE,0.0,,2030-12-31,12067.2,0.0,0.0,0.0,TRUE,CA-017
FL-310,Finance leases - Cascade Canada,NIG-310,FINANCE_LEASE,230300,CAD,202601,1061736.55,2955.51,0,1064692.07,6.4% fixed,FIXED,FALSE,0.0,,2030-12-31,5678.36,0.0,0.0,0.0,TRUE,CA-017
FL-320,Finance leases - Tyneside,NIG-320,FINANCE_LEASE,230300,GBP,202601,520779.85,2886.86,0,523666.72,6.4% fixed,FIXED,FALSE,0.0,,2030-12-31,2792.89,0.0,0.0,0.0,TRUE,CA-017
FL-400,Finance leases - Vector US,NIG-400,FINANCE_LEASE,230300,USD,202601,917421.0,1098.92,0,918519.92,6.4% fixed,FIXED,FALSE,0.0,,2030-12-31,4898.77,0.0,0.0,0.0,TRUE,CA-017
FL-410,Finance leases - Vector BV,NIG-410,FINANCE_LEASE,230300,EUR,202601,221416.31,2148.43,0,223564.74,6.4% fixed,FIXED,FALSE,0.0,,2030-12-31,1192.35,0.0,0.0,0.0,TRUE,CA-017
FL-500,Finance leases - Aftermarket US,NIG-500,FINANCE_LEASE,230300,USD,202601,493243.0,2708.67,0,495951.67,6.4% fixed,FIXED,FALSE,0.0,,2030-12-31,2645.08,0.0,0.0,0.0,TRUE,CA-017
FL-510,Finance leases - Parts UK,NIG-510,FINANCE_LEASE,230300,GBP,202601,189717.16,1081.22,0,190798.39,6.4% fixed,FIXED,FALSE,0.0,,2030-12-31,1017.59,0.0,0.0,0.0,TRUE,CA-017
TLB-2021,Term Loan B (2021),NIG-100,TERM_LOAN,230100,USD,202602,226408333.33,0.0,191666.67,226216666.67,SOFR + 425bps,FLOATING,TRUE,100000000.0,2026-12-31,2028-06-15,1399668.75,0.0,5183333.33,0.0,TRUE,CA-015
RCF-2021,Revolving Credit Facility,NIG-100,RCF,220200,USD,202602,15913121.42,0.0,408196.58,15504924.83,SOFR + 450bps,FLOATING,FALSE,0.0,,2027-06-15,39750.0,22500.0,0.0,44495075.17,TRUE,CA-016
FL-100,Finance leases - Northstar Topco,NIG-100,FINANCE_LEASE,230300,USD,202602,301.08,0.08,0,301.17,6.4% fixed,FIXED,FALSE,0.0,,2030-12-31,1.61,0.0,0.0,0.0,TRUE,CA-017
FL-110,Finance leases - Shared Services,NIG-110,FINANCE_LEASE,230300,USD,202602,2970.17,1.17,0,2971.33,6.4% fixed,FIXED,FALSE,0.0,,2030-12-31,15.85,0.0,0.0,0.0,TRUE,CA-017
FL-200,Finance leases - Meridian US,NIG-200,FINANCE_LEASE,230300,USD,202602,3162722.58,15110.58,0,3177833.17,6.4% fixed,FIXED,FALSE,0.0,,2030-12-31,16948.44,0.0,0.0,0.0,TRUE,CA-017
FL-210,Finance leases - Meridian Canada,NIG-210,FINANCE_LEASE,230300,CAD,202602,1368725.65,0,112.97,1368612.68,6.4% fixed,FIXED,FALSE,0.0,,2030-12-31,7299.27,0.0,0.0,0.0,TRUE,CA-017
FL-220,Finance leases - Halden Valve,NIG-220,FINANCE_LEASE,230300,EUR,202602,912756.57,0,2539.56,910217.01,6.4% fixed,FIXED,FALSE,0.0,,2030-12-31,4854.49,0.0,0.0,0.0,TRUE,CA-017
FL-300,Finance leases - Cascade US,NIG-300,FINANCE_LEASE,230300,USD,202602,2262599.17,12054.17,0,2274653.33,6.4% fixed,FIXED,FALSE,0.0,,2030-12-31,12131.48,0.0,0.0,0.0,TRUE,CA-017
FL-310,Finance leases - Cascade Canada,NIG-310,FINANCE_LEASE,230300,CAD,202602,1064692.07,2955.51,0,1067647.58,6.4% fixed,FIXED,FALSE,0.0,,2030-12-31,5694.12,0.0,0.0,0.0,TRUE,CA-017
FL-320,Finance leases - Tyneside,NIG-320,FINANCE_LEASE,230300,GBP,202602,523666.72,2886.86,0,526553.58,6.4% fixed,FIXED,FALSE,0.0,,2030-12-31,2808.29,0.0,0.0,0.0,TRUE,CA-017
FL-400,Finance leases - Vector US,NIG-400,FINANCE_LEASE,230300,USD,202602,918519.92,1098.92,0,919618.83,6.4% fixed,FIXED,FALSE,0.0,,2030-12-31,4904.63,0.0,0.0,0.0,TRUE,CA-017
FL-410,Finance leases - Vector BV,NIG-410,FINANCE_LEASE,230300,EUR,202602,223564.74,2148.43,0,225713.16,6.4% fixed,FIXED,FALSE,0.0,,2030-12-31,1203.8,0.0,0.0,0.0,TRUE,CA-017
FL-500,Finance leases - Aftermarket US,NIG-500,FINANCE_LEASE,230300,USD,202602,495951.67,2708.67,0,498660.33,6.4% fixed,FIXED,FALSE,0.0,,2030-12-31,2659.52,0.0,0.0,0.0,TRUE,CA-017
FL-510,Finance leases - Parts UK,NIG-510,FINANCE_LEASE,230300,GBP,202602,190798.39,1081.22,0,191879.61,6.4% fixed,FIXED,FALSE,0.0,,2030-12-31,1023.36,0.0,0.0,0.0,TRUE,CA-017
TLB-2021,Term Loan B (2021),NIG-100,TERM_LOAN,230100,USD,202603,226216666.67,0.0,191666.67,226025000.0,SOFR + 425bps,FLOATING,TRUE,100000000.0,2026-12-31,2028-06-15,1399668.75,0.0,5100000.0,0.0,TRUE,CA-015
RCF-2021,Revolving Credit Facility,NIG-100,RCF,220200,USD,202603,15504924.83,0.0,408196.58,15096728.25,SOFR + 450bps,FLOATING,FALSE,0.0,,2027-06-15,39750.0,22500.0,0.0,44903271.75,TRUE,CA-016
FL-100,Finance leases - Northstar Topco,NIG-100,FINANCE_LEASE,230300,USD,202603,301.17,0.08,0,301.25,6.4% fixed,FIXED,FALSE,0.0,,2030-12-31,1.61,0.0,0.0,0.0,TRUE,CA-017
FL-110,Finance leases - Shared Services,NIG-110,FINANCE_LEASE,230300,USD,202603,2971.33,1.17,0,2972.5,6.4% fixed,FIXED,FALSE,0.0,,2030-12-31,15.85,0.0,0.0,0.0,TRUE,CA-017
FL-200,Finance leases - Meridian US,NIG-200,FINANCE_LEASE,230300,USD,202603,3177833.17,15110.58,0,3192943.75,6.4% fixed,FIXED,FALSE,0.0,,2030-12-31,17029.03,0.0,0.0,0.0,TRUE,CA-017
FL-210,Finance leases - Meridian Canada,NIG-210,FINANCE_LEASE,230300,CAD,202603,1368612.68,0,112.97,1368499.71,6.4% fixed,FIXED,FALSE,0.0,,2030-12-31,7298.67,0.0,0.0,0.0,TRUE,CA-017
FL-220,Finance leases - Halden Valve,NIG-220,FINANCE_LEASE,230300,EUR,202603,910217.01,0,2539.56,907677.44,6.4% fixed,FIXED,FALSE,0.0,,2030-12-31,4840.95,0.0,0.0,0.0,TRUE,CA-017
FL-300,Finance leases - Cascade US,NIG-300,FINANCE_LEASE,230300,USD,202603,2274653.33,12054.17,0,2286707.5,6.4% fixed,FIXED,FALSE,0.0,,2030-12-31,12195.77,0.0,0.0,0.0,TRUE,CA-017
FL-310,Finance leases - Cascade Canada,NIG-310,FINANCE_LEASE,230300,CAD,202603,1067647.58,2955.51,0,1070603.09,6.4% fixed,FIXED,FALSE,0.0,,2030-12-31,5709.88,0.0,0.0,0.0,TRUE,CA-017
FL-320,Finance leases - Tyneside,NIG-320,FINANCE_LEASE,230300,GBP,202603,526553.58,2886.86,0,529440.44,6.4% fixed,FIXED,FALSE,0.0,,2030-12-31,2823.68,0.0,0.0,0.0,TRUE,CA-017
FL-400,Finance leases - Vector US,NIG-400,FINANCE_LEASE,230300,USD,202603,919618.83,1098.92,0,920717.75,6.4% fixed,FIXED,FALSE,0.0,,2030-12-31,4910.49,0.0,0.0,0.0,TRUE,CA-017
FL-410,Finance leases - Vector BV,NIG-410,FINANCE_LEASE,230300,EUR,202603,225713.16,2148.43,0,227861.59,6.4% fixed,FIXED,FALSE,0.0,,2030-12-31,1215.26,0.0,0.0,0.0,TRUE,CA-017
FL-500,Finance leases - Aftermarket US,NIG-500,FINANCE_LEASE,230300,USD,202603,498660.33,2708.67,0,501369.0,6.4% fixed,FIXED,FALSE,0.0,,2030-12-31,2673.97,0.0,0.0,0.0,TRUE,CA-017
FL-510,Finance leases - Parts UK,NIG-510,FINANCE_LEASE,230300,GBP,202603,191879.61,1081.22,0,192960.84,6.4% fixed,FIXED,FALSE,0.0,,2030-12-31,1029.12,0.0,0.0,0.0,TRUE,CA-017
TLB-2021,Term Loan B (2021),NIG-100,TERM_LOAN,230100,USD,202604,226025000.0,0.0,191666.67,225833333.33,SOFR + 425bps,FLOATING,TRUE,100000000.0,2026-12-31,2028-06-15,1399668.75,0.0,5016666.67,0.0,TRUE,CA-015
RCF-2021,Revolving Credit Facility,NIG-100,RCF,220200,USD,202604,15096728.25,0.0,408196.58,14688531.67,SOFR + 450bps,FLOATING,FALSE,0.0,,2027-06-15,39750.0,22500.0,0.0,45311468.33,TRUE,CA-016
FL-100,Finance leases - Northstar Topco,NIG-100,FINANCE_LEASE,230300,USD,202604,301.25,0.08,0,301.33,6.4% fixed,FIXED,FALSE,0.0,,2030-12-31,1.61,0.0,0.0,0.0,TRUE,CA-017
FL-110,Finance leases - Shared Services,NIG-110,FINANCE_LEASE,230300,USD,202604,2972.5,1.17,0,2973.67,6.4% fixed,FIXED,FALSE,0.0,,2030-12-31,15.86,0.0,0.0,0.0,TRUE,CA-017
FL-200,Finance leases - Meridian US,NIG-200,FINANCE_LEASE,230300,USD,202604,3192943.75,15110.58,0,3208054.33,6.4% fixed,FIXED,FALSE,0.0,,2030-12-31,17109.62,0.0,0.0,0.0,TRUE,CA-017
FL-210,Finance leases - Meridian Canada,NIG-210,FINANCE_LEASE,230300,CAD,202604,1368499.71,0,112.97,1368386.74,6.4% fixed,FIXED,FALSE,0.0,,2030-12-31,7298.06,0.0,0.0,0.0,TRUE,CA-017
FL-220,Finance leases - Halden Valve,NIG-220,FINANCE_LEASE,230300,EUR,202604,907677.44,0,2539.56,905137.88,6.4% fixed,FIXED,FALSE,0.0,,2030-12-31,4827.4,0.0,0.0,0.0,TRUE,CA-017
FL-300,Finance leases - Cascade US,NIG-300,FINANCE_LEASE,230300,USD,202604,2286707.5,12054.17,0,2298761.67,6.4% fixed,FIXED,FALSE,0.0,,2030-12-31,12260.06,0.0,0.0,0.0,TRUE,CA-017
FL-310,Finance leases - Cascade Canada,NIG-310,FINANCE_LEASE,230300,CAD,202604,1070603.09,2955.51,0,1073558.61,6.4% fixed,FIXED,FALSE,0.0,,2030-12-31,5725.65,0.0,0.0,0.0,TRUE,CA-017
FL-320,Finance leases - Tyneside,NIG-320,FINANCE_LEASE,230300,GBP,202604,529440.44,2886.86,0,532327.31,6.4% fixed,FIXED,FALSE,0.0,,2030-12-31,2839.08,0.0,0.0,0.0,TRUE,CA-017
FL-400,Finance leases - Vector US,NIG-400,FINANCE_LEASE,230300,USD,202604,920717.75,1098.92,0,921816.67,6.4% fixed,FIXED,FALSE,0.0,,2030-12-31,4916.36,0.0,0.0,0.0,TRUE,CA-017
FL-410,Finance leases - Vector BV,NIG-410,FINANCE_LEASE,230300,EUR,202604,227861.59,2148.43,0,230010.02,6.4% fixed,FIXED,FALSE,0.0,,2030-12-31,1226.72,0.0,0.0,0.0,TRUE,CA-017
FL-500,Finance leases - Aftermarket US,NIG-500,FINANCE_LEASE,230300,USD,202604,501369.0,2708.67,0,504077.67,6.4% fixed,FIXED,FALSE,0.0,,2030-12-31,2688.41,0.0,0.0,0.0,TRUE,CA-017
FL-510,Finance leases - Parts UK,NIG-510,FINANCE_LEASE,230300,GBP,202604,192960.84,1081.22,0,194042.06,6.4% fixed,FIXED,FALSE,0.0,,2030-12-31,1034.89,0.0,0.0,0.0,TRUE,CA-017
TLB-2021,Term Loan B (2021),NIG-100,TERM_LOAN,230100,USD,202605,225833333.33,0.0,191666.67,225641666.67,SOFR + 425bps,FLOATING,TRUE,100000000.0,2026-12-31,2028-06-15,1399668.75,0.0,4933333.33,0.0,TRUE,CA-015
RCF-2021,Revolving Credit Facility,NIG-100,RCF,220200,USD,202605,14688531.67,0.0,408196.58,14280335.08,SOFR + 450bps,FLOATING,FALSE,0.0,,2027-06-15,39750.0,22500.0,0.0,45719664.92,TRUE,CA-016
FL-100,Finance leases - Northstar Topco,NIG-100,FINANCE_LEASE,230300,USD,202605,301.33,0.08,0,301.42,6.4% fixed,FIXED,FALSE,0.0,,2030-12-31,1.61,0.0,0.0,0.0,TRUE,CA-017
FL-110,Finance leases - Shared Services,NIG-110,FINANCE_LEASE,230300,USD,202605,2973.67,1.17,0,2974.83,6.4% fixed,FIXED,FALSE,0.0,,2030-12-31,15.87,0.0,0.0,0.0,TRUE,CA-017
FL-200,Finance leases - Meridian US,NIG-200,FINANCE_LEASE,230300,USD,202605,3208054.33,15110.58,0,3223164.92,6.4% fixed,FIXED,FALSE,0.0,,2030-12-31,17190.21,0.0,0.0,0.0,TRUE,CA-017
FL-210,Finance leases - Meridian Canada,NIG-210,FINANCE_LEASE,230300,CAD,202605,1368386.74,0,112.97,1368273.78,6.4% fixed,FIXED,FALSE,0.0,,2030-12-31,7297.46,0.0,0.0,0.0,TRUE,CA-017
FL-220,Finance leases - Halden Valve,NIG-220,FINANCE_LEASE,230300,EUR,202605,905137.88,0,2539.56,902598.32,6.4% fixed,FIXED,FALSE,0.0,,2030-12-31,4813.86,0.0,0.0,0.0,TRUE,CA-017
FL-300,Finance leases - Cascade US,NIG-300,FINANCE_LEASE,230300,USD,202605,2298761.67,12054.17,0,2310815.83,6.4% fixed,FIXED,FALSE,0.0,,2030-12-31,12324.35,0.0,0.0,0.0,TRUE,CA-017
FL-310,Finance leases - Cascade Canada,NIG-310,FINANCE_LEASE,230300,CAD,202605,1073558.61,2955.51,0,1076514.12,6.4% fixed,FIXED,FALSE,0.0,,2030-12-31,5741.41,0.0,0.0,0.0,TRUE,CA-017
FL-320,Finance leases - Tyneside,NIG-320,FINANCE_LEASE,230300,GBP,202605,532327.31,2886.86,0,535214.17,6.4% fixed,FIXED,FALSE,0.0,,2030-12-31,2854.48,0.0,0.0,0.0,TRUE,CA-017
FL-400,Finance leases - Vector US,NIG-400,FINANCE_LEASE,230300,USD,202605,921816.67,1098.92,0,922915.58,6.4% fixed,FIXED,FALSE,0.0,,2030-12-31,4922.22,0.0,0.0,0.0,TRUE,CA-017
FL-410,Finance leases - Vector BV,NIG-410,FINANCE_LEASE,230300,EUR,202605,230010.02,2148.43,0,232158.45,6.4% fixed,FIXED,FALSE,0.0,,2030-12-31,1238.18,0.0,0.0,0.0,TRUE,CA-017
FL-500,Finance leases - Aftermarket US,NIG-500,FINANCE_LEASE,230300,USD,202605,504077.67,2708.67,0,506786.33,6.4% fixed,FIXED,FALSE,0.0,,2030-12-31,2702.86,0.0,0.0,0.0,TRUE,CA-017
FL-510,Finance leases - Parts UK,NIG-510,FINANCE_LEASE,230300,GBP,202605,194042.06,1081.22,0,195123.28,6.4% fixed,FIXED,FALSE,0.0,,2030-12-31,1040.66,0.0,0.0,0.0,TRUE,CA-017
TLB-2021,Term Loan B (2021),NIG-100,TERM_LOAN,230100,USD,202606,225641666.67,0.0,191666.67,225450000.0,SOFR + 425bps,FLOATING,TRUE,100000000.0,2026-12-31,2028-06-15,1399668.75,0.0,4850000.0,0.0,TRUE,CA-015
RCF-2021,Revolving Credit Facility,NIG-100,RCF,220200,USD,202606,14280335.08,0.0,408196.58,13872138.5,SOFR + 450bps,FLOATING,FALSE,0.0,,2027-06-15,39750.0,22500.0,0.0,46127861.5,TRUE,CA-016
FL-100,Finance leases - Northstar Topco,NIG-100,FINANCE_LEASE,230300,USD,202606,301.42,0.08,0,301.5,6.4% fixed,FIXED,FALSE,0.0,,2030-12-31,1.61,0.0,0.0,0.0,TRUE,CA-017
FL-110,Finance leases - Shared Services,NIG-110,FINANCE_LEASE,230300,USD,202606,2974.83,1.17,0,2976.0,6.4% fixed,FIXED,FALSE,0.0,,2030-12-31,15.87,0.0,0.0,0.0,TRUE,CA-017
FL-200,Finance leases - Meridian US,NIG-200,FINANCE_LEASE,230300,USD,202606,3223164.92,15110.58,0,3238275.5,6.4% fixed,FIXED,FALSE,0.0,,2030-12-31,17270.8,0.0,0.0,0.0,TRUE,CA-017
FL-210,Finance leases - Meridian Canada,NIG-210,FINANCE_LEASE,230300,CAD,202606,1368273.78,0,112.97,1368160.81,6.4% fixed,FIXED,FALSE,0.0,,2030-12-31,7296.86,0.0,0.0,0.0,TRUE,CA-017
FL-220,Finance leases - Halden Valve,NIG-220,FINANCE_LEASE,230300,EUR,202606,902598.32,0,2539.56,900058.75,6.4% fixed,FIXED,FALSE,0.0,,2030-12-31,4800.31,0.0,0.0,0.0,TRUE,CA-017
FL-300,Finance leases - Cascade US,NIG-300,FINANCE_LEASE,230300,USD,202606,2310815.83,12054.17,0,2322870.0,6.4% fixed,FIXED,FALSE,0.0,,2030-12-31,12388.64,0.0,0.0,0.0,TRUE,CA-017
FL-310,Finance leases - Cascade Canada,NIG-310,FINANCE_LEASE,230300,CAD,202606,1076514.12,2955.51,0,1079469.64,6.4% fixed,FIXED,FALSE,0.0,,2030-12-31,5757.17,0.0,0.0,0.0,TRUE,CA-017
FL-320,Finance leases - Tyneside,NIG-320,FINANCE_LEASE,230300,GBP,202606,535214.17,2886.86,0,538101.04,6.4% fixed,FIXED,FALSE,0.0,,2030-12-31,2869.87,0.0,0.0,0.0,TRUE,CA-017
FL-400,Finance leases - Vector US,NIG-400,FINANCE_LEASE,230300,USD,202606,922915.58,1098.92,0,924014.5,6.4% fixed,FIXED,FALSE,0.0,,2030-12-31,4928.08,0.0,0.0,0.0,TRUE,CA-017
FL-410,Finance leases - Vector BV,NIG-410,FINANCE_LEASE,230300,EUR,202606,232158.45,2148.43,0,234306.87,6.4% fixed,FIXED,FALSE,0.0,,2030-12-31,1249.64,0.0,0.0,0.0,TRUE,CA-017
FL-500,Finance leases - Aftermarket US,NIG-500,FINANCE_LEASE,230300,USD,202606,506786.33,2708.67,0,509495.0,6.4% fixed,FIXED,FALSE,0.0,,2030-12-31,2717.31,0.0,0.0,0.0,TRUE,CA-017
FL-510,Finance leases - Parts UK,NIG-510,FINANCE_LEASE,230300,GBP,202606,195123.28,1081.22,0,196204.51,6.4% fixed,FIXED,FALSE,0.0,,2030-12-31,1046.42,0.0,0.0,0.0,TRUE,CA-017
TLB-2021,Term Loan B (2021),NIG-100,TERM_LOAN,230100,USD,202607,225450000.0,0.0,191666.67,225258333.33,SOFR + 425bps,FLOATING,TRUE,100000000.0,2026-12-31,2028-06-15,1399668.75,0.0,4766666.67,0.0,TRUE,CA-015
RCF-2021,Revolving Credit Facility,NIG-100,RCF,220200,USD,202607,13872138.5,0.0,408196.58,13463941.92,SOFR + 450bps,FLOATING,FALSE,0.0,,2027-06-15,39750.0,22500.0,0.0,46536058.08,TRUE,CA-016
FL-100,Finance leases - Northstar Topco,NIG-100,FINANCE_LEASE,230300,USD,202607,301.5,0.08,0,301.58,6.4% fixed,FIXED,FALSE,0.0,,2030-12-31,1.61,0.0,0.0,0.0,TRUE,CA-017
FL-110,Finance leases - Shared Services,NIG-110,FINANCE_LEASE,230300,USD,202607,2976.0,1.17,0,2977.17,6.4% fixed,FIXED,FALSE,0.0,,2030-12-31,15.88,0.0,0.0,0.0,TRUE,CA-017
FL-200,Finance leases - Meridian US,NIG-200,FINANCE_LEASE,230300,USD,202607,3238275.5,15110.58,0,3253386.08,6.4% fixed,FIXED,FALSE,0.0,,2030-12-31,17351.39,0.0,0.0,0.0,TRUE,CA-017
FL-210,Finance leases - Meridian Canada,NIG-210,FINANCE_LEASE,230300,CAD,202607,1368160.81,0,112.97,1368047.84,6.4% fixed,FIXED,FALSE,0.0,,2030-12-31,7296.26,0.0,0.0,0.0,TRUE,CA-017
FL-220,Finance leases - Halden Valve,NIG-220,FINANCE_LEASE,230300,EUR,202607,900058.75,0,2539.56,897519.19,6.4% fixed,FIXED,FALSE,0.0,,2030-12-31,4786.77,0.0,0.0,0.0,TRUE,CA-017
FL-300,Finance leases - Cascade US,NIG-300,FINANCE_LEASE,230300,USD,202607,2322870.0,12054.17,0,2334924.17,6.4% fixed,FIXED,FALSE,0.0,,2030-12-31,12452.93,0.0,0.0,0.0,TRUE,CA-017
FL-310,Finance leases - Cascade Canada,NIG-310,FINANCE_LEASE,230300,CAD,202607,1079469.64,2955.51,0,1082425.15,6.4% fixed,FIXED,FALSE,0.0,,2030-12-31,5772.93,0.0,0.0,0.0,TRUE,CA-017
FL-320,Finance leases - Tyneside,NIG-320,FINANCE_LEASE,230300,GBP,202607,538101.04,2886.86,0,540987.9,6.4% fixed,FIXED,FALSE,0.0,,2030-12-31,2885.27,0.0,0.0,0.0,TRUE,CA-017
FL-400,Finance leases - Vector US,NIG-400,FINANCE_LEASE,230300,USD,202607,924014.5,1098.92,0,925113.42,6.4% fixed,FIXED,FALSE,0.0,,2030-12-31,4933.94,0.0,0.0,0.0,TRUE,CA-017
FL-410,Finance leases - Vector BV,NIG-410,FINANCE_LEASE,230300,EUR,202607,234306.87,2148.43,0,236455.3,6.4% fixed,FIXED,FALSE,0.0,,2030-12-31,1261.09,0.0,0.0,0.0,TRUE,CA-017
FL-500,Finance leases - Aftermarket US,NIG-500,FINANCE_LEASE,230300,USD,202607,509495.0,2708.67,0,512203.67,6.4% fixed,FIXED,FALSE,0.0,,2030-12-31,2731.75,0.0,0.0,0.0,TRUE,CA-017
FL-510,Finance leases - Parts UK,NIG-510,FINANCE_LEASE,230300,GBP,202607,196204.51,1081.22,0,197285.73,6.4% fixed,FIXED,FALSE,0.0,,2030-12-31,1052.19,0.0,0.0,0.0,TRUE,CA-017
TLB-2021,Term Loan B (2021),NIG-100,TERM_LOAN,230100,USD,202608,225258333.33,0.0,191666.67,225066666.67,SOFR + 425bps,FLOATING,TRUE,100000000.0,2026-12-31,2028-06-15,1399668.75,0.0,4683333.33,0.0,TRUE,CA-015
RCF-2021,Revolving Credit Facility,NIG-100,RCF,220200,USD,202608,13463941.92,0.0,408196.58,13055745.33,SOFR + 450bps,FLOATING,FALSE,0.0,,2027-06-15,39750.0,22500.0,0.0,46944254.67,TRUE,CA-016
FL-100,Finance leases - Northstar Topco,NIG-100,FINANCE_LEASE,230300,USD,202608,301.58,0.08,0,301.67,6.4% fixed,FIXED,FALSE,0.0,,2030-12-31,1.61,0.0,0.0,0.0,TRUE,CA-017
FL-110,Finance leases - Shared Services,NIG-110,FINANCE_LEASE,230300,USD,202608,2977.17,1.17,0,2978.33,6.4% fixed,FIXED,FALSE,0.0,,2030-12-31,15.88,0.0,0.0,0.0,TRUE,CA-017
FL-200,Finance leases - Meridian US,NIG-200,FINANCE_LEASE,230300,USD,202608,3253386.08,15110.58,0,3268496.67,6.4% fixed,FIXED,FALSE,0.0,,2030-12-31,17431.98,0.0,0.0,0.0,TRUE,CA-017
FL-210,Finance leases - Meridian Canada,NIG-210,FINANCE_LEASE,230300,CAD,202608,1368047.84,0,112.97,1367934.87,6.4% fixed,FIXED,FALSE,0.0,,2030-12-31,7295.65,0.0,0.0,0.0,TRUE,CA-017
FL-220,Finance leases - Halden Valve,NIG-220,FINANCE_LEASE,230300,EUR,202608,897519.19,0,2539.56,894979.62,6.4% fixed,FIXED,FALSE,0.0,,2030-12-31,4773.22,0.0,0.0,0.0,TRUE,CA-017
FL-300,Finance leases - Cascade US,NIG-300,FINANCE_LEASE,230300,USD,202608,2334924.17,12054.17,0,2346978.33,6.4% fixed,FIXED,FALSE,0.0,,2030-12-31,12517.22,0.0,0.0,0.0,TRUE,CA-017
FL-310,Finance leases - Cascade Canada,NIG-310,FINANCE_LEASE,230300,CAD,202608,1082425.15,2955.51,0,1085380.66,6.4% fixed,FIXED,FALSE,0.0,,2030-12-31,5788.7,0.0,0.0,0.0,TRUE,CA-017
FL-320,Finance leases - Tyneside,NIG-320,FINANCE_LEASE,230300,GBP,202608,540987.9,2886.86,0,543874.77,6.4% fixed,FIXED,FALSE,0.0,,2030-12-31,2900.67,0.0,0.0,0.0,TRUE,CA-017
FL-400,Finance leases - Vector US,NIG-400,FINANCE_LEASE,230300,USD,202608,925113.42,1098.92,0,926212.33,6.4% fixed,FIXED,FALSE,0.0,,2030-12-31,4939.8,0.0,0.0,0.0,TRUE,CA-017
FL-410,Finance leases - Vector BV,NIG-410,FINANCE_LEASE,230300,EUR,202608,236455.3,2148.43,0,238603.73,6.4% fixed,FIXED,FALSE,0.0,,2030-12-31,1272.55,0.0,0.0,0.0,TRUE,CA-017
FL-500,Finance leases - Aftermarket US,NIG-500,FINANCE_LEASE,230300,USD,202608,512203.67,2708.67,0,514912.33,6.4% fixed,FIXED,FALSE,0.0,,2030-12-31,2746.2,0.0,0.0,0.0,TRUE,CA-017
FL-510,Finance leases - Parts UK,NIG-510,FINANCE_LEASE,230300,GBP,202608,197285.73,1081.22,0,198366.96,6.4% fixed,FIXED,FALSE,0.0,,2030-12-31,1057.96,0.0,0.0,0.0,TRUE,CA-017
