employee_id,entity_code,cost_center_code,department_code,bu_code,country_code,currency_code,job_family_code,job_family_name,employment_status,employment_type,fte,hire_date,termination_date,annual_base_salary_local,benefits_rate_pct,bonus_eligible,bonus_target_pct
EA77ABEDD,NIG-100,100-510,D510,CORP,US,USD,FIN,Finance,ACTIVE,FULL_TIME,1.0,2013-10-09,,98586.41,0.234,TRUE,0.2198
EE136A90E,NIG-100,100-515,D515,CORP,US,USD,ADMIN,Administration,ACTIVE,FULL_TIME,1.0,2016-04-19,,49826.32,0.169,FALSE,0.0
E992A874B,NIG-100,100-900,D900,CORP,US,USD,HR,Human Resources,ACTIVE,FULL_TIME,1.0,2017-06-21,,71438.2,0.2365,FALSE,0.0
E032913D5,NIG-100,100-515,D515,CORP,US,USD,SALES,Sales & Commercial,ACTIVE,FULL_TIME,1.0,2015-03-30,,91986.92,0.1798,TRUE,0.0861
E3371330F,NIG-100,100-520,D520,CORP,US,USD,FIN,Finance,ACTIVE,FULL_TIME,1.0,2017-10-21,,94496.16,0.1943,TRUE,0.2346
EE36860C2,NIG-100,100-900,D900,CORP,US,USD,SALES,Sales & Commercial,ACTIVE,FULL_TIME,1.0,2013-10-25,,89337.81,0.1645,TRUE,0.2915
E7D0EC086,NIG-100,100-505,D505,CORP,US,USD,IT,Information Technology,TERMINATED,FULL_TIME,1.0,2018-04-10,2023-12-31,114104.67,0.1687,TRUE,0.2146
EAECD825A,NIG-100,100-505,D505,CORP,US,USD,FIN,Finance,ACTIVE,FULL_TIME,1.0,2014-12-04,,116340.94,0.2358,TRUE,0.1385
EC0F2674E,NIG-100,100-510,D510,CORP,US,USD,IT,Information Technology,TERMINATED,FULL_TIME,1.0,2014-08-25,2025-05-31,104049.34,0.2559,TRUE,0.3206
E09AF5AB8,NIG-100,100-910,D910,CORP,US,USD,SALES,Sales & Commercial,ACTIVE,FULL_TIME,1.0,2011-11-26,,92131.33,0.1605,TRUE,0.2408
E121B8C0F,NIG-100,100-900,D900,CORP,US,USD,IT,Information Technology,ACTIVE,FULL_TIME,1.0,2017-12-22,,102968.17,0.2361,TRUE,0.3101
E369B4D1B,NIG-100,100-905,D905,CORP,US,USD,FIN,Finance,ACTIVE,FULL_TIME,1.0,2014-12-26,,87975.49,0.2311,TRUE,0.2115
E05E2C3B3,NIG-100,100-905,D905,CORP,US,USD,HR,Human Resources,ACTIVE,FULL_TIME,1.0,2017-10-12,,96204.69,0.2364,FALSE,0.0
E6B534611,NIG-100,100-905,D905,CORP,US,USD,SALES,Sales & Commercial,ACTIVE,FULL_TIME,1.0,2018-05-07,,127861.01,0.2654,TRUE,0.1157
E1870F2C5,NIG-100,100-505,D505,CORP,US,USD,HR,Human Resources,ACTIVE,PART_TIME,0.6,2017-01-08,,76932.13,0.1735,FALSE,0.0
E6D498281,NIG-100,100-505,D505,CORP,US,USD,SALES,Sales & Commercial,ACTIVE,PART_TIME,0.8,2017-06-25,,80815.57,0.2185,TRUE,0.1539
E4C64BB98,NIG-100,100-500,D500,CORP,US,USD,FIN,Finance,ACTIVE,FULL_TIME,1.0,2011-01-28,,105346.83,0.234,TRUE,0.1612
E195CDA29,NIG-100,100-910,D910,CORP,US,USD,IT,Information Technology,ACTIVE,FULL_TIME,1.0,2016-08-08,,112234.57,0.1808,TRUE,0.1625
EA7C31843,NIG-100,100-500,D500,CORP,US,USD,IT,Information Technology,ACTIVE,FULL_TIME,1.0,2012-12-22,,109477.49,0.2688,TRUE,0.1894
E23A5221C,NIG-100,100-910,D910,CORP,US,USD,EXEC,Executive & Leadership,ACTIVE,FULL_TIME,1.0,2017-01-02,,191082.94,0.2381,TRUE,0.1157
E860CF1C7,NIG-100,100-505,D505,CORP,US,USD,ADMIN,Administration,TERMINATED,FULL_TIME,1.0,2013-10-17,2026-02-28,69447.05,0.2604,FALSE,0.0
E19B9C96C,NIG-100,100-910,D910,CORP,US,USD,SALES,Sales & Commercial,TERMINATED,FULL_TIME,1.0,2010-11-19,2026-03-31,100724.93,0.2456,TRUE,0.2149
E00E92A3C,NIG-100,100-905,D905,CORP,US,USD,EXEC,Executive & Leadership,ACTIVE,FULL_TIME,1.0,2016-01-31,,166208.01,0.2123,TRUE,0.159
E4773CD02,NIG-100,100-900,D900,CORP,US,USD,EXEC,Executive & Leadership,ACTIVE,FULL_TIME,1.0,2012-05-22,,246331.82,0.1721,TRUE,0.0626
E8345AD3B,NIG-100,100-505,D505,CORP,US,USD,ADMIN,Administration,ACTIVE,FULL_TIME,1.0,2011-01-15,,64268.17,0.2227,FALSE,0.0
E870FD7C1,NIG-100,100-905,D905,CORP,US,USD,SALES,Sales & Commercial,TERMINATED,FULL_TIME,1.0,2017-12-26,2025-06-30,105821.81,0.173,TRUE,0.2278
E2FB0542A,NIG-100,100-905,D905,CORP,US,USD,ADMIN,Administration,ACTIVE,FULL_TIME,1.0,2024-03-23,,74081.59,0.2311,FALSE,0.0
E53421FEE,NIG-100,100-515,D515,CORP,US,USD,ADMIN,Administration,ACTIVE,FULL_TIME,1.0,2025-06-18,,49480.27,0.231,FALSE,0.0
EC5F4FB89,NIG-100,100-900,D900,CORP,US,USD,SALES,Sales & Commercial,ACTIVE,FULL_TIME,1.0,2026-03-16,,115915.22,0.2057,TRUE,0.0944
EB3425F8C,NIG-100,100-905,D905,CORP,US,USD,FIN,Finance,ACTIVE,FULL_TIME,1.0,2024-01-11,,88600.56,0.2427,TRUE,0.3091
E5DE2743B,NIG-100,100-500,D500,CORP,US,USD,IT,Information Technology,ACTIVE,FULL_TIME,1.0,2026-04-16,,101042.62,0.2165,TRUE,0.0596
E0FDB1611,NIG-100,100-520,D520,CORP,US,USD,IT,Information Technology,ACTIVE,FULL_TIME,1.0,2025-07-16,,104419.4,0.2408,TRUE,0.203
E3089A07F,NIG-110,110-905,D905,CORP,US,USD,IT,Information Technology,ACTIVE,FULL_TIME,1.0,2013-03-27,,119114.01,0.235,TRUE,0.3029
ED1197DBA,NIG-110,110-515,D515,CORP,US,USD,ADMIN,Administration,ACTIVE,FULL_TIME,1.0,2011-12-21,,65719.17,0.2398,FALSE,0.0
EB43E7985,NIG-110,110-510,D510,CORP,US,USD,FIN,Finance,TERMINATED,FULL_TIME,1.0,2016-11-10,2024-09-30,110521.28,0.1895,TRUE,0.1601
E9F3DBD9E,NIG-110,110-905,D905,CORP,US,USD,EXEC,Executive & Leadership,ACTIVE,FULL_TIME,1.0,2011-08-01,,194474.04,0.1895,TRUE,0.3489
E0BB7A618,NIG-110,110-515,D515,CORP,US,USD,HR,Human Resources,ACTIVE,FULL_TIME,1.0,2012-09-02,,77227.57,0.1872,FALSE,0.0
E9EB0B0BB,NIG-110,110-510,D510,CORP,US,USD,SALES,Sales & Commercial,ACTIVE,FULL_TIME,1.0,2011-12-13,,84640.69,0.2445,TRUE,0.1382
EE44AFF3C,NIG-110,110-905,D905,CORP,US,USD,EXEC,Executive & Leadership,ACTIVE,FULL_TIME,1.0,2012-05-16,,160237.45,0.1897,TRUE,0.1375
E2CEAB69E,NIG-110,110-905,D905,CORP,US,USD,IT,Information Technology,ACTIVE,PART_TIME,0.6,2011-06-08,,89790.66,0.2644,TRUE,0.2856
EA442A1CA,NIG-110,110-905,D905,CORP,US,USD,ADMIN,Administration,ACTIVE,FULL_TIME,1.0,2015-10-14,,56625.52,0.2188,FALSE,0.0
E49642809,NIG-110,110-500,D500,CORP,US,USD,IT,Information Technology,ACTIVE,PART_TIME,0.8,2012-06-09,,93086.89,0.2427,TRUE,0.1555
E46A22C2A,NIG-110,110-520,D520,CORP,US,USD,EXEC,Executive & Leadership,ACTIVE,FULL_TIME,1.0,2012-06-17,,232143.65,0.1668,TRUE,0.273
E25A96D40,NIG-110,110-505,D505,CORP,US,USD,EXEC,Executive & Leadership,TERMINATED,FULL_TIME,1.0,2016-12-09,2025-01-31,188034.14,0.2174,TRUE,0.3325
EA17764C8,NIG-110,110-910,D910,CORP,US,USD,IT,Information Technology,ACTIVE,FULL_TIME,1.0,2018-01-18,,119010.91,0.2493,TRUE,0.1622
EB0263291,NIG-110,110-520,D520,CORP,US,USD,ADMIN,Administration,ACTIVE,FULL_TIME,1.0,2013-05-27,,53515.87,0.1977,FALSE,0.0
EA87AB88F,NIG-110,110-520,D520,CORP,US,USD,EXEC,Executive & Leadership,TERMINATED,FULL_TIME,1.0,2011-06-28,2025-12-31,198916.77,0.2022,TRUE,0.3158
EFB0861C0,NIG-110,110-900,D900,CORP,US,USD,EXEC,Executive & Leadership,ACTIVE,FULL_TIME,1.0,2018-07-22,,209463.01,0.2599,TRUE,0.2083
E9E1A9F69,NIG-110,110-520,D520,CORP,US,USD,SALES,Sales & Commercial,ACTIVE,FULL_TIME,1.0,2017-08-13,,93367.78,0.2058,TRUE,0.2884
E32DB4D7E,NIG-110,110-500,D500,CORP,US,USD,EXEC,Executive & Leadership,ACTIVE,FULL_TIME,1.0,2012-10-04,,139241.22,0.1662,TRUE,0.237
EAFA1E55A,NIG-110,110-505,D505,CORP,US,USD,IT,Information Technology,ACTIVE,FULL_TIME,1.0,2013-08-31,,128465.83,0.1789,TRUE,0.187
E8ED67FF5,NIG-110,110-905,D905,CORP,US,USD,SALES,Sales & Commercial,ACTIVE,FULL_TIME,1.0,2014-07-30,,102298.76,0.2213,TRUE,0.1522
E941565D8,NIG-110,110-500,D500,CORP,US,USD,EXEC,Executive & Leadership,ACTIVE,FULL_TIME,1.0,2013-08-04,,197303.15,0.1902,TRUE,0.1552
E124ACA86,NIG-110,110-505,D505,CORP,US,USD,EXEC,Executive & Leadership,ACTIVE,FULL_TIME,1.0,2017-07-10,,273076.47,0.1605,TRUE,0.272
E9CAE7CC9,NIG-110,110-515,D515,CORP,US,USD,ADMIN,Administration,ACTIVE,FULL_TIME,1.0,2017-01-13,,57370.58,0.1853,FALSE,0.0
EBBA73A45,NIG-110,110-520,D520,CORP,US,USD,EXEC,Executive & Leadership,ACTIVE,FULL_TIME,1.0,2018-09-07,,201945.84,0.2324,TRUE,0.2495
E09CE43C8,NIG-110,110-900,D900,CORP,US,USD,HR,Human Resources,ACTIVE,FULL_TIME,1.0,2015-03-15,,86971.32,0.2274,FALSE,0.0
ED7D4E8CC,NIG-110,110-515,D515,CORP,US,USD,EXEC,Executive & Leadership,ACTIVE,FULL_TIME,1.0,2018-08-11,,152786.83,0.2237,TRUE,0.2306
E7B213A94,NIG-110,110-900,D900,CORP,US,USD,FIN,Finance,TERMINATED,FULL_TIME,1.0,2013-06-24,2025-08-31,99145.55,0.257,TRUE,0.2944
E8EF9A3D8,NIG-110,110-505,D505,CORP,US,USD,ADMIN,Administration,ACTIVE,FULL_TIME,1.0,2015-08-27,,62352.61,0.2202,FALSE,0.0
E914684AF,NIG-110,110-910,D910,CORP,US,USD,FIN,Finance,ACTIVE,FULL_TIME,1.0,2011-08-11,,93732.09,0.1627,TRUE,0.24
EA5EF2451,NIG-110,110-900,D900,CORP,US,USD,EXEC,Executive & Leadership,ACTIVE,PART_TIME,0.5,2017-12-21,,197120.46,0.1888,TRUE,0.2853
E2F242614,NIG-110,110-515,D515,CORP,US,USD,ADMIN,Administration,ACTIVE,FULL_TIME,1.0,2011-11-20,,66633.36,0.218,FALSE,0.0
E0B80A0AE,NIG-110,110-515,D515,CORP,US,USD,EXEC,Executive & Leadership,ACTIVE,FULL_TIME,1.0,2011-05-25,,219756.52,0.2009,TRUE,0.0677
EE2581CFA,NIG-110,110-900,D900,CORP,US,USD,SALES,Sales & Commercial,TERMINATED,PART_TIME,0.8,2011-07-24,2026-01-31,91572.92,0.2222,TRUE,0.3303
E4FA7B2F1,NIG-110,110-905,D905,CORP,US,USD,HR,Human Resources,ACTIVE,FULL_TIME,1.0,2012-04-18,,71198.23,0.2459,FALSE,0.0
E68B6801C,NIG-110,110-905,D905,CORP,US,USD,HR,Human Resources,ACTIVE,FULL_TIME,1.0,2012-09-12,,93158.11,0.2054,FALSE,0.0
EFEBA6039,NIG-110,110-905,D905,CORP,US,USD,IT,Information Technology,ACTIVE,FULL_TIME,1.0,2012-07-04,,109941.59,0.2526,TRUE,0.0881
ECE8EE2CB,NIG-110,110-520,D520,CORP,US,USD,HR,Human Resources,ACTIVE,FULL_TIME,1.0,2016-07-15,,84993.34,0.1721,FALSE,0.0
E41B706D1,NIG-110,110-510,D510,CORP,US,USD,HR,Human Resources,ACTIVE,FULL_TIME,1.0,2014-11-01,,97259.13,0.2011,FALSE,0.0
EF4F735BB,NIG-110,110-900,D900,CORP,US,USD,EXEC,Executive & Leadership,ACTIVE,FULL_TIME,1.0,2012-05-16,,254106.21,0.1767,TRUE,0.2168
EFC1BE6BF,NIG-110,110-505,D505,CORP,US,USD,FIN,Finance,TERMINATED,FULL_TIME,1.0,2014-01-16,2024-04-30,99980.8,0.182,TRUE,0.2519
E41C50A04,NIG-110,110-520,D520,CORP,US,USD,SALES,Sales & Commercial,TERMINATED,FULL_TIME,1.0,2013-02-20,2025-11-30,144031.64,0.194,TRUE,0.2749
E49BA00F4,NIG-110,110-515,D515,CORP,US,USD,HR,Human Resources,ACTIVE,FULL_TIME,1.0,2018-04-14,,75938.9,0.1794,FALSE,0.0
E99F99B6A,NIG-110,110-505,D505,CORP,US,USD,SALES,Sales & Commercial,TERMINATED,FULL_TIME,1.0,2012-03-13,2023-10-31,106151.57,0.1673,TRUE,0.0993
EFBABF535,NIG-110,110-910,D910,CORP,US,USD,SALES,Sales & Commercial,ACTIVE,FULL_TIME,1.0,2017-09-08,,101601.56,0.1638,TRUE,0.248
EFF2991B6,NIG-110,110-500,D500,CORP,US,USD,ADMIN,Administration,ACTIVE,FULL_TIME,1.0,2013-09-22,,62162.79,0.172,FALSE,0.0
E2D49D217,NIG-110,110-510,D510,CORP,US,USD,ADMIN,Administration,TERMINATED,FULL_TIME,1.0,2017-03-11,2025-07-31,44403.45,0.2374,FALSE,0.0
EF64EAC15,NIG-110,110-905,D905,CORP,US,USD,ADMIN,Administration,ACTIVE,FULL_TIME,1.0,2012-05-16,,66490.87,0.1636,FALSE,0.0
ECC1326C6,NIG-110,110-515,D515,CORP,US,USD,EXEC,Executive & Leadership,ACTIVE,FULL_TIME,1.0,2011-09-26,,223754.99,0.2306,TRUE,0.2143
E4C7D3D77,NIG-110,110-515,D515,CORP,US,USD,IT,Information Technology,ACTIVE,PART_TIME,0.8,2011-06-07,,122123.02,0.1994,TRUE,0.347
EAEF6D999,NIG-110,110-520,D520,CORP,US,USD,SALES,Sales & Commercial,TERMINATED,FULL_TIME,1.0,2014-11-16,2023-07-31,109431.77,0.1747,TRUE,0.2309
EFC7F9B5F,NIG-110,110-900,D900,CORP,US,USD,FIN,Finance,ACTIVE,FULL_TIME,1.0,2011-08-01,,62820.53,0.221,TRUE,0.1186
E30C7F6F7,NIG-110,110-510,D510,CORP,US,USD,SALES,Sales & Commercial,ACTIVE,FULL_TIME,1.0,2013-11-11,,108496.46,0.1978,TRUE,0.3451
E6C5148F2,NIG-110,110-520,D520,CORP,US,USD,FIN,Finance,ACTIVE,FULL_TIME,1.0,2015-05-26,,124192.3,0.1959,TRUE,0.2551
ECE4B5DC8,NIG-110,110-900,D900,CORP,US,USD,ADMIN,Administration,TERMINATED,FULL_TIME,1.0,2015-03-25,2024-04-30,51973.47,0.237,FALSE,0.0
E6D8A954C,NIG-110,110-500,D500,CORP,US,USD,EXEC,Executive & Leadership,ACTIVE,FULL_TIME,1.0,2015-11-02,,225441.95,0.1717,TRUE,0.2262
E4F59BFF6,NIG-110,110-510,D510,CORP,US,USD,IT,Information Technology,ACTIVE,FULL_TIME,1.0,2015-12-09,,98037.21,0.1658,TRUE,0.0649
E33A7136E,NIG-110,110-900,D900,CORP,US,USD,EXEC,Executive & Leadership,ACTIVE,FULL_TIME,1.0,2013-07-26,,196445.78,0.1798,TRUE,0.341
EBA4902F7,NIG-110,110-510,D510,CORP,US,USD,EXEC,Executive & Leadership,ACTIVE,FULL_TIME,1.0,2016-01-18,,236788.71,0.2222,TRUE,0.2266
E32806108,NIG-110,110-520,D520,CORP,US,USD,IT,Information Technology,ACTIVE,FULL_TIME,1.0,2012-08-01,,104972.9,0.2016,TRUE,0.194
EDE62E6D2,NIG-110,110-505,D505,CORP,US,USD,IT,Information Technology,ACTIVE,FULL_TIME,1.0,2015-11-20,,107925.36,0.1906,TRUE,0.2511
ECE607C95,NIG-110,110-505,D505,CORP,US,USD,IT,Information Technology,TERMINATED,FULL_TIME,1.0,2023-06-05,2025-11-30,101896.52,0.2416,TRUE,0.2462
E176F272C,NIG-110,110-510,D510,CORP,US,USD,FIN,Finance,ACTIVE,FULL_TIME,1.0,2023-12-03,,83188.19,0.1741,TRUE,0.1277
E0A71EF7E,NIG-110,110-900,D900,CORP,US,USD,EXEC,Executive & Leadership,TERMINATED,FULL_TIME,1.0,2024-08-17,2024-10-31,156340.72,0.1773,TRUE,0.3396
E2F2295A7,NIG-110,110-505,D505,CORP,US,USD,IT,Information Technology,ACTIVE,FULL_TIME,1.0,2025-12-13,,105361.27,0.178,TRUE,0.2916
E3DDC14CC,NIG-110,110-900,D900,CORP,US,USD,EXEC,Executive & Leadership,ACTIVE,FULL_TIME,1.0,2024-05-06,,248288.67,0.2476,TRUE,0.2119
EC48DC6B5,NIG-110,110-500,D500,CORP,US,USD,SALES,Sales & Commercial,ACTIVE,PART_TIME,0.8,2026-02-04,,102599.87,0.1895,TRUE,0.123
EF357DA3C,NIG-110,110-900,D900,CORP,US,USD,HR,Human Resources,ACTIVE,FULL_TIME,1.0,2024-05-08,,96281.64,0.2211,FALSE,0.0
E83F64404,NIG-110,110-500,D500,CORP,US,USD,HR,Human Resources,ACTIVE,FULL_TIME,1.0,2025-02-05,,62214.37,0.2344,FALSE,0.0
E36F0FEC3,NIG-110,110-515,D515,CORP,US,USD,FIN,Finance,ACTIVE,FULL_TIME,1.0,2026-01-15,,111793.44,0.1658,TRUE,0.3066
EB8F06F8C,NIG-110,110-500,D500,CORP,US,USD,FIN,Finance,ACTIVE,FULL_TIME,1.0,2023-11-17,,83491.46,0.2238,TRUE,0.1277
EFCCDDCA5,NIG-110,110-910,D910,CORP,US,USD,HR,Human Resources,ACTIVE,FULL_TIME,1.0,2024-11-09,,59823.58,0.2454,FALSE,0.0
E1C049840,NIG-110,110-515,D515,CORP,US,USD,ADMIN,Administration,ACTIVE,FULL_TIME,1.0,2024-10-13,,42753.45,0.2282,FALSE,0.0
E56DE021E,NIG-110,110-910,D910,CORP,US,USD,IT,Information Technology,ACTIVE,FULL_TIME,1.0,2025-08-03,,113681.82,0.2519,TRUE,0.0808
E2578F833,NIG-110,110-500,D500,CORP,US,USD,HR,Human Resources,ACTIVE,FULL_TIME,1.0,2025-12-02,,112175.96,0.1668,FALSE,0.0
EAFEF0559,NIG-110,110-515,D515,CORP,US,USD,SALES,Sales & Commercial,ACTIVE,FULL_TIME,1.0,2025-09-02,,92126.93,0.2216,TRUE,0.0545
EB4CBFDF8,NIG-110,110-905,D905,CORP,US,USD,SALES,Sales & Commercial,ACTIVE,FULL_TIME,1.0,2023-08-07,,92284.02,0.206,TRUE,0.2192
E897E9965,NIG-200,200-410,D410,FC,US,USD,IT,Information Technology,ACTIVE,FULL_TIME,1.0,2016-12-20,,112399.42,0.1638,TRUE,0.3387
E23CE971F,NIG-200,200-115,D115,FC,US,USD,SUPPLY,Supply Chain & Warehouse,TERMINATED,FULL_TIME,1.0,2013-04-25,2024-08-31,69336.27,0.2109,FALSE,0.0
EFF423947,NIG-200,200-520,D520,FC,US,USD,EXEC,Executive & Leadership,TERMINATED,FULL_TIME,1.0,2017-03-23,2023-02-28,213511.25,0.1669,TRUE,0.1077
E5036853C,NIG-200,200-500,D500,FC,US,USD,EXEC,Executive & Leadership,TERMINATED,FULL_TIME,1.0,2012-12-14,2026-05-31,172167.19,0.1706,TRUE,0.2477
E2EA070D9,NIG-200,200-510,D510,FC,US,USD,SALES,Sales & Commercial,ACTIVE,FULL_TIME,1.0,2011-11-05,,84770.75,0.1711,TRUE,0.332
E0C350083,NIG-200,200-505,D505,FC,US,USD,IT,Information Technology,TERMINATED,FULL_TIME,1.0,2013-10-13,2025-10-31,61776.5,0.1811,TRUE,0.1219
E1E72D09F,NIG-200,200-500,D500,FC,US,USD,HR,Human Resources,TERMINATED,FULL_TIME,1.0,2017-04-24,2025-07-31,90651.33,0.2059,FALSE,0.0
EA855EC28,NIG-200,200-110,D110,FC,US,USD,QUAL,Quality & HSE,ACTIVE,FULL_TIME,1.0,2012-12-23,,73117.75,0.1971,FALSE,0.0
E79BA7AA3,NIG-200,200-410,D410,FC,US,USD,HR,Human Resources,ACTIVE,FULL_TIME,1.0,2018-03-09,,104562.1,0.2495,FALSE,0.0
E38CA36C7,NIG-200,200-500,D500,FC,US,USD,HR,Human Resources,ACTIVE,FULL_TIME,1.0,2014-06-25,,81251.9,0.2017,FALSE,0.0
E9E20B9B7,NIG-200,200-500,D500,FC,US,USD,SALES,Sales & Commercial,ACTIVE,FULL_TIME,1.0,2011-07-28,,116128.05,0.2507,TRUE,0.2288
E82003BDD,NIG-200,200-410,D410,FC,US,USD,HR,Human Resources,ACTIVE,PART_TIME,0.8,2011-07-18,,69036.3,0.1754,FALSE,0.0
E6DA907FE,NIG-200,200-500,D500,FC,US,USD,FIN,Finance,ACTIVE,FULL_TIME,1.0,2015-11-02,,80475.95,0.2675,TRUE,0.1096
EF88F72D6,NIG-200,200-520,D520,FC,US,USD,HR,Human Resources,ACTIVE,FULL_TIME,1.0,2013-02-10,,104712.06,0.1793,FALSE,0.0
E05E885BA,NIG-200,200-910,D910,FC,US,USD,FIN,Finance,ACTIVE,FULL_TIME,1.0,2018-04-15,,122464.98,0.2277,TRUE,0.1768
E5C943739,NIG-200,200-520,D520,FC,US,USD,IT,Information Technology,ACTIVE,FULL_TIME,1.0,2013-05-17,,74387.26,0.1842,TRUE,0.2443
E25FD3C55,NIG-200,200-110,D110,FC,US,USD,QUAL,Quality & HSE,ACTIVE,FULL_TIME,1.0,2014-06-02,,69938.08,0.2469,FALSE,0.0
EA5AA2FDD,NIG-200,200-500,D500,FC,US,USD,ADMIN,Administration,ACTIVE,FULL_TIME,1.0,2015-05-22,,62164.71,0.2505,FALSE,0.0
EF0181918,NIG-200,200-100,D100,FC,US,USD,PROD,Production & Assembly,ACTIVE,FULL_TIME,1.0,2013-01-03,,64586.74,0.2626,FALSE,0.0
E6D0295A7,NIG-200,200-115,D115,FC,US,USD,SUPPLY,Supply Chain & Warehouse,ACTIVE,FULL_TIME,1.0,2014-09-08,,63703.12,0.2346,FALSE,0.0
E57F61B50,NIG-200,200-110,D110,FC,US,USD,QUAL,Quality & HSE,ACTIVE,FULL_TIME,1.0,2013-03-08,,79548.25,0.2093,FALSE,0.0
E222611EA,NIG-200,200-110,D110,FC,US,USD,SUPPLY,Supply Chain & Warehouse,ACTIVE,FULL_TIME,1.0,2015-09-07,,57387.8,0.2589,FALSE,0.0
ED61BB53B,NIG-200,200-500,D500,FC,US,USD,SALES,Sales & Commercial,TERMINATED,FULL_TIME,1.0,2014-05-13,2025-07-31,120617.51,0.1916,TRUE,0.0958
E8E55DCA7,NIG-200,200-110,D110,FC,US,USD,QUAL,Quality & HSE,ACTIVE,FULL_TIME,1.0,2016-07-26,,70084.32,0.1708,FALSE,0.0
EC0CD8512,NIG-200,200-520,D520,FC,US,USD,ADMIN,Administration,ACTIVE,FULL_TIME,1.0,2015-10-06,,49984.41,0.2098,FALSE,0.0
ED64225AD,NIG-200,200-100,D100,FC,US,USD,PROD,Production & Assembly,TERMINATED,FULL_TIME,1.0,2018-02-28,2025-10-31,63278.09,0.2207,FALSE,0.0
E060C1C76,NIG-200,200-510,D510,FC,US,USD,HR,Human Resources,ACTIVE,FULL_TIME,1.0,2017-11-12,,83072.85,0.2492,FALSE,0.0
E41F40DCE,NIG-200,200-510,D510,FC,US,USD,SALES,Sales & Commercial,ACTIVE,FULL_TIME,1.0,2011-04-13,,94716.45,0.2432,TRUE,0.2625
E60365E2C,NIG-200,200-520,D520,FC,US,USD,FIN,Finance,ACTIVE,FULL_TIME,1.0,2015-04-14,,79484.97,0.1688,TRUE,0.2975
E76E507FC,NIG-200,200-510,D510,FC,US,USD,FIN,Finance,ACTIVE,PART_TIME,0.6,2014-08-06,,97787.07,0.2336,TRUE,0.2155
E2A04E5B5,NIG-200,200-115,D115,FC,US,USD,SUPPLY,Supply Chain & Warehouse,ACTIVE,FULL_TIME,1.0,2018-04-27,,71848.79,0.1828,FALSE,0.0
E9C1205ED,NIG-200,200-120,D120,FC,US,USD,SUPPLY,Supply Chain & Warehouse,TERMINATED,FULL_TIME,1.0,2018-04-05,2026-06-30,73220.4,0.1969,FALSE,0.0
E8E1859FD,NIG-200,200-410,D410,FC,US,USD,EXEC,Executive & Leadership,ACTIVE,FULL_TIME,1.0,2012-04-23,,255217.03,0.1951,TRUE,0.2754
E66256826,NIG-200,200-400,D400,FC,US,USD,ADMIN,Administration,ACTIVE,FULL_TIME,1.0,2012-11-09,,62327.75,0.2114,FALSE,0.0
E215A9CCD,NIG-200,200-105,D105,FC,US,USD,QUAL,Quality & HSE,ACTIVE,FULL_TIME,1.0,2011-02-21,,80611.99,0.2025,FALSE,0.0
ED274FD0A,NIG-200,200-505,D505,FC,US,USD,EXEC,Executive & Leadership,ACTIVE,FULL_TIME,1.0,2013-02-14,,260309.42,0.2422,TRUE,0.2197
EF0DCF093,NIG-200,200-500,D500,FC,US,USD,IT,Information Technology,ACTIVE,FULL_TIME,1.0,2013-02-23,,81081.97,0.235,TRUE,0.2186
E08C7BE22,NIG-200,200-120,D120,FC,US,USD,SUPPLY,Supply Chain & Warehouse,ACTIVE,PART_TIME,0.6,2016-05-28,,73674.34,0.2026,FALSE,0.0
EE0025F42,NIG-200,200-500,D500,FC,US,USD,ADMIN,Administration,ACTIVE,FULL_TIME,1.0,2017-11-10,,56243.54,0.2627,FALSE,0.0
E30B19BC1,NIG-200,200-410,D410,FC,US,USD,IT,Information Technology,ACTIVE,FULL_TIME,1.0,2017-05-31,,108785.77,0.2096,TRUE,0.3066
E70FB87DA,NIG-200,200-110,D110,FC,US,USD,SUPPLY,Supply Chain & Warehouse,ACTIVE,FULL_TIME,1.0,2016-10-11,,54564.03,0.2504,FALSE,0.0
E653324D9,NIG-200,200-910,D910,FC,US,USD,FIN,Finance,ACTIVE,FULL_TIME,1.0,2017-11-06,,119674.41,0.2638,TRUE,0.1468
EDCD20488,NIG-200,200-500,D500,FC,US,USD,EXEC,Executive & Leadership,ACTIVE,FULL_TIME,1.0,2016-05-16,,124283.18,0.2467,TRUE,0.2891
EB5F236AA,NIG-200,200-910,D910,FC,US,USD,EXEC,Executive & Leadership,ACTIVE,FULL_TIME,1.0,2017-01-23,,210569.5,0.1816,TRUE,0.2113
E7B2C7A6F,NIG-200,200-510,D510,FC,US,USD,EXEC,Executive & Leadership,ACTIVE,FULL_TIME,1.0,2015-07-20,,223518.16,0.2047,TRUE,0.2486
E89C3B63A,NIG-200,200-400,D400,FC,US,USD,SALES,Sales & Commercial,ACTIVE,FULL_TIME,1.0,2012-07-31,,88563.9,0.2173,TRUE,0.3285
E10D3EAA6,NIG-200,200-115,D115,FC,US,USD,QUAL,Quality & HSE,ACTIVE,FULL_TIME,1.0,2012-06-25,,81138.05,0.1754,FALSE,0.0
E6BAEE739,NIG-200,200-500,D500,FC,US,USD,SALES,Sales & Commercial,ACTIVE,FULL_TIME,1.0,2011-04-05,,77781.48,0.1871,TRUE,0.307
E7CD64F02,NIG-200,200-910,D910,FC,US,USD,ADMIN,Administration,TERMINATED,FULL_TIME,1.0,2011-03-24,2025-01-31,56201.87,0.2544,FALSE,0.0
E3E02262A,NIG-200,200-105,D105,FC,US,USD,SUPPLY,Supply Chain & Warehouse,TERMINATED,FULL_TIME,1.0,2015-09-11,2024-06-30,73027.83,0.2389,FALSE,0.0
E98A45160,NIG-200,200-110,D110,FC,US,USD,SUPPLY,Supply Chain & Warehouse,ACTIVE,FULL_TIME,1.0,2014-10-19,,60503.36,0.2109,FALSE,0.0
E8C7AC078,NIG-200,200-410,D410,FC,US,USD,FIN,Finance,ACTIVE,FULL_TIME,1.0,2013-08-03,,90788.02,0.1683,TRUE,0.1953
E2811A5DB,NIG-200,200-105,D105,FC,US,USD,SUPPLY,Supply Chain & Warehouse,ACTIVE,FULL_TIME,1.0,2011-02-25,,67646.69,0.1932,FALSE,0.0
EA9F8A2A9,NIG-200,200-120,D120,FC,US,USD,QUAL,Quality & HSE,TERMINATED,FULL_TIME,1.0,2011-11-08,2023-12-31,57718.55,0.2697,FALSE,0.0
E632BF5A8,NIG-200,200-115,D115,FC,US,USD,QUAL,Quality & HSE,ACTIVE,FULL_TIME,1.0,2017-08-22,,63267.24,0.2541,FALSE,0.0
EB5E72F8A,NIG-200,200-910,D910,FC,US,USD,SALES,Sales & Commercial,ACTIVE,FULL_TIME,1.0,2015-07-20,,109864.99,0.1805,TRUE,0.0589
E94DF945D,NIG-200,200-400,D400,FC,US,USD,FIN,Finance,TERMINATED,FULL_TIME,1.0,2011-08-01,2025-12-31,66847.33,0.1808,TRUE,0.0818
EE7A2BBEF,NIG-200,200-520,D520,FC,US,USD,IT,Information Technology,ACTIVE,FULL_TIME,1.0,2014-01-10,,104185.42,0.2624,TRUE,0.1742
EBF6D1ACA,NIG-200,200-910,D910,FC,US,USD,SALES,Sales & Commercial,ACTIVE,FULL_TIME,1.0,2013-11-04,,107085.11,0.241,TRUE,0.0965
EA4EEEBE5,NIG-200,200-120,D120,FC,US,USD,QUAL,Quality & HSE,ACTIVE,PART_TIME,0.6,2017-08-12,,70076.29,0.2274,FALSE,0.0
E86C97CC3,NIG-200,200-505,D505,FC,US,USD,ADMIN,Administration,TERMINATED,PART_TIME,0.8,2012-08-26,2023-03-31,64844.49,0.1625,FALSE,0.0
E81E0AD98,NIG-200,200-510,D510,FC,US,USD,EXEC,Executive & Leadership,ACTIVE,FULL_TIME,1.0,2011-04-12,,168961.36,0.2489,TRUE,0.1957
E987074CA,NIG-200,200-105,D105,FC,US,USD,QUAL,Quality & HSE,TERMINATED,FULL_TIME,1.0,2017-06-23,2024-05-31,80791.93,0.1743,FALSE,0.0
EF4CB72B0,NIG-200,200-105,D105,FC,US,USD,SUPPLY,Supply Chain & Warehouse,ACTIVE,FULL_TIME,1.0,2015-12-08,,57513.98,0.2259,FALSE,0.0
E2C706431,NIG-200,200-410,D410,FC,US,USD,ADMIN,Administration,ACTIVE,FULL_TIME,1.0,2012-10-12,,59258.91,0.2262,FALSE,0.0
E422B61AE,NIG-200,200-100,D100,FC,US,USD,PROD,Production & Assembly,ACTIVE,FULL_TIME,1.0,2013-03-18,,74702.71,0.1898,FALSE,0.0
E1FF96572,NIG-200,200-500,D500,FC,US,USD,FIN,Finance,TERMINATED,FULL_TIME,1.0,2011-07-01,2023-12-31,107131.43,0.2607,TRUE,0.0932
ECF8EF7B9,NIG-200,200-405,D405,FC,US,USD,FIN,Finance,ACTIVE,FULL_TIME,1.0,2011-01-08,,77914.67,0.2061,TRUE,0.298
E95C4EAE0,NIG-200,200-405,D405,FC,US,USD,IT,Information Technology,ACTIVE,FULL_TIME,1.0,2018-02-02,,109990.21,0.2379,TRUE,0.2589
EF13B30D5,NIG-200,200-910,D910,FC,US,USD,SALES,Sales & Commercial,ACTIVE,FULL_TIME,1.0,2016-11-24,,96258.04,0.1687,TRUE,0.0991
EB798EA95,NIG-200,200-120,D120,FC,US,USD,QUAL,Quality & HSE,ACTIVE,FULL_TIME,1.0,2013-01-20,,97853.64,0.1901,FALSE,0.0
EE1ABD8E9,NIG-200,200-405,D405,FC,US,USD,FIN,Finance,ACTIVE,FULL_TIME,1.0,2011-07-30,,92196.16,0.1627,TRUE,0.1603
E40389593,NIG-200,200-105,D105,FC,US,USD,QUAL,Quality & HSE,ACTIVE,FULL_TIME,1.0,2013-06-12,,98663.28,0.1793,FALSE,0.0
EC35EFED5,NIG-200,200-400,D400,FC,US,USD,HR,Human Resources,ACTIVE,FULL_TIME,1.0,2011-05-01,,85009.02,0.2247,FALSE,0.0
E00164083,NIG-200,200-400,D400,FC,US,USD,SALES,Sales & Commercial,TERMINATED,FULL_TIME,1.0,2014-03-30,2023-11-30,80817.65,0.2515,TRUE,0.175
E0C04EEEB,NIG-200,200-115,D115,FC,US,USD,SUPPLY,Supply Chain & Warehouse,TERMINATED,FULL_TIME,1.0,2011-05-25,2026-01-31,80032.1,0.1849,FALSE,0.0
EB3452026,NIG-200,200-910,D910,FC,US,USD,SALES,Sales & Commercial,ACTIVE,FULL_TIME,1.0,2014-02-14,,53900.0,0.2227,TRUE,0.0939
E0D090890,NIG-200,200-105,D105,FC,US,USD,QUAL,Quality & HSE,ACTIVE,FULL_TIME,1.0,2011-11-28,,75127.2,0.2425,FALSE,0.0
EA55ED60A,NIG-200,200-510,D510,FC,US,USD,EXEC,Executive & Leadership,TERMINATED,FULL_TIME,1.0,2011-05-31,2025-12-31,188012.65,0.163,TRUE,0.1561
E80BEECFA,NIG-200,200-400,D400,FC,US,USD,ADMIN,Administration,ACTIVE,FULL_TIME,1.0,2016-05-20,,33730.43,0.2395,FALSE,0.0
EDA87FEF1,NIG-200,200-115,D115,FC,US,USD,QUAL,Quality & HSE,ACTIVE,FULL_TIME,1.0,2013-01-03,,67635.28,0.1687,FALSE,0.0
EB1417FF2,NIG-200,200-120,D120,FC,US,USD,SUPPLY,Supply Chain & Warehouse,ACTIVE,FULL_TIME,1.0,2012-10-03,,86841.52,0.1659,FALSE,0.0
E0B4AFAD7,NIG-200,200-105,D105,FC,US,USD,SUPPLY,Supply Chain & Warehouse,ACTIVE,FULL_TIME,1.0,2017-10-02,,58897.25,0.2043,FALSE,0.0
EDFE47E9C,NIG-200,200-120,D120,FC,US,USD,QUAL,Quality & HSE,ACTIVE,FULL_TIME,1.0,2013-12-30,,73708.16,0.1602,FALSE,0.0
E070A8C90,NIG-200,200-910,D910,FC,US,USD,HR,Human Resources,TERMINATED,FULL_TIME,1.0,2016-12-27,2026-03-31,75789.4,0.2478,FALSE,0.0
E50FA5713,NIG-200,200-520,D520,FC,US,USD,HR,Human Resources,ACTIVE,FULL_TIME,1.0,2017-08-24,,58880.74,0.2611,FALSE,0.0
ED9DFA60D,NIG-200,200-500,D500,FC,US,USD,EXEC,Executive & Leadership,ACTIVE,FULL_TIME,1.0,2018-05-07,,231859.56,0.2466,TRUE,0.1279
E044F3380,NIG-200,200-410,D410,FC,US,USD,ADMIN,Administration,ACTIVE,FULL_TIME,1.0,2016-10-25,,62439.71,0.1877,FALSE,0.0
EB1356977,NIG-200,200-410,D410,FC,US,USD,SALES,Sales & Commercial,ACTIVE,FULL_TIME,1.0,2015-08-29,,96595.64,0.2672,TRUE,0.0993
EF93699CD,NIG-200,200-520,D520,FC,US,USD,FIN,Finance,ACTIVE,FULL_TIME,1.0,2012-12-03,,112239.82,0.174,TRUE,0.0653
E22BB8EB2,NIG-200,200-115,D115,FC,US,USD,SUPPLY,Supply Chain & Warehouse,ACTIVE,FULL_TIME,1.0,2018-01-02,,72341.9,0.2419,FALSE,0.0
EE9A98119,NIG-200,200-405,D405,FC,US,USD,EXEC,Executive & Leadership,ACTIVE,FULL_TIME,1.0,2017-05-07,,191634.09,0.2071,TRUE,0.0529
E323950BA,NIG-200,200-505,D505,FC,US,USD,FIN,Finance,TERMINATED,FULL_TIME,1.0,2011-06-27,2026-02-28,97305.47,0.194,TRUE,0.3327
E8E5F2E38,NIG-200,200-115,D115,FC,US,USD,QUAL,Quality & HSE,ACTIVE,PART_TIME,0.6,2013-08-13,,65080.2,0.1824,FALSE,0.0
E90A940DE,NIG-200,200-405,D405,FC,US,USD,HR,Human Resources,ACTIVE,FULL_TIME,1.0,2012-02-18,,72666.54,0.2669,FALSE,0.0
EB40BF98B,NIG-200,200-510,D510,FC,US,USD,EXEC,Executive & Leadership,TERMINATED,FULL_TIME,1.0,2013-10-03,2025-02-28,242758.04,0.1776,TRUE,0.0538
EA564DA99,NIG-200,200-505,D505,FC,US,USD,HR,Human Resources,ACTIVE,FULL_TIME,1.0,2013-11-04,,46200.0,0.1745,FALSE,0.0
EFDB1BE70,NIG-200,200-500,D500,FC,US,USD,IT,Information Technology,ACTIVE,FULL_TIME,1.0,2017-12-25,,58300.0,0.1743,TRUE,0.3045
E6B3279B9,NIG-200,200-100,D100,FC,US,USD,PROD,Production & Assembly,ACTIVE,FULL_TIME,1.0,2013-01-05,,62927.32,0.2307,FALSE,0.0
EB1A54293,NIG-200,200-510,D510,FC,US,USD,IT,Information Technology,ACTIVE,FULL_TIME,1.0,2014-10-18,,104904.96,0.1755,TRUE,0.1532
E233FF5BB,NIG-200,200-410,D410,FC,US,USD,HR,Human Resources,ACTIVE,FULL_TIME,1.0,2016-02-24,,88957.09,0.2138,FALSE,0.0
E3C77F7A7,NIG-200,200-105,D105,FC,US,USD,QUAL,Quality & HSE,ACTIVE,FULL_TIME,1.0,2013-12-09,,69472.81,0.2423,FALSE,0.0
E444547FC,NIG-200,200-520,D520,FC,US,USD,SALES,Sales & Commercial,ACTIVE,FULL_TIME,1.0,2011-08-12,,72561.25,0.1978,TRUE,0.1046
E7A8D8D01,NIG-200,200-110,D110,FC,US,USD,QUAL,Quality & HSE,ACTIVE,FULL_TIME,1.0,2012-04-19,,96409.41,0.2499,FALSE,0.0
EBF3A0195,NIG-200,200-410,D410,FC,US,USD,EXEC,Executive & Leadership,ACTIVE,FULL_TIME,1.0,2018-02-02,,305020.23,0.2528,TRUE,0.2156
EB45D6FD7,NIG-200,200-910,D910,FC,US,USD,EXEC,Executive & Leadership,ACTIVE,FULL_TIME,1.0,2014-05-26,,242938.0,0.237,TRUE,0.3234
E2B51EA64,NIG-200,200-100,D100,FC,US,USD,PROD,Production & Assembly,TERMINATED,FULL_TIME,1.0,2015-07-04,2023-03-31,59398.55,0.2294,FALSE,0.0
E7B32C892,NIG-200,200-500,D500,FC,US,USD,FIN,Finance,ACTIVE,FULL_TIME,1.0,2013-04-08,,98834.57,0.2042,TRUE,0.2412
E1D3EBBB6,NIG-200,200-405,D405,FC,US,USD,SALES,Sales & Commercial,ACTIVE,PART_TIME,0.6,2017-03-10,,91386.98,0.2136,TRUE,0.3093
E0AEB015E,NIG-200,200-120,D120,FC,US,USD,QUAL,Quality & HSE,TERMINATED,FULL_TIME,1.0,2014-09-12,2026-04-30,67120.91,0.2504,FALSE,0.0
E6E5DFE64,NIG-200,200-110,D110,FC,US,USD,QUAL,Quality & HSE,ACTIVE,FULL_TIME,1.0,2016-02-10,,85647.97,0.1891,FALSE,0.0
E1A2F0B96,NIG-200,200-100,D100,FC,US,USD,PROD,Production & Assembly,ACTIVE,FULL_TIME,1.0,2018-03-25,,62513.22,0.2157,FALSE,0.0
E3DB99F07,NIG-200,200-910,D910,FC,US,USD,SALES,Sales & Commercial,ACTIVE,FULL_TIME,1.0,2016-05-17,,163347.91,0.2339,TRUE,0.1771
E9E19162E,NIG-200,200-110,D110,FC,US,USD,QUAL,Quality & HSE,TERMINATED,FULL_TIME,1.0,2015-05-07,2024-10-31,82042.95,0.2624,FALSE,0.0
EE374506E,NIG-200,200-520,D520,FC,US,USD,FIN,Finance,ACTIVE,FULL_TIME,1.0,2013-09-26,,93143.31,0.2402,TRUE,0.0811
E00A54994,NIG-200,200-910,D910,FC,US,USD,EXEC,Executive & Leadership,TERMINATED,FULL_TIME,1.0,2011-03-25,2024-10-31,184609.47,0.2288,TRUE,0.0929
E06C54C0F,NIG-200,200-105,D105,FC,US,USD,QUAL,Quality & HSE,TERMINATED,FULL_TIME,1.0,2012-07-10,2025-07-31,89260.37,0.2582,FALSE,0.0
EF2B48FF6,NIG-200,200-410,D410,FC,US,USD,EXEC,Executive & Leadership,ACTIVE,FULL_TIME,1.0,2014-06-23,,212207.68,0.2478,TRUE,0.3023
E5D71E5C3,NIG-200,200-110,D110,FC,US,USD,QUAL,Quality & HSE,ACTIVE,FULL_TIME,1.0,2015-05-28,,66450.52,0.1764,FALSE,0.0
E4B146E23,NIG-200,200-510,D510,FC,US,USD,ADMIN,Administration,TERMINATED,FULL_TIME,1.0,2011-07-14,2025-02-28,51405.9,0.1842,FALSE,0.0
EA84F5B27,NIG-200,200-115,D115,FC,US,USD,SUPPLY,Supply Chain & Warehouse,ACTIVE,FULL_TIME,1.0,2015-01-14,,50219.86,0.2568,FALSE,0.0
EC89487D7,NIG-200,200-100,D100,FC,US,USD,PROD,Production & Assembly,ACTIVE,FULL_TIME,1.0,2011-05-06,,75660.03,0.24,FALSE,0.0
EF0640A7A,NIG-200,200-105,D105,FC,US,USD,SUPPLY,Supply Chain & Warehouse,ACTIVE,FULL_TIME,1.0,2016-10-01,,55022.09,0.2654,FALSE,0.0
EF323FBF1,NIG-200,200-910,D910,FC,US,USD,FIN,Finance,ACTIVE,FULL_TIME,1.0,2015-09-30,,107554.7,0.1853,TRUE,0.3143
E6EA3C80B,NIG-200,200-510,D510,FC,US,USD,ADMIN,Administration,ACTIVE,FULL_TIME,1.0,2014-08-04,,69008.52,0.2043,FALSE,0.0
E209DC563,NIG-200,200-910,D910,FC,US,USD,EXEC,Executive & Leadership,TERMINATED,FULL_TIME,1.0,2015-11-17,2023-12-31,226923.87,0.2692,TRUE,0.2968
E9F06AC3F,NIG-200,200-105,D105,FC,US,USD,SUPPLY,Supply Chain & Warehouse,ACTIVE,FULL_TIME,1.0,2012-06-22,,52798.96,0.2057,FALSE,0.0
E21D3C95B,NIG-200,200-510,D510,FC,US,USD,SALES,Sales & Commercial,ACTIVE,FULL_TIME,1.0,2014-03-09,,107240.26,0.1848,TRUE,0.0883
E7E0D26CD,NIG-200,200-405,D405,FC,US,USD,IT,Information Technology,TERMINATED,FULL_TIME,1.0,2011-06-24,2023-05-31,97292.69,0.1632,TRUE,0.3488
EAFCC5F6F,NIG-200,200-405,D405,FC,US,USD,EXEC,Executive & Leadership,ACTIVE,FULL_TIME,1.0,2012-05-04,,209913.1,0.2007,TRUE,0.284
EBEE5AF01,NIG-200,200-500,D500,FC,US,USD,ADMIN,Administration,TERMINATED,PART_TIME,0.5,2017-11-23,2023-03-31,68883.45,0.2049,FALSE,0.0
EC7DD0406,NIG-200,200-405,D405,FC,US,USD,IT,Information Technology,ACTIVE,FULL_TIME,1.0,2013-08-01,,107647.25,0.1871,TRUE,0.3432
EDD6BF4BE,NIG-200,200-520,D520,FC,US,USD,HR,Human Resources,ACTIVE,FULL_TIME,1.0,2010-10-19,,89325.96,0.2256,FALSE,0.0
EFBD1D7EB,NIG-200,200-405,D405,FC,US,USD,EXEC,Executive & Leadership,ACTIVE,FULL_TIME,1.0,2018-04-05,,218254.26,0.1903,TRUE,0.2047
E73FB1160,NIG-200,200-500,D500,FC,US,USD,FIN,Finance,ACTIVE,FULL_TIME,1.0,2015-09-16,,112964.88,0.2694,TRUE,0.2334
E5691A30D,NIG-200,200-520,D520,FC,US,USD,FIN,Finance,ACTIVE,FULL_TIME,1.0,2011-10-02,,106948.73,0.2452,TRUE,0.2712
EE741169D,NIG-200,200-505,D505,FC,US,USD,FIN,Finance,ACTIVE,FULL_TIME,1.0,2011-01-20,,124700.32,0.1691,TRUE,0.1637
E28DD9012,NIG-200,200-910,D910,FC,US,USD,SALES,Sales & Commercial,ACTIVE,FULL_TIME,1.0,2017-11-15,,87808.83,0.2129,TRUE,0.1324
E54AA89C9,NIG-200,200-120,D120,FC,US,USD,SUPPLY,Supply Chain & Warehouse,ACTIVE,FULL_TIME,1.0,2014-09-16,,62431.86,0.2242,FALSE,0.0
EAA621400,NIG-200,200-100,D100,FC,US,USD,PROD,Production & Assembly,ACTIVE,FULL_TIME,1.0,2012-07-03,,49321.16,0.2539,FALSE,0.0
EC036C176,NIG-200,200-120,D120,FC,US,USD,QUAL,Quality & HSE,ACTIVE,FULL_TIME,1.0,2015-07-06,,81518.25,0.176,FALSE,0.0
E6A2E5345,NIG-200,200-910,D910,FC,US,USD,EXEC,Executive & Leadership,TERMINATED,FULL_TIME,1.0,2016-02-22,2024-12-31,206262.44,0.2611,TRUE,0.1682
E6BB1B467,NIG-200,200-110,D110,FC,US,USD,SUPPLY,Supply Chain & Warehouse,ACTIVE,FULL_TIME,1.0,2018-06-10,,79379.05,0.2105,FALSE,0.0
E22CC24EC,NIG-200,200-110,D110,FC,US,USD,SUPPLY,Supply Chain & Warehouse,ACTIVE,FULL_TIME,1.0,2013-04-09,,61035.83,0.1832,FALSE,0.0
E164D954D,NIG-200,200-115,D115,FC,US,USD,SUPPLY,Supply Chain & Warehouse,TERMINATED,FULL_TIME,1.0,2012-04-06,2024-12-31,57994.53,0.2468,FALSE,0.0
E4C40823D,NIG-200,200-505,D505,FC,US,USD,EXEC,Executive & Leadership,ACTIVE,FULL_TIME,1.0,2015-07-09,,203204.69,0.1603,TRUE,0.2723
E6D5055C8,NIG-200,200-100,D100,FC,US,USD,PROD,Production & Assembly,ACTIVE,FULL_TIME,1.0,2014-07-21,,59566.78,0.2673,FALSE,0.0
E035844E0,NIG-200,200-500,D500,FC,US,USD,FIN,Finance,ACTIVE,FULL_TIME,1.0,2015-07-12,,111663.16,0.1606,TRUE,0.2758
E4EFFD518,NIG-200,200-410,D410,FC,US,USD,HR,Human Resources,TERMINATED,PART_TIME,0.6,2013-05-06,2026-06-30,88748.11,0.2046,FALSE,0.0
E9AFD28F8,NIG-200,200-105,D105,FC,US,USD,SUPPLY,Supply Chain & Warehouse,TERMINATED,FULL_TIME,1.0,2011-10-09,2023-09-30,72131.19,0.2623,FALSE,0.0
EE285AD4E,NIG-200,200-400,D400,FC,US,USD,HR,Human Resources,ACTIVE,FULL_TIME,1.0,2015-10-03,,88517.27,0.1647,FALSE,0.0
EA43BB5C7,NIG-200,200-410,D410,FC,US,USD,ADMIN,Administration,ACTIVE,FULL_TIME,1.0,2015-03-11,,57951.27,0.2561,FALSE,0.0
E60975F29,NIG-200,200-120,D120,FC,US,USD,QUAL,Quality & HSE,ACTIVE,FULL_TIME,1.0,2012-02-06,,71137.82,0.1974,FALSE,0.0
EA810E1E2,NIG-200,200-505,D505,FC,US,USD,IT,Information Technology,ACTIVE,PART_TIME,0.8,2016-12-27,,105740.6,0.1924,TRUE,0.1577
EE0623A6A,NIG-200,200-500,D500,FC,US,USD,HR,Human Resources,ACTIVE,FULL_TIME,1.0,2012-08-22,,52198.52,0.1625,FALSE,0.0
EEA972822,NIG-200,200-105,D105,FC,US,USD,SUPPLY,Supply Chain & Warehouse,ACTIVE,FULL_TIME,1.0,2012-03-28,,75810.76,0.1773,FALSE,0.0
E17DC700E,NIG-200,200-405,D405,FC,US,USD,SALES,Sales & Commercial,ACTIVE,FULL_TIME,1.0,2016-12-27,,77324.82,0.2333,TRUE,0.2773
E22FEA2E0,NIG-200,200-105,D105,FC,US,USD,QUAL,Quality & HSE,ACTIVE,FULL_TIME,1.0,2017-12-09,,77660.92,0.2181,FALSE,0.0
ED52F98FB,NIG-200,200-405,D405,FC,US,USD,FIN,Finance,ACTIVE,FULL_TIME,1.0,2013-07-28,,118120.72,0.1815,TRUE,0.179
EF32C1A98,NIG-200,200-100,D100,FC,US,USD,PROD,Production & Assembly,ACTIVE,FULL_TIME,1.0,2015-09-21,,60011.75,0.2183,FALSE,0.0
EA14071C6,NIG-200,200-100,D100,FC,US,USD,PROD,Production & Assembly,ACTIVE,FULL_TIME,1.0,2014-08-09,,80708.19,0.2136,FALSE,0.0
E09BFE4EE,NIG-200,200-410,D410,FC,US,USD,HR,Human Resources,ACTIVE,FULL_TIME,1.0,2013-06-26,,65433.91,0.2179,FALSE,0.0
EAEEA2ABF,NIG-200,200-120,D120,FC,US,USD,SUPPLY,Supply Chain & Warehouse,ACTIVE,FULL_TIME,1.0,2014-05-29,,54492.09,0.2395,FALSE,0.0
E4579DCEA,NIG-200,200-500,D500,FC,US,USD,EXEC,Executive & Leadership,TERMINATED,FULL_TIME,1.0,2013-01-22,2025-11-30,121742.43,0.1944,TRUE,0.151
E27B0B89F,NIG-200,200-505,D505,FC,US,USD,HR,Human Resources,ACTIVE,FULL_TIME,1.0,2013-12-27,,72229.29,0.2248,FALSE,0.0
ED166C343,NIG-200,200-100,D100,FC,US,USD,PROD,Production & Assembly,ACTIVE,FULL_TIME,1.0,2013-11-10,,77784.31,0.245,FALSE,0.0
E850CFC5F,NIG-200,200-105,D105,FC,US,USD,SUPPLY,Supply Chain & Warehouse,ACTIVE,PART_TIME,0.8,2016-04-08,,62655.7,0.1673,FALSE,0.0
ED78C92F4,NIG-200,200-105,D105,FC,US,USD,QUAL,Quality & HSE,TERMINATED,FULL_TIME,1.0,2016-04-07,2026-01-31,67088.96,0.246,FALSE,0.0
EDD7856FF,NIG-200,200-510,D510,FC,US,USD,IT,Information Technology,ACTIVE,FULL_TIME,1.0,2012-10-26,,131043.82,0.2022,TRUE,0.0853
E982DB007,NIG-200,200-105,D105,FC,US,USD,QUAL,Quality & HSE,TERMINATED,FULL_TIME,1.0,2017-06-23,2024-02-29,95264.24,0.1962,FALSE,0.0
E4D7DA761,NIG-200,200-110,D110,FC,US,USD,SUPPLY,Supply Chain & Warehouse,ACTIVE,FULL_TIME,1.0,2014-06-05,,57417.8,0.1747,FALSE,0.0
ED9D08E6C,NIG-200,200-910,D910,FC,US,USD,HR,Human Resources,ACTIVE,FULL_TIME,1.0,2013-10-26,,97048.3,0.2441,FALSE,0.0
E141FDEC8,NIG-200,200-405,D405,FC,US,USD,FIN,Finance,ACTIVE,PART_TIME,0.6,2014-09-26,,106111.09,0.2684,TRUE,0.3437
ED68A9DE0,NIG-200,200-115,D115,FC,US,USD,QUAL,Quality & HSE,ACTIVE,FULL_TIME,1.0,2015-07-01,,72475.86,0.2054,FALSE,0.0
E2C69801A,NIG-200,200-520,D520,FC,US,USD,ADMIN,Administration,ACTIVE,FULL_TIME,1.0,2011-08-21,,61150.6,0.1881,FALSE,0.0
E66ECF3D6,NIG-200,200-520,D520,FC,US,USD,HR,Human Resources,ACTIVE,FULL_TIME,1.0,2013-08-04,,69808.73,0.1922,FALSE,0.0
E4C638CBC,NIG-200,200-100,D100,FC,US,USD,PROD,Production & Assembly,ACTIVE,FULL_TIME,1.0,2018-02-22,,75272.56,0.1998,FALSE,0.0
E08C06AF9,NIG-200,200-120,D120,FC,US,USD,QUAL,Quality & HSE,ACTIVE,FULL_TIME,1.0,2012-05-15,,84855.4,0.2283,FALSE,0.0
EBA31823C,NIG-200,200-105,D105,FC,US,USD,SUPPLY,Supply Chain & Warehouse,ACTIVE,FULL_TIME,1.0,2016-08-19,,65796.22,0.2201,FALSE,0.0
ECDC2C826,NIG-200,200-120,D120,FC,US,USD,SUPPLY,Supply Chain & Warehouse,ACTIVE,FULL_TIME,1.0,2015-06-12,,69049.75,0.1723,FALSE,0.0
E3B3696B1,NIG-200,200-510,D510,FC,US,USD,ADMIN,Administration,ACTIVE,FULL_TIME,1.0,2014-03-16,,63022.61,0.2491,FALSE,0.0
EC8343E1E,NIG-200,200-510,D510,FC,US,USD,ADMIN,Administration,ACTIVE,FULL_TIME,1.0,2017-11-27,,79819.02,0.2653,FALSE,0.0
ECEE69D60,NIG-200,200-115,D115,FC,US,USD,QUAL,Quality & HSE,ACTIVE,FULL_TIME,1.0,2015-07-03,,55703.2,0.1868,FALSE,0.0
EF1F6C49B,NIG-200,200-410,D410,FC,US,USD,HR,Human Resources,ACTIVE,FULL_TIME,1.0,2012-03-24,,91610.63,0.169,FALSE,0.0
EDA46D7C9,NIG-200,200-405,D405,FC,US,USD,IT,Information Technology,ACTIVE,FULL_TIME,1.0,2012-11-15,,116520.62,0.2105,TRUE,0.1833
E37B69C07,NIG-200,200-100,D100,FC,US,USD,PROD,Production & Assembly,ACTIVE,FULL_TIME,1.0,2015-11-17,,70435.1,0.1824,FALSE,0.0
ED82D6DE8,NIG-200,200-400,D400,FC,US,USD,HR,Human Resources,ACTIVE,FULL_TIME,1.0,2016-06-11,,87927.33,0.2288,FALSE,0.0
E92208533,NIG-200,200-115,D115,FC,US,USD,SUPPLY,Supply Chain & Warehouse,TERMINATED,FULL_TIME,1.0,2015-07-03,2024-12-31,49284.73,0.1655,FALSE,0.0
E5C904DE4,NIG-200,200-105,D105,FC,US,USD,SUPPLY,Supply Chain & Warehouse,TERMINATED,FULL_TIME,1.0,2018-01-30,2023-05-31,78178.56,0.2653,FALSE,0.0
E866EBC74,NIG-200,200-105,D105,FC,US,USD,SUPPLY,Supply Chain & Warehouse,ACTIVE,FULL_TIME,1.0,2011-07-09,,54322.99,0.221,FALSE,0.0
E29595D60,NIG-200,200-410,D410,FC,US,USD,FIN,Finance,ACTIVE,FULL_TIME,1.0,2013-12-16,,75997.26,0.1671,TRUE,0.0887
EB60E698C,NIG-200,200-105,D105,FC,US,USD,SUPPLY,Supply Chain & Warehouse,TERMINATED,FULL_TIME,1.0,2016-05-15,2025-11-30,80133.36,0.2077,FALSE,0.0
EBA91D5F9,NIG-200,200-500,D500,FC,US,USD,FIN,Finance,ACTIVE,FULL_TIME,1.0,2013-09-05,,68247.23,0.1966,TRUE,0.302
E13065DB5,NIG-200,200-400,D400,FC,US,USD,FIN,Finance,ACTIVE,FULL_TIME,1.0,2011-09-27,,74114.05,0.2278,TRUE,0.2459
EE343EBBD,NIG-200,200-100,D100,FC,US,USD,PROD,Production & Assembly,TERMINATED,FULL_TIME,1.0,2011-03-23,2025-01-31,65141.52,0.2206,FALSE,0.0
EB1905309,NIG-200,200-405,D405,FC,US,USD,IT,Information Technology,TERMINATED,FULL_TIME,1.0,2013-01-12,2023-11-30,105717.29,0.2624,TRUE,0.2153
E3FF22FCA,NIG-200,200-105,D105,FC,US,USD,SUPPLY,Supply Chain & Warehouse,ACTIVE,FULL_TIME,1.0,2014-03-07,,51381.49,0.1851,FALSE,0.0
E9EF6FE33,NIG-200,200-510,D510,FC,US,USD,EXEC,Executive & Leadership,TERMINATED,FULL_TIME,1.0,2015-05-17,2025-01-31,238114.16,0.182,TRUE,0.2585
EB25F1003,NIG-200,200-115,D115,FC,US,USD,QUAL,Quality & HSE,ACTIVE,FULL_TIME,1.0,2013-03-15,,99033.49,0.1607,FALSE,0.0
EB47BCD75,NIG-200,200-400,D400,FC,US,USD,FIN,Finance,ACTIVE,FULL_TIME,1.0,2010-12-22,,114976.51,0.1989,TRUE,0.2631
E153A9DD6,NIG-200,200-405,D405,FC,US,USD,EXEC,Executive & Leadership,ACTIVE,FULL_TIME,1.0,2013-01-31,,195238.63,0.2588,TRUE,0.1552
E60070DA8,NIG-200,200-100,D100,FC,US,USD,PROD,Production & Assembly,ACTIVE,FULL_TIME,1.0,2017-01-11,,72220.93,0.2498,FALSE,0.0
E7A608F22,NIG-200,200-110,D110,FC,US,USD,SUPPLY,Supply Chain & Warehouse,ACTIVE,FULL_TIME,1.0,2017-02-04,,40292.52,0.1853,FALSE,0.0
E2FF1543E,NIG-200,200-105,D105,FC,US,USD,QUAL,Quality & HSE,ACTIVE,FULL_TIME,1.0,2014-05-24,,67521.05,0.1703,FALSE,0.0
E24E29E4B,NIG-200,200-400,D400,FC,US,USD,EXEC,Executive & Leadership,TERMINATED,FULL_TIME,1.0,2013-08-21,2025-02-28,157408.81,0.2484,TRUE,0.1295
EFA4E3B99,NIG-200,200-110,D110,FC,US,USD,QUAL,Quality & HSE,ACTIVE,FULL_TIME,1.0,2017-02-22,,96892.19,0.1685,FALSE,0.0
ED9AC6E0D,NIG-200,200-500,D500,FC,US,USD,HR,Human Resources,TERMINATED,FULL_TIME,1.0,2017-06-14,2023-05-31,83788.34,0.1981,FALSE,0.0
E3A9F3DF7,NIG-200,200-500,D500,FC,US,USD,IT,Information Technology,ACTIVE,FULL_TIME,1.0,2010-12-15,,126291.0,0.1758,TRUE,0.2966
EF1A22736,NIG-200,200-400,D400,FC,US,USD,SALES,Sales & Commercial,ACTIVE,FULL_TIME,1.0,2016-04-03,,106463.96,0.2374,TRUE,0.2574
E4073945D,NIG-200,200-410,D410,FC,US,USD,EXEC,Executive & Leadership,ACTIVE,FULL_TIME,1.0,2016-01-21,,243721.52,0.2057,TRUE,0.2109
EB4F7B1D9,NIG-200,200-100,D100,FC,US,USD,PROD,Production & Assembly,ACTIVE,FULL_TIME,1.0,2016-03-18,,50169.66,0.1942,FALSE,0.0
EFA6E9A3F,NIG-200,200-115,D115,FC,US,USD,SUPPLY,Supply Chain & Warehouse,ACTIVE,FULL_TIME,1.0,2014-03-26,,77673.37,0.2688,FALSE,0.0
E08339B14,NIG-200,200-910,D910,FC,US,USD,EXEC,Executive & Leadership,TERMINATED,FULL_TIME,1.0,2015-12-27,2023-06-30,222665.58,0.2494,TRUE,0.0561
E5CE1BC52,NIG-200,200-100,D100,FC,US,USD,PROD,Production & Assembly,ACTIVE,FULL_TIME,1.0,2015-08-14,,71295.09,0.2076,FALSE,0.0
EFD1FCC02,NIG-200,200-520,D520,FC,US,USD,IT,Information Technology,ACTIVE,FULL_TIME,1.0,2012-02-02,,95007.26,0.1649,TRUE,0.2266
EA9270AFC,NIG-200,200-115,D115,FC,US,USD,SUPPLY,Supply Chain & Warehouse,ACTIVE,FULL_TIME,1.0,2017-01-24,,51395.66,0.1852,FALSE,0.0
ECCD2860C,NIG-200,200-105,D105,FC,US,USD,SUPPLY,Supply Chain & Warehouse,TERMINATED,FULL_TIME,1.0,2015-02-11,2023-03-31,55676.74,0.2002,FALSE,0.0
E0D849763,NIG-200,200-505,D505,FC,US,USD,ADMIN,Administration,ACTIVE,FULL_TIME,1.0,2013-12-30,,48292.35,0.1761,FALSE,0.0
ED7E84FEB,NIG-200,200-405,D405,FC,US,USD,SALES,Sales & Commercial,ACTIVE,FULL_TIME,1.0,2016-04-12,,110614.77,0.2511,TRUE,0.246
EB016C179,NIG-200,200-100,D100,FC,US,USD,PROD,Production & Assembly,ACTIVE,FULL_TIME,1.0,2015-09-07,,62450.72,0.2484,FALSE,0.0
EC31B8DDD,NIG-200,200-500,D500,FC,US,USD,HR,Human Resources,ACTIVE,FULL_TIME,1.0,2011-04-01,,77659.44,0.2551,FALSE,0.0
EB20C8F96,NIG-200,200-500,D500,FC,US,USD,ADMIN,Administration,TERMINATED,FULL_TIME,1.0,2013-04-21,2026-03-31,46019.37,0.243,FALSE,0.0
E36FD2858,NIG-200,200-100,D100,FC,US,USD,PROD,Production & Assembly,ACTIVE,FULL_TIME,1.0,2018-05-21,,62926.21,0.2172,FALSE,0.0
EAABE0DF6,NIG-200,200-910,D910,FC,US,USD,HR,Human Resources,ACTIVE,FULL_TIME,1.0,2013-11-29,,60001.74,0.177,FALSE,0.0
E59332510,NIG-200,200-105,D105,FC,US,USD,SUPPLY,Supply Chain & Warehouse,ACTIVE,FULL_TIME,1.0,2017-09-27,,50278.47,0.2125,FALSE,0.0
ED98C78FE,NIG-200,200-100,D100,FC,US,USD,PROD,Production & Assembly,ACTIVE,FULL_TIME,1.0,2016-12-02,,58521.82,0.1987,FALSE,0.0
E6DBF3BA5,NIG-200,200-410,D410,FC,US,USD,FIN,Finance,ACTIVE,FULL_TIME,1.0,2011-10-19,,56110.51,0.1635,TRUE,0.2243
EB1773081,NIG-200,200-520,D520,FC,US,USD,IT,Information Technology,ACTIVE,FULL_TIME,1.0,2016-07-02,,93267.7,0.2438,TRUE,0.2105
E38C81423,NIG-200,200-405,D405,FC,US,USD,EXEC,Executive & Leadership,ACTIVE,FULL_TIME,1.0,2016-01-05,,143505.46,0.2512,TRUE,0.2197
ECB94A49F,NIG-200,200-910,D910,FC,US,USD,SALES,Sales & Commercial,ACTIVE,FULL_TIME,1.0,2012-07-18,,83044.26,0.2106,TRUE,0.2758
ED5790E2A,NIG-200,200-500,D500,FC,US,USD,FIN,Finance,ACTIVE,FULL_TIME,1.0,2011-03-10,,98456.46,0.1955,TRUE,0.2368
EDD06D25D,NIG-200,200-100,D100,FC,US,USD,PROD,Production & Assembly,ACTIVE,FULL_TIME,1.0,2011-07-12,,67266.59,0.1656,FALSE,0.0
E0339A740,NIG-200,200-405,D405,FC,US,USD,FIN,Finance,TERMINATED,FULL_TIME,1.0,2011-03-19,2025-11-30,95136.95,0.261,TRUE,0.2228
EB1778F46,NIG-200,200-120,D120,FC,US,USD,SUPPLY,Supply Chain & Warehouse,ACTIVE,FULL_TIME,1.0,2012-08-01,,62682.18,0.1935,FALSE,0.0
E03352DAF,NIG-200,200-410,D410,FC,US,USD,IT,Information Technology,ACTIVE,FULL_TIME,1.0,2012-04-16,,124550.48,0.2158,TRUE,0.2759
E03F5388A,NIG-200,200-510,D510,FC,US,USD,FIN,Finance,ACTIVE,FULL_TIME,1.0,2014-06-09,,92916.06,0.2049,TRUE,0.2382
EB0B46878,NIG-200,200-405,D405,FC,US,USD,EXEC,Executive & Leadership,ACTIVE,FULL_TIME,1.0,2012-05-24,,185009.98,0.2214,TRUE,0.1805
E31B85260,NIG-200,200-110,D110,FC,US,USD,QUAL,Quality & HSE,ACTIVE,FULL_TIME,1.0,2013-12-23,,64133.16,0.25,FALSE,0.0
EC94B3ABC,NIG-200,200-510,D510,FC,US,USD,EXEC,Executive & Leadership,TERMINATED,FULL_TIME,1.0,2014-10-27,2023-12-31,255262.64,0.1614,TRUE,0.2898
EC48A709F,NIG-200,200-405,D405,FC,US,USD,ADMIN,Administration,ACTIVE,FULL_TIME,1.0,2012-03-12,,57934.33,0.2352,FALSE,0.0
E93939A61,NIG-200,200-505,D505,FC,US,USD,ADMIN,Administration,ACTIVE,FULL_TIME,1.0,2011-09-23,,67342.65,0.1941,FALSE,0.0
E47FC437A,NIG-200,200-500,D500,FC,US,USD,HR,Human Resources,ACTIVE,FULL_TIME,1.0,2012-02-07,,100787.54,0.2341,FALSE,0.0
EAAC5FDA4,NIG-200,200-100,D100,FC,US,USD,PROD,Production & Assembly,TERMINATED,PART_TIME,0.6,2015-10-27,2023-05-31,52379.33,0.2489,FALSE,0.0
E63DE8174,NIG-200,200-505,D505,FC,US,USD,SALES,Sales & Commercial,TERMINATED,FULL_TIME,1.0,2014-10-28,2024-02-29,91436.86,0.2194,TRUE,0.3041
EABC294AC,NIG-200,200-410,D410,FC,US,USD,IT,Information Technology,ACTIVE,FULL_TIME,1.0,2013-09-20,,108682.42,0.2384,TRUE,0.1478
EFD912E17,NIG-200,200-400,D400,FC,US,USD,FIN,Finance,ACTIVE,FULL_TIME,1.0,2015-03-18,,112065.81,0.2259,TRUE,0.2815
EB74C7212,NIG-200,200-410,D410,FC,US,USD,IT,Information Technology,TERMINATED,FULL_TIME,1.0,2017-03-31,2025-07-31,99518.12,0.1942,TRUE,0.2824
E7F54CD4C,NIG-200,200-510,D510,FC,US,USD,EXEC,Executive & Leadership,ACTIVE,FULL_TIME,1.0,2015-12-10,,219101.25,0.2506,TRUE,0.2171
ECFF10270,NIG-200,200-510,D510,FC,US,USD,FIN,Finance,ACTIVE,FULL_TIME,1.0,2014-04-30,,78511.42,0.2199,TRUE,0.292
E5971AA08,NIG-200,200-120,D120,FC,US,USD,SUPPLY,Supply Chain & Warehouse,ACTIVE,FULL_TIME,1.0,2012-11-23,,54954.17,0.2611,FALSE,0.0
EF664998D,NIG-200,200-510,D510,FC,US,USD,EXEC,Executive & Leadership,ACTIVE,FULL_TIME,1.0,2012-11-05,,220016.02,0.1917,TRUE,0.2498
EAA91E71A,NIG-200,200-910,D910,FC,US,USD,SALES,Sales & Commercial,ACTIVE,FULL_TIME,1.0,2011-06-23,,100196.61,0.2281,TRUE,0.1796
E85B6A712,NIG-200,200-120,D120,FC,US,USD,SUPPLY,Supply Chain & Warehouse,ACTIVE,FULL_TIME,1.0,2013-04-23,,68398.41,0.2553,FALSE,0.0
E93F6CD3C,NIG-200,200-115,D115,FC,US,USD,SUPPLY,Supply Chain & Warehouse,TERMINATED,FULL_TIME,1.0,2011-04-21,2024-07-31,63834.85,0.1617,FALSE,0.0
EE9EFCF02,NIG-200,200-500,D500,FC,US,USD,EXEC,Executive & Leadership,ACTIVE,FULL_TIME,1.0,2013-09-22,,136579.77,0.2422,TRUE,0.3412
E864FA88C,NIG-200,200-110,D110,FC,US,USD,SUPPLY,Supply Chain & Warehouse,ACTIVE,FULL_TIME,1.0,2014-03-31,,59559.95,0.2291,FALSE,0.0
E07CB4B32,NIG-200,200-105,D105,FC,US,USD,QUAL,Quality & HSE,ACTIVE,FULL_TIME,1.0,2014-02-20,,59041.83,0.2077,FALSE,0.0
E9FF7E44B,NIG-200,200-115,D115,FC,US,USD,SUPPLY,Supply Chain & Warehouse,ACTIVE,FULL_TIME,1.0,2016-02-03,,70783.21,0.2271,FALSE,0.0
E18ECCD36,NIG-200,200-400,D400,FC,US,USD,ADMIN,Administration,TERMINATED,FULL_TIME,1.0,2013-10-15,2026-02-28,55007.77,0.2387,FALSE,0.0
E2774A83A,NIG-200,200-115,D115,FC,US,USD,SUPPLY,Supply Chain & Warehouse,ACTIVE,FULL_TIME,1.0,2017-08-12,,69663.7,0.2074,FALSE,0.0
E81602A73,NIG-200,200-120,D120,FC,US,USD,QUAL,Quality & HSE,ACTIVE,FULL_TIME,1.0,2016-05-04,,60759.29,0.1911,FALSE,0.0
E91AF984A,NIG-200,200-510,D510,FC,US,USD,HR,Human Resources,ACTIVE,FULL_TIME,1.0,2017-04-09,,100923.14,0.204,FALSE,0.0
E935B7ED6,NIG-200,200-510,D510,FC,US,USD,SALES,Sales & Commercial,ACTIVE,PART_TIME,0.6,2015-10-27,,78305.15,0.2315,TRUE,0.3372
E1B761CFB,NIG-200,200-910,D910,FC,US,USD,FIN,Finance,ACTIVE,FULL_TIME,1.0,2012-10-10,,99745.32,0.1759,TRUE,0.163
EB83DF3AA,NIG-200,200-105,D105,FC,US,USD,SUPPLY,Supply Chain & Warehouse,TERMINATED,FULL_TIME,1.0,2015-08-04,2023-01-31,66907.63,0.2054,FALSE,0.0
E50F0488F,NIG-200,200-405,D405,FC,US,USD,HR,Human Resources,ACTIVE,FULL_TIME,1.0,2017-02-08,,79634.66,0.2677,FALSE,0.0
E70F5B47F,NIG-200,200-100,D100,FC,US,USD,PROD,Production & Assembly,TERMINATED,FULL_TIME,1.0,2016-09-02,2025-02-28,69193.26,0.1617,FALSE,0.0
E0DDA74DF,NIG-200,200-505,D505,FC,US,USD,IT,Information Technology,TERMINATED,FULL_TIME,1.0,2011-03-12,2024-03-31,112312.9,0.2593,TRUE,0.243
ED2C30690,NIG-200,200-910,D910,FC,US,USD,HR,Human Resources,ACTIVE,FULL_TIME,1.0,2014-07-29,,83342.02,0.1917,FALSE,0.0
E59CF2868,NIG-200,200-510,D510,FC,US,USD,SALES,Sales & Commercial,ACTIVE,FULL_TIME,1.0,2017-03-27,,117501.13,0.2245,TRUE,0.2673
ED270138D,NIG-200,200-500,D500,FC,US,USD,EXEC,Executive & Leadership,ACTIVE,FULL_TIME,1.0,2014-02-02,,254498.73,0.1786,TRUE,0.2432
ED0A261AE,NIG-200,200-105,D105,FC,US,USD,QUAL,Quality & HSE,ACTIVE,FULL_TIME,1.0,2016-01-04,,91008.02,0.1626,FALSE,0.0
EFBD56B5D,NIG-200,200-505,D505,FC,US,USD,HR,Human Resources,TERMINATED,FULL_TIME,1.0,2016-11-28,2024-05-31,104605.51,0.1924,FALSE,0.0
EFF3DDB8B,NIG-200,200-105,D105,FC,US,USD,SUPPLY,Supply Chain & Warehouse,ACTIVE,FULL_TIME,1.0,2016-11-08,,70037.84,0.2186,FALSE,0.0
E42444F87,NIG-200,200-110,D110,FC,US,USD,SUPPLY,Supply Chain & Warehouse,ACTIVE,FULL_TIME,1.0,2014-07-15,,74249.03,0.2234,FALSE,0.0
E25726E3D,NIG-200,200-510,D510,FC,US,USD,ADMIN,Administration,ACTIVE,FULL_TIME,1.0,2011-01-14,,42936.75,0.2698,FALSE,0.0
EB42B1363,NIG-200,200-520,D520,FC,US,USD,SALES,Sales & Commercial,TERMINATED,FULL_TIME,1.0,2017-05-09,2023-03-31,60387.35,0.2299,TRUE,0.104
EEA07D84A,NIG-200,200-110,D110,FC,US,USD,QUAL,Quality & HSE,ACTIVE,FULL_TIME,1.0,2012-04-10,,84187.89,0.2315,FALSE,0.0
E036E6942,NIG-200,200-115,D115,FC,US,USD,SUPPLY,Supply Chain & Warehouse,ACTIVE,FULL_TIME,1.0,2016-07-11,,49120.98,0.2644,FALSE,0.0
E95EBDAAC,NIG-200,200-105,D105,FC,US,USD,SUPPLY,Supply Chain & Warehouse,TERMINATED,FULL_TIME,1.0,2016-03-14,2024-12-31,88215.38,0.1913,FALSE,0.0
EBAEA3D0B,NIG-200,200-405,D405,FC,US,USD,ADMIN,Administration,TERMINATED,FULL_TIME,1.0,2014-09-15,2025-11-30,41435.86,0.2274,FALSE,0.0
E1D6C11A9,NIG-200,200-115,D115,FC,US,USD,SUPPLY,Supply Chain & Warehouse,ACTIVE,FULL_TIME,1.0,2014-01-19,,68729.7,0.224,FALSE,0.0
E0013A1E6,NIG-200,200-910,D910,FC,US,USD,ADMIN,Administration,ACTIVE,FULL_TIME,1.0,2016-10-30,,47304.98,0.2257,FALSE,0.0
EAB9C4852,NIG-200,200-100,D100,FC,US,USD,PROD,Production & Assembly,TERMINATED,FULL_TIME,1.0,2014-01-22,2024-04-30,71287.86,0.1872,FALSE,0.0
E6EAE1ABE,NIG-200,200-500,D500,FC,US,USD,EXEC,Executive & Leadership,ACTIVE,FULL_TIME,1.0,2011-01-30,,186680.41,0.2296,TRUE,0.3268
E15C470BD,NIG-200,200-520,D520,FC,US,USD,FIN,Finance,ACTIVE,FULL_TIME,1.0,2015-12-02,,76211.1,0.1913,TRUE,0.097
EAC4CF2A8,NIG-200,200-910,D910,FC,US,USD,ADMIN,Administration,ACTIVE,FULL_TIME,1.0,2012-08-20,,70947.37,0.2075,FALSE,0.0
EC8F32B9C,NIG-200,200-120,D120,FC,US,USD,QUAL,Quality & HSE,ACTIVE,FULL_TIME,1.0,2011-11-26,,52954.51,0.231,FALSE,0.0
E0EEA39E5,NIG-200,200-400,D400,FC,US,USD,EXEC,Executive & Leadership,TERMINATED,PART_TIME,0.6,2015-11-28,2025-09-30,132505.61,0.1709,TRUE,0.3199
E5745D772,NIG-200,200-500,D500,FC,US,USD,SALES,Sales & Commercial,TERMINATED,FULL_TIME,1.0,2016-08-18,2025-09-30,126383.29,0.1669,TRUE,0.1617
E4F4ADAFD,NIG-200,200-100,D100,FC,US,USD,PROD,Production & Assembly,TERMINATED,FULL_TIME,1.0,2016-05-01,2023-11-30,52569.28,0.2514,FALSE,0.0
EC40A4980,NIG-200,200-100,D100,FC,US,USD,PROD,Production & Assembly,ACTIVE,FULL_TIME,1.0,2015-02-02,,68380.6,0.2663,FALSE,0.0
E969B397C,NIG-200,200-910,D910,FC,US,USD,SALES,Sales & Commercial,TERMINATED,FULL_TIME,1.0,2011-02-24,2026-05-31,110920.58,0.1712,TRUE,0.0856
EDAADDE16,NIG-200,200-105,D105,FC,US,USD,SUPPLY,Supply Chain & Warehouse,TERMINATED,FULL_TIME,1.0,2016-03-03,2025-11-30,49049.29,0.2096,FALSE,0.0
E4B7D0DE9,NIG-200,200-110,D110,FC,US,USD,QUAL,Quality & HSE,ACTIVE,FULL_TIME,1.0,2012-10-03,,61925.88,0.1614,FALSE,0.0
E0DDAD0C9,NIG-200,200-105,D105,FC,US,USD,QUAL,Quality & HSE,TERMINATED,FULL_TIME,1.0,2014-08-07,2023-01-31,75364.91,0.1972,FALSE,0.0
E5C882942,NIG-200,200-910,D910,FC,US,USD,EXEC,Executive & Leadership,ACTIVE,FULL_TIME,1.0,2016-04-11,,236181.96,0.1954,TRUE,0.2261
E713A93D1,NIG-200,200-405,D405,FC,US,USD,EXEC,Executive & Leadership,ACTIVE,FULL_TIME,1.0,2015-08-21,,255089.98,0.2584,TRUE,0.3447
E977EBE11,NIG-200,200-400,D400,FC,US,USD,SALES,Sales & Commercial,ACTIVE,FULL_TIME,1.0,2014-12-26,,74437.33,0.1924,TRUE,0.2524
E3F802DF9,NIG-200,200-405,D405,FC,US,USD,SALES,Sales & Commercial,ACTIVE,FULL_TIME,1.0,2018-01-23,,89325.39,0.2156,TRUE,0.2388
E8D012737,NIG-200,200-505,D505,FC,US,USD,ADMIN,Administration,ACTIVE,FULL_TIME,1.0,2017-04-16,,50518.18,0.2003,FALSE,0.0
E69577E1E,NIG-200,200-510,D510,FC,US,USD,SALES,Sales & Commercial,ACTIVE,FULL_TIME,1.0,2013-12-10,,99927.35,0.1869,TRUE,0.1384
EC2A5FCDC,NIG-200,200-100,D100,FC,US,USD,PROD,Production & Assembly,ACTIVE,FULL_TIME,1.0,2015-04-20,,48990.22,0.2026,FALSE,0.0
EEC23B3A5,NIG-200,200-405,D405,FC,US,USD,FIN,Finance,ACTIVE,FULL_TIME,1.0,2018-05-13,,107792.16,0.2031,TRUE,0.3175
E4A5565B6,NIG-200,200-910,D910,FC,US,USD,EXEC,Executive & Leadership,ACTIVE,FULL_TIME,1.0,2015-12-18,,224912.57,0.2498,TRUE,0.0846
E89DB1AC3,NIG-200,200-410,D410,FC,US,USD,ADMIN,Administration,ACTIVE,FULL_TIME,1.0,2017-12-15,,53952.75,0.2314,FALSE,0.0
EB099E2EF,NIG-200,200-500,D500,FC,US,USD,HR,Human Resources,ACTIVE,FULL_TIME,1.0,2015-08-06,,86216.6,0.262,FALSE,0.0
E8952C21F,NIG-200,200-405,D405,FC,US,USD,EXEC,Executive & Leadership,TERMINATED,FULL_TIME,1.0,2018-01-25,2024-10-31,142712.66,0.1774,TRUE,0.1445
E3DAD17E7,NIG-200,200-510,D510,FC,US,USD,SALES,Sales & Commercial,TERMINATED,FULL_TIME,1.0,2015-07-07,2023-01-31,64605.12,0.1724,TRUE,0.2832
EC1F3FCA4,NIG-200,200-105,D105,FC,US,USD,QUAL,Quality & HSE,ACTIVE,FULL_TIME,1.0,2015-03-03,,75134.98,0.2369,FALSE,0.0
EF1A3CAFF,NIG-200,200-510,D510,FC,US,USD,FIN,Finance,ACTIVE,FULL_TIME,1.0,2016-04-27,,97137.92,0.2439,TRUE,0.2918
E0CF179F5,NIG-200,200-510,D510,FC,US,USD,IT,Information Technology,ACTIVE,PART_TIME,0.5,2014-04-26,,103996.64,0.1618,TRUE,0.1492
E38BAD4AF,NIG-200,200-520,D520,FC,US,USD,EXEC,Executive & Leadership,ACTIVE,FULL_TIME,1.0,2017-03-04,,171171.38,0.1879,TRUE,0.3496
EB6E5C669,NIG-200,200-520,D520,FC,US,USD,HR,Human Resources,ACTIVE,PART_TIME,0.5,2011-04-22,,58283.63,0.1655,FALSE,0.0
E97945968,NIG-200,200-110,D110,FC,US,USD,SUPPLY,Supply Chain & Warehouse,ACTIVE,FULL_TIME,1.0,2014-05-02,,53812.07,0.2394,FALSE,0.0
EC0B3EE89,NIG-200,200-115,D115,FC,US,USD,SUPPLY,Supply Chain & Warehouse,ACTIVE,FULL_TIME,1.0,2014-07-10,,56480.58,0.2202,FALSE,0.0
EAECC522E,NIG-200,200-910,D910,FC,US,USD,ADMIN,Administration,ACTIVE,FULL_TIME,1.0,2012-03-16,,83347.77,0.2324,FALSE,0.0
EA1B9003E,NIG-200,200-105,D105,FC,US,USD,QUAL,Quality & HSE,ACTIVE,PART_TIME,0.8,2012-06-15,,82986.22,0.2454,FALSE,0.0
EA9D3EF15,NIG-200,200-410,D410,FC,US,USD,EXEC,Executive & Leadership,ACTIVE,FULL_TIME,1.0,2015-12-15,,186161.64,0.187,TRUE,0.0847
EE348768C,NIG-200,200-120,D120,FC,US,USD,QUAL,Quality & HSE,ACTIVE,FULL_TIME,1.0,2013-08-30,,90587.23,0.2617,FALSE,0.0
E718C0D45,NIG-200,200-105,D105,FC,US,USD,QUAL,Quality & HSE,ACTIVE,FULL_TIME,1.0,2015-12-20,,83238.38,0.2308,FALSE,0.0
E001DE6D2,NIG-200,200-400,D400,FC,US,USD,IT,Information Technology,ACTIVE,FULL_TIME,1.0,2014-05-04,,67320.7,0.2036,TRUE,0.3335
E0F676948,NIG-200,200-110,D110,FC,US,USD,SUPPLY,Supply Chain & Warehouse,ACTIVE,FULL_TIME,1.0,2014-05-06,,69572.04,0.1655,FALSE,0.0
E5518872D,NIG-200,200-400,D400,FC,US,USD,SALES,Sales & Commercial,ACTIVE,FULL_TIME,1.0,2011-07-29,,76188.87,0.1692,TRUE,0.1156
EE1FCDBFE,NIG-200,200-520,D520,FC,US,USD,ADMIN,Administration,ACTIVE,PART_TIME,0.6,2014-12-31,,73783.82,0.2182,FALSE,0.0
E68AE03C4,NIG-200,200-115,D115,FC,US,USD,SUPPLY,Supply Chain & Warehouse,ACTIVE,FULL_TIME,1.0,2015-11-19,,57915.24,0.1669,FALSE,0.0
E2196A3C4,NIG-200,200-505,D505,FC,US,USD,HR,Human Resources,ACTIVE,FULL_TIME,1.0,2017-12-04,,82397.0,0.2575,FALSE,0.0
EDBC66205,NIG-200,200-120,D120,FC,US,USD,SUPPLY,Supply Chain & Warehouse,TERMINATED,FULL_TIME,1.0,2011-05-07,2023-06-30,65478.21,0.1621,FALSE,0.0
E83A05A9B,NIG-200,200-400,D400,FC,US,USD,ADMIN,Administration,ACTIVE,FULL_TIME,1.0,2014-04-25,,65172.32,0.194,FALSE,0.0
E69F791F8,NIG-200,200-510,D510,FC,US,USD,IT,Information Technology,ACTIVE,FULL_TIME,1.0,2015-01-20,,81753.56,0.2029,TRUE,0.1003
E146EF2D7,NIG-200,200-410,D410,FC,US,USD,FIN,Finance,ACTIVE,FULL_TIME,1.0,2017-08-18,,82905.2,0.1733,TRUE,0.2215
EC92B707F,NIG-200,200-520,D520,FC,US,USD,HR,Human Resources,ACTIVE,FULL_TIME,1.0,2016-04-04,,75959.5,0.1755,FALSE,0.0
E28933FA0,NIG-200,200-520,D520,FC,US,USD,ADMIN,Administration,ACTIVE,FULL_TIME,1.0,2011-01-24,,38445.17,0.2691,FALSE,0.0
E2B1AA57F,NIG-200,200-520,D520,FC,US,USD,EXEC,Executive & Leadership,TERMINATED,FULL_TIME,1.0,2013-04-21,2023-12-31,200665.55,0.1882,TRUE,0.2929
EDAD80C20,NIG-200,200-510,D510,FC,US,USD,EXEC,Executive & Leadership,ACTIVE,FULL_TIME,1.0,2012-10-02,,171343.24,0.2187,TRUE,0.0973
EB3F87A68,NIG-200,200-405,D405,FC,US,USD,FIN,Finance,TERMINATED,FULL_TIME,1.0,2017-10-05,2023-03-31,84158.17,0.167,TRUE,0.324
EE5830D85,NIG-200,200-100,D100,FC,US,USD,PROD,Production & Assembly,TERMINATED,FULL_TIME,1.0,2011-12-17,2023-09-30,44010.14,0.2015,FALSE,0.0
E0131430D,NIG-200,200-105,D105,FC,US,USD,QUAL,Quality & HSE,ACTIVE,FULL_TIME,1.0,2012-06-13,,73337.49,0.2334,FALSE,0.0
E3669A25A,NIG-200,200-400,D400,FC,US,USD,ADMIN,Administration,ACTIVE,FULL_TIME,1.0,2014-06-19,,49584.89,0.2659,FALSE,0.0
EB109CC84,NIG-200,200-500,D500,FC,US,USD,SALES,Sales & Commercial,ACTIVE,FULL_TIME,1.0,2012-04-13,,86794.28,0.1796,TRUE,0.2658
E4AB04154,NIG-200,200-410,D410,FC,US,USD,ADMIN,Administration,ACTIVE,FULL_TIME,1.0,2014-12-31,,61866.8,0.2309,FALSE,0.0
EB144082D,NIG-200,200-400,D400,FC,US,USD,ADMIN,Administration,ACTIVE,FULL_TIME,1.0,2016-02-02,,44656.87,0.1802,FALSE,0.0
EE363B84A,NIG-200,200-910,D910,FC,US,USD,EXEC,Executive & Leadership,ACTIVE,FULL_TIME,1.0,2013-12-29,,185560.35,0.1649,TRUE,0.2897
E254759EC,NIG-200,200-120,D120,FC,US,USD,QUAL,Quality & HSE,ACTIVE,FULL_TIME,1.0,2018-01-14,,90232.43,0.1768,FALSE,0.0
EC474FFCE,NIG-200,200-500,D500,FC,US,USD,FIN,Finance,ACTIVE,FULL_TIME,1.0,2016-06-20,,111737.54,0.2206,TRUE,0.1654
E8921F7B7,NIG-200,200-105,D105,FC,US,USD,QUAL,Quality & HSE,TERMINATED,FULL_TIME,1.0,2015-05-02,2023-10-31,71167.27,0.2456,FALSE,0.0
EEE9D0A7B,NIG-200,200-105,D105,FC,US,USD,QUAL,Quality & HSE,ACTIVE,FULL_TIME,1.0,2016-05-28,,72100.18,0.2012,FALSE,0.0
ED7B35248,NIG-200,200-110,D110,FC,US,USD,SUPPLY,Supply Chain & Warehouse,ACTIVE,FULL_TIME,1.0,2017-06-24,,50441.14,0.2562,FALSE,0.0
E832292EF,NIG-200,200-105,D105,FC,US,USD,QUAL,Quality & HSE,ACTIVE,FULL_TIME,1.0,2017-12-05,,78422.55,0.2208,FALSE,0.0
ECE79C655,NIG-200,200-410,D410,FC,US,USD,ADMIN,Administration,ACTIVE,FULL_TIME,1.0,2017-12-11,,62352.84,0.1982,FALSE,0.0
EEA264454,NIG-200,200-500,D500,FC,US,USD,SALES,Sales & Commercial,TERMINATED,PART_TIME,0.5,2012-04-28,2026-02-28,120444.44,0.2048,TRUE,0.1911
E3C5DB7B6,NIG-200,200-120,D120,FC,US,USD,SUPPLY,Supply Chain & Warehouse,ACTIVE,FULL_TIME,1.0,2014-01-28,,75067.19,0.2039,FALSE,0.0
EBDA97859,NIG-200,200-405,D405,FC,US,USD,FIN,Finance,ACTIVE,FULL_TIME,1.0,2012-08-24,,96229.08,0.2274,TRUE,0.0952
EEC79096B,NIG-200,200-505,D505,FC,US,USD,HR,Human Resources,ACTIVE,FULL_TIME,1.0,2010-12-08,,76662.11,0.1611,FALSE,0.0
E223AC63B,NIG-200,200-510,D510,FC,US,USD,IT,Information Technology,ACTIVE,FULL_TIME,1.0,2011-10-07,,123738.58,0.2341,TRUE,0.1796
E51310E6E,NIG-200,200-115,D115,FC,US,USD,SUPPLY,Supply Chain & Warehouse,ACTIVE,FULL_TIME,1.0,2015-03-04,,53332.58,0.2473,FALSE,0.0
E54A57581,NIG-200,200-100,D100,FC,US,USD,PROD,Production & Assembly,ACTIVE,FULL_TIME,1.0,2015-06-12,,65333.7,0.2305,FALSE,0.0
EE3C61A9A,NIG-200,200-510,D510,FC,US,USD,SALES,Sales & Commercial,ACTIVE,FULL_TIME,1.0,2016-11-27,,62850.27,0.1875,TRUE,0.226
EE5824F18,NIG-200,200-400,D400,FC,US,USD,EXEC,Executive & Leadership,ACTIVE,FULL_TIME,1.0,2012-08-12,,271101.3,0.2344,TRUE,0.3317
EC206C700,NIG-200,200-110,D110,FC,US,USD,QUAL,Quality & HSE,ACTIVE,FULL_TIME,1.0,2014-02-06,,97124.0,0.2609,FALSE,0.0
ED295D5BE,NIG-200,200-910,D910,FC,US,USD,IT,Information Technology,ACTIVE,PART_TIME,0.5,2014-02-19,,97616.42,0.2683,TRUE,0.0984
EA88AD1AA,NIG-200,200-120,D120,FC,US,USD,SUPPLY,Supply Chain & Warehouse,ACTIVE,PART_TIME,0.5,2015-09-03,,49767.39,0.1825,FALSE,0.0
EE2DC382E,NIG-200,200-505,D505,FC,US,USD,EXEC,Executive & Leadership,ACTIVE,FULL_TIME,1.0,2016-03-18,,201305.81,0.1992,TRUE,0.1262
E7B7F0B99,NIG-200,200-405,D405,FC,US,USD,ADMIN,Administration,TERMINATED,FULL_TIME,1.0,2013-12-15,2024-01-31,55774.38,0.2253,FALSE,0.0
E041E101A,NIG-200,200-520,D520,FC,US,USD,HR,Human Resources,ACTIVE,FULL_TIME,1.0,2016-06-15,,67305.7,0.2399,FALSE,0.0
EEB9F51AE,NIG-200,200-500,D500,FC,US,USD,SALES,Sales & Commercial,ACTIVE,FULL_TIME,1.0,2015-12-27,,99894.26,0.1874,TRUE,0.079
EF405F352,NIG-200,200-115,D115,FC,US,USD,SUPPLY,Supply Chain & Warehouse,ACTIVE,FULL_TIME,1.0,2017-08-22,,81704.42,0.2602,FALSE,0.0
E8299F079,NIG-200,200-105,D105,FC,US,USD,QUAL,Quality & HSE,ACTIVE,PART_TIME,0.5,2010-10-20,,58296.18,0.1934,FALSE,0.0
EE4A623B0,NIG-200,200-510,D510,FC,US,USD,SALES,Sales & Commercial,ACTIVE,FULL_TIME,1.0,2014-07-19,,73526.84,0.194,TRUE,0.2014
E6CE0ADDD,NIG-200,200-410,D410,FC,US,USD,SALES,Sales & Commercial,ACTIVE,FULL_TIME,1.0,2015-07-03,,102733.12,0.1698,TRUE,0.0673
E0BF5DAFB,NIG-200,200-910,D910,FC,US,USD,SALES,Sales & Commercial,ACTIVE,FULL_TIME,1.0,2015-08-05,,136909.41,0.237,TRUE,0.3333
EA3B01C12,NIG-200,200-910,D910,FC,US,USD,EXEC,Executive & Leadership,ACTIVE,FULL_TIME,1.0,2017-11-02,,199337.17,0.231,TRUE,0.2231
ED2010B22,NIG-200,200-110,D110,FC,US,USD,SUPPLY,Supply Chain & Warehouse,ACTIVE,FULL_TIME,1.0,2015-06-12,,74032.05,0.1997,FALSE,0.0
E6B2E3994,NIG-200,200-100,D100,FC,US,USD,PROD,Production & Assembly,ACTIVE,FULL_TIME,1.0,2013-12-31,,82086.25,0.2572,FALSE,0.0
E35B3070A,NIG-200,200-100,D100,FC,US,USD,PROD,Production & Assembly,ACTIVE,FULL_TIME,1.0,2016-12-10,,58706.8,0.1628,FALSE,0.0
E940C1CAA,NIG-200,200-505,D505,FC,US,USD,IT,Information Technology,ACTIVE,FULL_TIME,1.0,2013-01-31,,125706.45,0.2625,TRUE,0.3105
EE7A348DA,NIG-200,200-105,D105,FC,US,USD,SUPPLY,Supply Chain & Warehouse,ACTIVE,FULL_TIME,1.0,2012-01-26,,69638.33,0.2399,FALSE,0.0
E0FFD01C8,NIG-200,200-500,D500,FC,US,USD,ADMIN,Administration,ACTIVE,FULL_TIME,1.0,2011-04-22,,52769.03,0.1856,FALSE,0.0
E4122D7F3,NIG-200,200-510,D510,FC,US,USD,HR,Human Resources,ACTIVE,FULL_TIME,1.0,2015-01-18,,78978.42,0.1647,FALSE,0.0
ED0501E16,NIG-200,200-105,D105,FC,US,USD,QUAL,Quality & HSE,ACTIVE,FULL_TIME,1.0,2013-11-06,,53899.21,0.224,FALSE,0.0
E80290055,NIG-200,200-500,D500,FC,US,USD,HR,Human Resources,ACTIVE,FULL_TIME,1.0,2011-04-15,,63023.02,0.2252,FALSE,0.0
E9C65EEBA,NIG-200,200-105,D105,FC,US,USD,QUAL,Quality & HSE,ACTIVE,FULL_TIME,1.0,2016-05-17,,69112.41,0.2471,FALSE,0.0
EA8E635CE,NIG-200,200-400,D400,FC,US,USD,EXEC,Executive & Leadership,TERMINATED,FULL_TIME,1.0,2016-12-01,2024-03-31,253422.36,0.1969,TRUE,0.2578
E382E985B,NIG-200,200-110,D110,FC,US,USD,SUPPLY,Supply Chain & Warehouse,ACTIVE,FULL_TIME,1.0,2012-05-10,,49146.14,0.2513,FALSE,0.0
E3C1806DA,NIG-200,200-500,D500,FC,US,USD,SALES,Sales & Commercial,ACTIVE,PART_TIME,0.5,2017-10-09,,109965.51,0.1921,TRUE,0.3203
EEC12F7E2,NIG-200,200-410,D410,FC,US,USD,EXEC,Executive & Leadership,ACTIVE,FULL_TIME,1.0,2018-02-06,,161958.23,0.1739,TRUE,0.2888
ED00719C8,NIG-200,200-110,D110,FC,US,USD,QUAL,Quality & HSE,ACTIVE,PART_TIME,0.6,2017-08-26,,49811.12,0.1785,FALSE,0.0
E5F188819,NIG-200,200-520,D520,FC,US,USD,ADMIN,Administration,ACTIVE,FULL_TIME,1.0,2017-08-10,,56307.87,0.2469,FALSE,0.0
E2A109ED9,NIG-200,200-115,D115,FC,US,USD,QUAL,Quality & HSE,ACTIVE,FULL_TIME,1.0,2016-10-05,,67793.59,0.2577,FALSE,0.0
E838B79D9,NIG-200,200-505,D505,FC,US,USD,SALES,Sales & Commercial,ACTIVE,FULL_TIME,1.0,2012-10-25,,109256.0,0.1737,TRUE,0.0602
E363F2D4E,NIG-200,200-510,D510,FC,US,USD,ADMIN,Administration,ACTIVE,FULL_TIME,1.0,2014-08-04,,53301.17,0.2406,FALSE,0.0
E851CDF8F,NIG-200,200-910,D910,FC,US,USD,HR,Human Resources,ACTIVE,FULL_TIME,1.0,2013-11-29,,72723.0,0.2304,FALSE,0.0
EDA9EDCE3,NIG-200,200-505,D505,FC,US,USD,EXEC,Executive & Leadership,ACTIVE,FULL_TIME,1.0,2015-03-23,,175542.78,0.2407,TRUE,0.2134
E6C286BEB,NIG-200,200-410,D410,FC,US,USD,EXEC,Executive & Leadership,ACTIVE,FULL_TIME,1.0,2013-12-26,,227527.39,0.2317,TRUE,0.2693
E8C8F30ED,NIG-200,200-115,D115,FC,US,USD,QUAL,Quality & HSE,ACTIVE,FULL_TIME,1.0,2014-08-02,,78269.75,0.2012,FALSE,0.0
E1E02146F,NIG-200,200-520,D520,FC,US,USD,HR,Human Resources,ACTIVE,FULL_TIME,1.0,2013-04-24,,110500.63,0.2308,FALSE,0.0
E7B7E6928,NIG-200,200-110,D110,FC,US,USD,QUAL,Quality & HSE,ACTIVE,FULL_TIME,1.0,2011-09-02,,60148.04,0.2094,FALSE,0.0
EB2DC4F6C,NIG-200,200-105,D105,FC,US,USD,QUAL,Quality & HSE,TERMINATED,PART_TIME,0.6,2018-01-24,2025-05-31,90103.84,0.2657,FALSE,0.0
E6D247EBC,NIG-200,200-500,D500,FC,US,USD,IT,Information Technology,ACTIVE,PART_TIME,0.8,2018-05-30,,95702.68,0.2503,TRUE,0.2187
E7D1ABCD5,NIG-200,200-400,D400,FC,US,USD,ADMIN,Administration,ACTIVE,FULL_TIME,1.0,2017-11-05,,55630.15,0.2685,FALSE,0.0
E37A3B89A,NIG-200,200-410,D410,FC,US,USD,HR,Human Resources,ACTIVE,PART_TIME,0.6,2017-03-16,,93550.28,0.166,FALSE,0.0
E67BC7535,NIG-200,200-910,D910,FC,US,USD,HR,Human Resources,ACTIVE,FULL_TIME,1.0,2013-10-28,,126502.93,0.1931,FALSE,0.0
EBC89498D,NIG-200,200-100,D100,FC,US,USD,PROD,Production & Assembly,TERMINATED,FULL_TIME,1.0,2016-08-02,2025-04-30,68794.66,0.1687,FALSE,0.0
E8A3CEA2F,NIG-200,200-410,D410,FC,US,USD,IT,Information Technology,ACTIVE,FULL_TIME,1.0,2014-11-23,,97697.68,0.1843,TRUE,0.2315
E8D3B4309,NIG-200,200-500,D500,FC,US,USD,ADMIN,Administration,TERMINATED,FULL_TIME,1.0,2014-06-08,2024-06-30,66395.2,0.1691,FALSE,0.0
EEBDE8377,NIG-200,200-100,D100,FC,US,USD,PROD,Production & Assembly,ACTIVE,FULL_TIME,1.0,2010-11-08,,56155.9,0.2166,FALSE,0.0
E76535290,NIG-200,200-400,D400,FC,US,USD,ADMIN,Administration,ACTIVE,PART_TIME,0.6,2011-07-16,,39891.77,0.232,FALSE,0.0
E4FE39A55,NIG-200,200-505,D505,FC,US,USD,EXEC,Executive & Leadership,ACTIVE,FULL_TIME,1.0,2016-03-09,,184802.96,0.1869,TRUE,0.1579
E6976D214,NIG-200,200-405,D405,FC,US,USD,EXEC,Executive & Leadership,TERMINATED,FULL_TIME,1.0,2011-05-15,2026-06-30,226498.33,0.1781,TRUE,0.176
E23C79614,NIG-200,200-410,D410,FC,US,USD,IT,Information Technology,ACTIVE,FULL_TIME,1.0,2015-12-28,,101927.83,0.2514,TRUE,0.2046
E1E8FBDC7,NIG-200,200-120,D120,FC,US,USD,SUPPLY,Supply Chain & Warehouse,ACTIVE,FULL_TIME,1.0,2014-04-14,,57770.35,0.1799,FALSE,0.0
E25960222,NIG-200,200-410,D410,FC,US,USD,ADMIN,Administration,TERMINATED,FULL_TIME,1.0,2023-02-01,2023-08-31,57124.08,0.2352,FALSE,0.0
E52BC7A9A,NIG-200,200-105,D105,FC,US,USD,SUPPLY,Supply Chain & Warehouse,ACTIVE,FULL_TIME,1.0,2023-02-12,,48710.04,0.2688,FALSE,0.0
E7A90037B,NIG-200,200-110,D110,FC,US,USD,QUAL,Quality & HSE,TERMINATED,FULL_TIME,1.0,2023-02-09,2023-07-31,70048.83,0.1705,FALSE,0.0
E768E0A7E,NIG-200,200-115,D115,FC,US,USD,SUPPLY,Supply Chain & Warehouse,ACTIVE,FULL_TIME,1.0,2023-03-01,,76222.35,0.2349,FALSE,0.0
E3EE41DB8,NIG-200,200-100,D100,FC,US,USD,PROD,Production & Assembly,ACTIVE,FULL_TIME,1.0,2023-03-13,,74315.17,0.2198,FALSE,0.0
E78C0447E,NIG-200,200-500,D500,FC,US,USD,EXEC,Executive & Leadership,TERMINATED,FULL_TIME,1.0,2023-04-09,2024-12-31,183097.24,0.2047,TRUE,0.2036
E3DFD74C3,NIG-200,200-910,D910,FC,US,USD,SALES,Sales & Commercial,ACTIVE,FULL_TIME,1.0,2023-04-24,,101329.58,0.221,TRUE,0.1447
E1CA40275,NIG-200,200-510,D510,FC,US,USD,FIN,Finance,ACTIVE,FULL_TIME,1.0,2023-05-23,,86644.69,0.2568,TRUE,0.2015
E0ABCFC48,NIG-200,200-405,D405,FC,US,USD,HR,Human Resources,ACTIVE,FULL_TIME,1.0,2023-05-07,,69276.23,0.1696,FALSE,0.0
E92137638,NIG-200,200-500,D500,FC,US,USD,SALES,Sales & Commercial,ACTIVE,FULL_TIME,1.0,2023-06-24,,104911.06,0.19,TRUE,0.2929
EE82AB53E,NIG-200,200-505,D505,FC,US,USD,HR,Human Resources,ACTIVE,FULL_TIME,1.0,2023-06-14,,62012.55,0.1605,FALSE,0.0
EA038A8DF,NIG-200,200-120,D120,FC,US,USD,SUPPLY,Supply Chain & Warehouse,TERMINATED,FULL_TIME,1.0,2023-07-22,2026-02-28,73435.37,0.2291,FALSE,0.0
E00EE031E,NIG-200,200-400,D400,FC,US,USD,ADMIN,Administration,ACTIVE,FULL_TIME,1.0,2023-07-02,,55771.54,0.1668,FALSE,0.0
EF04B1334,NIG-200,200-910,D910,FC,US,USD,FIN,Finance,TERMINATED,FULL_TIME,1.0,2023-08-30,2025-05-31,97536.67,0.2659,TRUE,0.0775
ED8D00948,NIG-200,200-505,D505,FC,US,USD,SALES,Sales & Commercial,ACTIVE,FULL_TIME,1.0,2023-08-08,,98709.33,0.2088,TRUE,0.2398
E10394767,NIG-200,200-500,D500,FC,US,USD,SALES,Sales & Commercial,ACTIVE,FULL_TIME,1.0,2023-09-12,,123809.08,0.2255,TRUE,0.1374
E91E3B534,NIG-200,200-115,D115,FC,US,USD,QUAL,Quality & HSE,ACTIVE,FULL_TIME,1.0,2023-09-29,,60659.3,0.1797,FALSE,0.0
E91D289AA,NIG-200,200-520,D520,FC,US,USD,ADMIN,Administration,ACTIVE,FULL_TIME,1.0,2023-09-03,,54654.69,0.243,FALSE,0.0
EBDAC5F7F,NIG-200,200-910,D910,FC,US,USD,SALES,Sales & Commercial,TERMINATED,FULL_TIME,1.0,2023-10-03,2026-02-28,89314.74,0.2318,TRUE,0.0906
E5AC2A847,NIG-200,200-520,D520,FC,US,USD,SALES,Sales & Commercial,ACTIVE,FULL_TIME,1.0,2023-10-03,,107787.07,0.1645,TRUE,0.1053
EBAF0BA43,NIG-200,200-910,D910,FC,US,USD,SALES,Sales & Commercial,ACTIVE,FULL_TIME,1.0,2023-11-18,,121687.89,0.2486,TRUE,0.122
EC689AB4C,NIG-200,200-520,D520,FC,US,USD,ADMIN,Administration,TERMINATED,FULL_TIME,1.0,2023-11-28,2024-04-30,49375.74,0.2401,FALSE,0.0
E65B21B2A,NIG-200,200-405,D405,FC,US,USD,SALES,Sales & Commercial,ACTIVE,FULL_TIME,1.0,2023-12-31,,118851.93,0.1915,TRUE,0.1356
E80F8A849,NIG-200,200-410,D410,FC,US,USD,FIN,Finance,ACTIVE,FULL_TIME,1.0,2023-12-09,,111944.9,0.1648,TRUE,0.2535
E3FA1CA36,NIG-200,200-115,D115,FC,US,USD,QUAL,Quality & HSE,TERMINATED,FULL_TIME,1.0,2024-01-24,2026-05-31,78768.2,0.2304,FALSE,0.0
E26BE3AE4,NIG-200,200-100,D100,FC,US,USD,PROD,Production & Assembly,ACTIVE,FULL_TIME,1.0,2024-01-19,,43081.23,0.2106,FALSE,0.0
E652C01A4,NIG-200,200-110,D110,FC,US,USD,SUPPLY,Supply Chain & Warehouse,ACTIVE,FULL_TIME,1.0,2024-02-11,,64880.68,0.1602,FALSE,0.0
E917E5453,NIG-200,200-410,D410,FC,US,USD,FIN,Finance,ACTIVE,FULL_TIME,1.0,2024-02-22,,100674.9,0.2356,TRUE,0.0897
E8D6802AF,NIG-200,200-910,D910,FC,US,USD,ADMIN,Administration,ACTIVE,FULL_TIME,1.0,2024-03-16,,66060.36,0.2585,FALSE,0.0
ECC518C40,NIG-200,200-510,D510,FC,US,USD,FIN,Finance,ACTIVE,FULL_TIME,1.0,2024-03-13,,78743.35,0.1739,TRUE,0.3113
E2F3DA6D9,NIG-200,200-910,D910,FC,US,USD,HR,Human Resources,ACTIVE,FULL_TIME,1.0,2024-04-25,,65388.37,0.2114,FALSE,0.0
EB261B8D5,NIG-200,200-500,D500,FC,US,USD,EXEC,Executive & Leadership,ACTIVE,FULL_TIME,1.0,2024-04-29,,180784.9,0.2679,TRUE,0.3277
EEC1D72E7,NIG-200,200-500,D500,FC,US,USD,EXEC,Executive & Leadership,ACTIVE,FULL_TIME,1.0,2024-05-12,,120737.31,0.2593,TRUE,0.3117
E2114BE19,NIG-200,200-110,D110,FC,US,USD,SUPPLY,Supply Chain & Warehouse,ACTIVE,FULL_TIME,1.0,2024-05-16,,68517.14,0.2581,FALSE,0.0
E4B2C5600,NIG-200,200-110,D110,FC,US,USD,QUAL,Quality & HSE,ACTIVE,FULL_TIME,1.0,2024-06-26,,67397.01,0.1965,FALSE,0.0
E4911F67D,NIG-200,200-400,D400,FC,US,USD,EXEC,Executive & Leadership,ACTIVE,FULL_TIME,1.0,2024-06-05,,281981.17,0.2169,TRUE,0.2249
EA2A7E934,NIG-200,200-115,D115,FC,US,USD,QUAL,Quality & HSE,ACTIVE,FULL_TIME,1.0,2024-07-10,,69953.61,0.2184,FALSE,0.0
EEAD0025F,NIG-200,200-520,D520,FC,US,USD,ADMIN,Administration,ACTIVE,FULL_TIME,1.0,2024-07-11,,54102.81,0.2437,FALSE,0.0
EDC259A46,NIG-200,200-105,D105,FC,US,USD,SUPPLY,Supply Chain & Warehouse,TERMINATED,FULL_TIME,1.0,2024-08-26,2025-10-31,43384.89,0.231,FALSE,0.0
EA70A42DB,NIG-200,200-520,D520,FC,US,USD,HR,Human Resources,ACTIVE,FULL_TIME,1.0,2024-09-18,,93994.95,0.1897,FALSE,0.0
E5C7FD91D,NIG-200,200-120,D120,FC,US,USD,QUAL,Quality & HSE,ACTIVE,FULL_TIME,1.0,2024-09-19,,66048.59,0.1707,FALSE,0.0
EBD020E42,NIG-200,200-510,D510,FC,US,USD,FIN,Finance,ACTIVE,FULL_TIME,1.0,2024-10-07,,114250.37,0.2035,TRUE,0.2232
E3946B4D3,NIG-200,200-510,D510,FC,US,USD,FIN,Finance,TERMINATED,FULL_TIME,1.0,2024-10-11,2026-02-28,123424.46,0.1906,TRUE,0.1516
E9DEC3A8D,NIG-200,200-120,D120,FC,US,USD,QUAL,Quality & HSE,ACTIVE,FULL_TIME,1.0,2024-11-07,,79201.21,0.2604,FALSE,0.0
E17D2482B,NIG-200,200-500,D500,FC,US,USD,ADMIN,Administration,ACTIVE,FULL_TIME,1.0,2024-11-30,,60744.84,0.2519,FALSE,0.0
EEC41B74E,NIG-200,200-505,D505,FC,US,USD,EXEC,Executive & Leadership,ACTIVE,FULL_TIME,1.0,2024-12-14,,201980.95,0.1692,TRUE,0.1328
EAB58A525,NIG-200,200-505,D505,FC,US,USD,IT,Information Technology,ACTIVE,FULL_TIME,1.0,2024-12-31,,94431.18,0.1942,TRUE,0.1272
EC2024D4F,NIG-200,200-110,D110,FC,US,USD,QUAL,Quality & HSE,ACTIVE,FULL_TIME,1.0,2025-01-07,,60413.02,0.1746,FALSE,0.0
E2CB654E4,NIG-200,200-500,D500,FC,US,USD,EXEC,Executive & Leadership,ACTIVE,FULL_TIME,1.0,2025-02-04,,184263.44,0.1906,TRUE,0.2886
E9A852AA9,NIG-200,200-510,D510,FC,US,USD,IT,Information Technology,ACTIVE,PART_TIME,0.6,2025-02-22,,118358.24,0.2346,TRUE,0.1306
E17CF605A,NIG-200,200-100,D100,FC,US,USD,PROD,Production & Assembly,ACTIVE,FULL_TIME,1.0,2025-03-07,,61804.38,0.2179,FALSE,0.0
E56577CA2,NIG-200,200-120,D120,FC,US,USD,QUAL,Quality & HSE,ACTIVE,FULL_TIME,1.0,2025-04-02,,93771.83,0.2002,FALSE,0.0
E938A3499,NIG-200,200-405,D405,FC,US,USD,IT,Information Technology,ACTIVE,FULL_TIME,1.0,2025-05-18,,108928.67,0.1966,TRUE,0.2561
E8880149B,NIG-200,200-120,D120,FC,US,USD,SUPPLY,Supply Chain & Warehouse,ACTIVE,FULL_TIME,1.0,2025-06-10,,61051.75,0.2042,FALSE,0.0
EC1E8ECAD,NIG-200,200-405,D405,FC,US,USD,FIN,Finance,ACTIVE,FULL_TIME,1.0,2025-07-04,,110236.42,0.1848,TRUE,0.2592
EE2C3683E,NIG-200,200-405,D405,FC,US,USD,SALES,Sales & Commercial,ACTIVE,FULL_TIME,1.0,2025-08-23,,96890.21,0.2138,TRUE,0.0771
E7E70EB42,NIG-200,200-500,D500,FC,US,USD,IT,Information Technology,TERMINATED,FULL_TIME,1.0,2025-08-24,2025-08-31,109207.63,0.2015,TRUE,0.0958
EDEB6FEF7,NIG-200,200-410,D410,FC,US,USD,EXEC,Executive & Leadership,ACTIVE,FULL_TIME,1.0,2025-09-29,,162651.81,0.2059,TRUE,0.2248
EC17A7E00,NIG-200,200-120,D120,FC,US,USD,SUPPLY,Supply Chain & Warehouse,ACTIVE,FULL_TIME,1.0,2025-10-19,,54567.0,0.1711,FALSE,0.0
ECEC95F94,NIG-200,200-500,D500,FC,US,USD,HR,Human Resources,ACTIVE,FULL_TIME,1.0,2025-11-21,,91890.56,0.2548,FALSE,0.0
EA02EC351,NIG-200,200-410,D410,FC,US,USD,SALES,Sales & Commercial,ACTIVE,FULL_TIME,1.0,2025-12-09,,101591.61,0.2672,TRUE,0.208
E89E4B309,NIG-200,200-110,D110,FC,US,USD,SUPPLY,Supply Chain & Warehouse,ACTIVE,FULL_TIME,1.0,2025-01-12,,66049.94,0.1885,FALSE,0.0
E11585ADD,NIG-200,200-400,D400,FC,US,USD,SALES,Sales & Commercial,ACTIVE,FULL_TIME,1.0,2025-10-17,,110770.76,0.2101,TRUE,0.1995
E288C848B,NIG-200,200-500,D500,FC,US,USD,IT,Information Technology,ACTIVE,FULL_TIME,1.0,2025-08-07,,144903.63,0.1788,TRUE,0.2953
EF69FC4E2,NIG-200,200-100,D100,FC,US,USD,PROD,Production & Assembly,ACTIVE,FULL_TIME,1.0,2023-03-16,,57347.05,0.1797,FALSE,0.0
E7D627F64,NIG-200,200-910,D910,FC,US,USD,HR,Human Resources,ACTIVE,FULL_TIME,1.0,2024-04-06,,111546.29,0.2664,FALSE,0.0
E0091FA9F,NIG-200,200-100,D100,FC,US,USD,PROD,Production & Assembly,ACTIVE,FULL_TIME,1.0,2023-11-09,,62461.84,0.2507,FALSE,0.0
E95A81EB6,NIG-200,200-520,D520,FC,US,USD,EXEC,Executive & Leadership,ACTIVE,FULL_TIME,1.0,2025-02-14,,139050.03,0.1703,TRUE,0.3373
EB268C955,NIG-200,200-405,D405,FC,US,USD,IT,Information Technology,ACTIVE,FULL_TIME,1.0,2024-09-10,,85535.42,0.1631,TRUE,0.226
E673E3081,NIG-200,200-100,D100,FC,US,USD,PROD,Production & Assembly,ACTIVE,FULL_TIME,1.0,2026-03-07,,57634.92,0.1633,FALSE,0.0
E80E8E98C,NIG-200,200-520,D520,FC,US,USD,IT,Information Technology,ACTIVE,FULL_TIME,1.0,2025-12-12,,122148.29,0.2623,TRUE,0.2169
E29A47602,NIG-200,200-105,D105,FC,US,USD,QUAL,Quality & HSE,ACTIVE,FULL_TIME,1.0,2024-03-13,,71965.77,0.2093,FALSE,0.0
E4B7FD1A6,NIG-200,200-120,D120,FC,US,USD,QUAL,Quality & HSE,ACTIVE,FULL_TIME,1.0,2024-02-06,,86000.13,0.2235,FALSE,0.0
EF084FA49,NIG-200,200-520,D520,FC,US,USD,SALES,Sales & Commercial,ACTIVE,FULL_TIME,1.0,2024-05-14,,63473.69,0.1788,TRUE,0.145
EB36F9F82,NIG-200,200-115,D115,FC,US,USD,SUPPLY,Supply Chain & Warehouse,ACTIVE,FULL_TIME,1.0,2026-01-09,,77794.67,0.168,FALSE,0.0
EFB940823,NIG-200,200-520,D520,FC,US,USD,FIN,Finance,ACTIVE,FULL_TIME,1.0,2025-01-01,,108185.17,0.1916,TRUE,0.0536
E80A96397,NIG-200,200-910,D910,FC,US,USD,IT,Information Technology,ACTIVE,FULL_TIME,1.0,2023-10-15,,122807.98,0.2044,TRUE,0.2642
ECA2B7C20,NIG-200,200-910,D910,FC,US,USD,ADMIN,Administration,ACTIVE,FULL_TIME,1.0,2025-11-03,,47778.8,0.2207,FALSE,0.0
E2758D5F9,NIG-200,200-115,D115,FC,US,USD,SUPPLY,Supply Chain & Warehouse,ACTIVE,FULL_TIME,1.0,2024-11-09,,76875.5,0.1683,FALSE,0.0
E7910B9B6,NIG-200,200-115,D115,FC,US,USD,QUAL,Quality & HSE,ACTIVE,FULL_TIME,1.0,2025-03-15,,65353.84,0.2576,FALSE,0.0
E0E88069B,NIG-200,200-520,D520,FC,US,USD,FIN,Finance,ACTIVE,FULL_TIME,1.0,2026-07-03,,91096.23,0.1778,TRUE,0.1409
E6CBBC28F,NIG-200,200-405,D405,FC,US,USD,SALES,Sales & Commercial,ACTIVE,FULL_TIME,1.0,2026-02-19,,119950.43,0.2329,TRUE,0.0955
E93257DCE,NIG-200,200-410,D410,FC,US,USD,FIN,Finance,ACTIVE,FULL_TIME,1.0,2024-01-19,,92476.79,0.1775,TRUE,0.1329
E65C3B0A5,NIG-200,200-520,D520,FC,US,USD,SALES,Sales & Commercial,ACTIVE,FULL_TIME,1.0,2023-04-12,,90834.45,0.19,TRUE,0.0775
E4022E64D,NIG-200,200-120,D120,FC,US,USD,SUPPLY,Supply Chain & Warehouse,ACTIVE,FULL_TIME,1.0,2025-01-11,,68828.91,0.1703,FALSE,0.0
E04085131,NIG-200,200-110,D110,FC,US,USD,SUPPLY,Supply Chain & Warehouse,ACTIVE,FULL_TIME,1.0,2025-12-16,,70466.66,0.1894,FALSE,0.0
E34ACBDF9,NIG-200,200-405,D405,FC,US,USD,ADMIN,Administration,ACTIVE,FULL_TIME,1.0,2025-12-18,,56326.43,0.2038,FALSE,0.0
EC62C9A5E,NIG-200,200-110,D110,FC,US,USD,QUAL,Quality & HSE,ACTIVE,FULL_TIME,1.0,2024-11-09,,87256.4,0.2029,FALSE,0.0
E885C9242,NIG-200,200-410,D410,FC,US,USD,IT,Information Technology,ACTIVE,PART_TIME,0.8,2024-04-02,,113024.51,0.2063,TRUE,0.1581
EC494E8EA,NIG-200,200-410,D410,FC,US,USD,IT,Information Technology,ACTIVE,FULL_TIME,1.0,2024-01-09,,114963.85,0.2472,TRUE,0.3391
E9532BC43,NIG-200,200-500,D500,FC,US,USD,SALES,Sales & Commercial,ACTIVE,FULL_TIME,1.0,2025-12-15,,114764.95,0.218,TRUE,0.2277
E94F4AF4D,NIG-200,200-500,D500,FC,US,USD,FIN,Finance,ACTIVE,FULL_TIME,1.0,2026-06-17,,109093.13,0.1934,TRUE,0.3328
E1287330A,NIG-200,200-120,D120,FC,US,USD,QUAL,Quality & HSE,ACTIVE,FULL_TIME,1.0,2025-08-05,,86815.9,0.2008,FALSE,0.0
E98D030F2,NIG-200,200-115,D115,FC,US,USD,SUPPLY,Supply Chain & Warehouse,ACTIVE,FULL_TIME,1.0,2025-02-13,,55650.32,0.2226,FALSE,0.0
EEEED4BB6,NIG-200,200-520,D520,FC,US,USD,FIN,Finance,ACTIVE,FULL_TIME,1.0,2024-07-11,,70127.5,0.2348,TRUE,0.2281
E6B5D0D8C,NIG-200,200-400,D400,FC,US,USD,SALES,Sales & Commercial,ACTIVE,FULL_TIME,1.0,2024-06-01,,97984.6,0.1737,TRUE,0.0569
EDFB08073,NIG-200,200-120,D120,FC,US,USD,SUPPLY,Supply Chain & Warehouse,ACTIVE,FULL_TIME,1.0,2024-06-13,,59458.81,0.1601,FALSE,0.0
E4CEFF4D6,NIG-200,200-110,D110,FC,US,USD,SUPPLY,Supply Chain & Warehouse,ACTIVE,FULL_TIME,1.0,2026-03-07,,73142.72,0.2085,FALSE,0.0
E6FE36589,NIG-200,200-405,D405,FC,US,USD,FIN,Finance,ACTIVE,FULL_TIME,1.0,2025-11-06,,86400.93,0.2595,TRUE,0.2674
E250A36FF,NIG-200,200-510,D510,FC,US,USD,IT,Information Technology,ACTIVE,FULL_TIME,1.0,2023-02-02,,81209.94,0.2073,TRUE,0.2318
EAE1246EF,NIG-200,200-400,D400,FC,US,USD,HR,Human Resources,ACTIVE,FULL_TIME,1.0,2025-12-09,,66626.36,0.1779,FALSE,0.0
E8C238305,NIG-200,200-115,D115,FC,US,USD,SUPPLY,Supply Chain & Warehouse,ACTIVE,FULL_TIME,1.0,2025-09-05,,76774.27,0.1662,FALSE,0.0
E1245E89A,NIG-200,200-105,D105,FC,US,USD,QUAL,Quality & HSE,ACTIVE,FULL_TIME,1.0,2026-07-13,,88846.01,0.2117,FALSE,0.0
EE8215E02,NIG-200,200-910,D910,FC,US,USD,ADMIN,Administration,ACTIVE,FULL_TIME,1.0,2023-10-14,,69251.71,0.1734,FALSE,0.0
E26D66A57,NIG-200,200-400,D400,FC,US,USD,IT,Information Technology,ACTIVE,FULL_TIME,1.0,2026-03-01,,98432.89,0.1902,TRUE,0.1835
ED72A510E,NIG-200,200-120,D120,FC,US,USD,SUPPLY,Supply Chain & Warehouse,ACTIVE,FULL_TIME,1.0,2024-08-12,,64932.97,0.191,FALSE,0.0
EC2CF653F,NIG-200,200-500,D500,FC,US,USD,SALES,Sales & Commercial,ACTIVE,FULL_TIME,1.0,2025-03-02,,111190.33,0.2057,TRUE,0.328
E455CD218,NIG-200,200-110,D110,FC,US,USD,SUPPLY,Supply Chain & Warehouse,ACTIVE,FULL_TIME,1.0,2023-12-19,,52855.38,0.2616,FALSE,0.0
E893A9970,NIG-200,200-500,D500,FC,US,USD,FIN,Finance,ACTIVE,FULL_TIME,1.0,2023-06-14,,114217.06,0.1619,TRUE,0.3368
E466B49A0,NIG-200,200-100,D100,FC,US,USD,PROD,Production & Assembly,ACTIVE,FULL_TIME,1.0,2026-04-01,,67435.9,0.1623,FALSE,0.0
E4F6B2C1A,NIG-200,200-110,D110,FC,US,USD,SUPPLY,Supply Chain & Warehouse,ACTIVE,FULL_TIME,1.0,2026-03-15,,68720.69,0.2132,FALSE,0.0
E6577074A,NIG-200,200-400,D400,FC,US,USD,EXEC,Executive & Leadership,ACTIVE,FULL_TIME,1.0,2026-01-04,,262688.14,0.2543,TRUE,0.3054
E957A5634,NIG-200,200-105,D105,FC,US,USD,QUAL,Quality & HSE,ACTIVE,FULL_TIME,1.0,2025-03-16,,96966.46,0.2391,FALSE,0.0
E9AEC6FBB,NIG-200,200-405,D405,FC,US,USD,EXEC,Executive & Leadership,ACTIVE,FULL_TIME,1.0,2024-05-04,,229233.63,0.2571,TRUE,0.1352
EF5F9FE69,NIG-200,200-100,D100,FC,US,USD,PROD,Production & Assembly,ACTIVE,FULL_TIME,1.0,2025-08-06,,89000.36,0.2272,FALSE,0.0
EA6BD6F9D,NIG-200,200-500,D500,FC,US,USD,SALES,Sales & Commercial,ACTIVE,FULL_TIME,1.0,2024-01-09,,82706.19,0.2129,TRUE,0.0942
E8AC2FCAD,NIG-200,200-910,D910,FC,US,USD,FIN,Finance,ACTIVE,FULL_TIME,1.0,2026-03-15,,71219.97,0.1882,TRUE,0.2289
E2511D252,NIG-200,200-505,D505,FC,US,USD,EXEC,Executive & Leadership,ACTIVE,FULL_TIME,1.0,2025-03-17,,196204.04,0.2273,TRUE,0.3473
E2A49ECAA,NIG-200,200-110,D110,FC,US,USD,SUPPLY,Supply Chain & Warehouse,ACTIVE,FULL_TIME,1.0,2025-06-16,,53739.16,0.2324,FALSE,0.0
E6C964D5C,NIG-200,200-400,D400,FC,US,USD,IT,Information Technology,ACTIVE,FULL_TIME,1.0,2024-03-20,,58596.31,0.2518,TRUE,0.1942
EDE7981E3,NIG-200,200-105,D105,FC,US,USD,QUAL,Quality & HSE,ACTIVE,FULL_TIME,1.0,2023-04-03,,71909.36,0.26,FALSE,0.0
EDB8348A9,NIG-200,200-510,D510,FC,US,USD,FIN,Finance,ACTIVE,FULL_TIME,1.0,2026-07-13,,65589.59,0.255,TRUE,0.2117
E730CD3AF,NIG-200,200-410,D410,FC,US,USD,HR,Human Resources,ACTIVE,FULL_TIME,1.0,2023-06-06,,109550.16,0.1943,FALSE,0.0
E6B3228A6,NIG-200,200-410,D410,FC,US,USD,HR,Human Resources,ACTIVE,FULL_TIME,1.0,2025-05-08,,110490.48,0.2045,FALSE,0.0
E6521F6AA,NIG-200,200-520,D520,FC,US,USD,ADMIN,Administration,ACTIVE,FULL_TIME,1.0,2025-02-01,,70194.76,0.248,FALSE,0.0
EE378A25E,NIG-200,200-510,D510,FC,US,USD,HR,Human Resources,ACTIVE,FULL_TIME,1.0,2025-06-11,,75966.9,0.1774,FALSE,0.0
E53135127,NIG-200,200-505,D505,FC,US,USD,HR,Human Resources,ACTIVE,FULL_TIME,1.0,2025-08-19,,87996.28,0.2478,FALSE,0.0
EE7A24A4D,NIG-200,200-510,D510,FC,US,USD,EXEC,Executive & Leadership,ACTIVE,FULL_TIME,1.0,2023-04-05,,207974.07,0.1762,TRUE,0.265
E3F09527D,NIG-200,200-510,D510,FC,US,USD,EXEC,Executive & Leadership,ACTIVE,FULL_TIME,1.0,2026-05-01,,208196.51,0.1857,TRUE,0.1225
EA7C05F18,NIG-200,200-100,D100,FC,US,USD,PROD,Production & Assembly,ACTIVE,FULL_TIME,1.0,2023-06-09,,65919.3,0.2509,FALSE,0.0
E4544AD0B,NIG-200,200-400,D400,FC,US,USD,HR,Human Resources,ACTIVE,FULL_TIME,1.0,2023-09-09,,84178.87,0.2089,FALSE,0.0
EDDBB1217,NIG-200,200-110,D110,FC,US,USD,SUPPLY,Supply Chain & Warehouse,ACTIVE,FULL_TIME,1.0,2025-01-14,,47067.95,0.172,FALSE,0.0
E7AB7BA1E,NIG-200,200-400,D400,FC,US,USD,HR,Human Resources,ACTIVE,FULL_TIME,1.0,2026-03-06,,87673.05,0.1966,FALSE,0.0
E7D5DDD9E,NIG-200,200-100,D100,FC,US,USD,PROD,Production & Assembly,ACTIVE,FULL_TIME,1.0,2025-11-17,,59958.8,0.2135,FALSE,0.0
EBEFED1BF,NIG-200,200-405,D405,FC,US,USD,SALES,Sales & Commercial,ACTIVE,FULL_TIME,1.0,2023-02-08,,112721.59,0.1923,TRUE,0.1039
E979AD40A,NIG-200,200-500,D500,FC,US,USD,IT,Information Technology,ACTIVE,FULL_TIME,1.0,2025-10-09,,108296.81,0.2015,TRUE,0.1256
E8C634DB2,NIG-200,200-400,D400,FC,US,USD,ADMIN,Administration,ACTIVE,FULL_TIME,1.0,2023-04-03,,48241.19,0.2479,FALSE,0.0
EC8B897EE,NIG-200,200-505,D505,FC,US,USD,SALES,Sales & Commercial,ACTIVE,FULL_TIME,1.0,2026-02-05,,93663.4,0.2042,TRUE,0.0875
E9C87AC44,NIG-200,200-505,D505,FC,US,USD,FIN,Finance,ACTIVE,PART_TIME,0.8,2026-06-02,,92018.27,0.2085,TRUE,0.197
E57E6FD58,NIG-200,200-410,D410,FC,US,USD,SALES,Sales & Commercial,ACTIVE,FULL_TIME,1.0,2026-06-20,,98527.53,0.2315,TRUE,0.2864
EBD72CF18,NIG-200,200-115,D115,FC,US,USD,SUPPLY,Supply Chain & Warehouse,ACTIVE,FULL_TIME,1.0,2023-12-13,,54254.29,0.2093,FALSE,0.0
ED5C4F909,NIG-200,200-520,D520,FC,US,USD,ADMIN,Administration,ACTIVE,FULL_TIME,1.0,2023-02-02,,53325.72,0.2688,FALSE,0.0
EDEC99EBA,NIG-200,200-405,D405,FC,US,USD,SALES,Sales & Commercial,ACTIVE,FULL_TIME,1.0,2026-04-13,,97810.24,0.1832,TRUE,0.1163
ED89BD7B4,NIG-200,200-510,D510,FC,US,USD,FIN,Finance,ACTIVE,FULL_TIME,1.0,2023-12-10,,71974.06,0.1931,TRUE,0.2747
E28A27224,NIG-200,200-510,D510,FC,US,USD,ADMIN,Administration,ACTIVE,FULL_TIME,1.0,2023-07-14,,61597.86,0.2563,FALSE,0.0
EBC582279,NIG-200,200-410,D410,FC,US,USD,EXEC,Executive & Leadership,ACTIVE,PART_TIME,0.5,2024-01-11,,173887.11,0.2044,TRUE,0.268
ED1A293B3,NIG-200,200-100,D100,FC,US,USD,PROD,Production & Assembly,ACTIVE,FULL_TIME,1.0,2023-04-03,,67250.03,0.183,FALSE,0.0
EA2E09C0B,NIG-200,200-115,D115,FC,US,USD,SUPPLY,Supply Chain & Warehouse,ACTIVE,FULL_TIME,1.0,2023-06-06,,69972.18,0.1753,FALSE,0.0
E6FDB3919,NIG-200,200-400,D400,FC,US,USD,ADMIN,Administration,ACTIVE,FULL_TIME,1.0,2024-07-19,,44447.04,0.2006,FALSE,0.0
E46BCB14D,NIG-200,200-410,D410,FC,US,USD,EXEC,Executive & Leadership,ACTIVE,FULL_TIME,1.0,2024-11-11,,199490.15,0.269,TRUE,0.3363
E3BC8CA76,NIG-200,200-520,D520,FC,US,USD,ADMIN,Administration,ACTIVE,FULL_TIME,1.0,2023-07-02,,60020.82,0.1828,FALSE,0.0
ED3E4BA0C,NIG-200,200-520,D520,FC,US,USD,IT,Information Technology,ACTIVE,FULL_TIME,1.0,2024-01-08,,115228.62,0.2364,TRUE,0.2484
E9C230FAC,NIG-200,200-120,D120,FC,US,USD,SUPPLY,Supply Chain & Warehouse,ACTIVE,FULL_TIME,1.0,2023-08-10,,57646.8,0.1725,FALSE,0.0
E315A20DF,NIG-200,200-120,D120,FC,US,USD,QUAL,Quality & HSE,ACTIVE,FULL_TIME,1.0,2025-01-02,,88207.8,0.2186,FALSE,0.0
E0EDF0795,NIG-200,200-910,D910,FC,US,USD,EXEC,Executive & Leadership,ACTIVE,FULL_TIME,1.0,2023-04-18,,187851.72,0.2465,TRUE,0.0611
EEC4405B4,NIG-210,210-910,D910,FC,CA,CAD,ADMIN,Administration,ACTIVE,PART_TIME,0.8,2012-04-17,,50201.09,0.2103,FALSE,0.0
E60FDD7AC,NIG-210,210-510,D510,FC,CA,CAD,SALES,Sales & Commercial,TERMINATED,FULL_TIME,1.0,2013-07-15,2023-01-31,82958.17,0.2228,TRUE,0.0973
E69688147,NIG-210,210-400,D400,FC,CA,CAD,EXEC,Executive & Leadership,ACTIVE,FULL_TIME,1.0,2017-02-13,,187897.79,0.2107,TRUE,0.182
E6C57C546,NIG-210,210-910,D910,FC,CA,CAD,FIN,Finance,ACTIVE,FULL_TIME,1.0,2016-09-03,,73297.08,0.2344,TRUE,0.0684
EBA164BAA,NIG-210,210-405,D405,FC,CA,CAD,ADMIN,Administration,ACTIVE,FULL_TIME,1.0,2013-03-21,,48237.15,0.2362,FALSE,0.0
E4DD3EC96,NIG-210,210-405,D405,FC,CA,CAD,IT,Information Technology,ACTIVE,FULL_TIME,1.0,2011-10-10,,90539.19,0.2274,TRUE,0.3048
E3DEB9E79,NIG-210,210-910,D910,FC,CA,CAD,EXEC,Executive & Leadership,ACTIVE,FULL_TIME,1.0,2011-10-28,,175588.57,0.1864,TRUE,0.3102
E1071FCAA,NIG-210,210-520,D520,FC,CA,CAD,SALES,Sales & Commercial,ACTIVE,FULL_TIME,1.0,2014-12-21,,97988.31,0.2555,TRUE,0.2343
EB2DF57BA,NIG-210,210-510,D510,FC,CA,CAD,IT,Information Technology,ACTIVE,FULL_TIME,1.0,2012-04-17,,97461.85,0.2167,TRUE,0.0647
E3D014544,NIG-210,210-510,D510,FC,CA,CAD,ADMIN,Administration,ACTIVE,FULL_TIME,1.0,2018-05-15,,36638.92,0.233,FALSE,0.0
EEFBC0E54,NIG-210,210-410,D410,FC,CA,CAD,IT,Information Technology,ACTIVE,FULL_TIME,1.0,2012-02-13,,100079.4,0.2656,TRUE,0.1539
E86E9DCAF,NIG-210,210-500,D500,FC,CA,CAD,FIN,Finance,ACTIVE,PART_TIME,0.5,2016-03-06,,83997.35,0.2439,TRUE,0.1336
E19A7E5CB,NIG-210,210-120,D120,FC,CA,CAD,QUAL,Quality & HSE,ACTIVE,FULL_TIME,1.0,2018-06-06,,61646.42,0.2229,FALSE,0.0
EAA59CCBA,NIG-210,210-505,D505,FC,CA,CAD,IT,Information Technology,ACTIVE,FULL_TIME,1.0,2011-05-22,,120168.54,0.167,TRUE,0.1652
E8C42E5B1,NIG-210,210-120,D120,FC,CA,CAD,SUPPLY,Supply Chain & Warehouse,ACTIVE,FULL_TIME,1.0,2011-01-31,,45173.55,0.2652,FALSE,0.0
E04EA9C1B,NIG-210,210-105,D105,FC,CA,CAD,QUAL,Quality & HSE,ACTIVE,FULL_TIME,1.0,2015-09-08,,47880.66,0.2402,FALSE,0.0
ED164CB84,NIG-210,210-410,D410,FC,CA,CAD,FIN,Finance,ACTIVE,FULL_TIME,1.0,2013-08-23,,75969.29,0.2173,TRUE,0.2199
EDB9B3CE3,NIG-210,210-100,D100,FC,CA,CAD,PROD,Production & Assembly,ACTIVE,FULL_TIME,1.0,2014-05-08,,58421.57,0.2325,FALSE,0.0
E50766362,NIG-210,210-120,D120,FC,CA,CAD,SUPPLY,Supply Chain & Warehouse,ACTIVE,FULL_TIME,1.0,2011-11-20,,67260.01,0.2582,FALSE,0.0
E1BAA654C,NIG-210,210-115,D115,FC,CA,CAD,QUAL,Quality & HSE,TERMINATED,FULL_TIME,1.0,2017-12-04,2025-07-31,66028.43,0.2644,FALSE,0.0
E1BA28351,NIG-210,210-100,D100,FC,CA,CAD,PROD,Production & Assembly,TERMINATED,FULL_TIME,1.0,2017-02-17,2023-03-31,48982.03,0.2007,FALSE,0.0
E4C09329D,NIG-210,210-405,D405,FC,CA,CAD,IT,Information Technology,ACTIVE,FULL_TIME,1.0,2017-09-04,,94116.23,0.2566,TRUE,0.2713
E59437B3A,NIG-210,210-510,D510,FC,CA,CAD,ADMIN,Administration,ACTIVE,FULL_TIME,1.0,2015-01-31,,35623.19,0.1685,FALSE,0.0
EB591443A,NIG-210,210-100,D100,FC,CA,CAD,PROD,Production & Assembly,TERMINATED,FULL_TIME,1.0,2018-05-30,2025-05-31,56364.2,0.1814,FALSE,0.0
E2F3656F4,NIG-210,210-120,D120,FC,CA,CAD,QUAL,Quality & HSE,ACTIVE,FULL_TIME,1.0,2015-08-17,,70325.82,0.269,FALSE,0.0
E00F1E5A5,NIG-210,210-510,D510,FC,CA,CAD,HR,Human Resources,ACTIVE,FULL_TIME,1.0,2015-03-19,,81557.95,0.2482,FALSE,0.0
E595DACCB,NIG-210,210-110,D110,FC,CA,CAD,SUPPLY,Supply Chain & Warehouse,ACTIVE,FULL_TIME,1.0,2012-04-14,,66766.85,0.1728,FALSE,0.0
ED8D5B9C2,NIG-210,210-500,D500,FC,CA,CAD,IT,Information Technology,ACTIVE,FULL_TIME,1.0,2012-05-14,,51304.0,0.167,TRUE,0.3212
E235501CB,NIG-210,210-120,D120,FC,CA,CAD,SUPPLY,Supply Chain & Warehouse,ACTIVE,FULL_TIME,1.0,2014-02-05,,57982.8,0.1894,FALSE,0.0
EDD8F6A5D,NIG-210,210-505,D505,FC,CA,CAD,FIN,Finance,ACTIVE,FULL_TIME,1.0,2015-04-23,,83260.18,0.2071,TRUE,0.1499
E378C85F5,NIG-210,210-500,D500,FC,CA,CAD,ADMIN,Administration,ACTIVE,FULL_TIME,1.0,2014-03-29,,52394.92,0.1961,FALSE,0.0
EDAAE3411,NIG-210,210-100,D100,FC,CA,CAD,PROD,Production & Assembly,ACTIVE,FULL_TIME,1.0,2015-09-11,,53771.6,0.214,FALSE,0.0
E93A151FF,NIG-210,210-100,D100,FC,CA,CAD,PROD,Production & Assembly,ACTIVE,FULL_TIME,1.0,2016-03-22,,61266.76,0.1931,FALSE,0.0
E4B1D1828,NIG-210,210-115,D115,FC,CA,CAD,SUPPLY,Supply Chain & Warehouse,ACTIVE,FULL_TIME,1.0,2013-05-09,,59329.79,0.2172,FALSE,0.0
E5A9D1DEC,NIG-210,210-110,D110,FC,CA,CAD,QUAL,Quality & HSE,ACTIVE,FULL_TIME,1.0,2015-11-24,,70528.42,0.1837,FALSE,0.0
E46902BA2,NIG-210,210-505,D505,FC,CA,CAD,FIN,Finance,ACTIVE,FULL_TIME,1.0,2012-06-01,,86102.29,0.2318,TRUE,0.0699
E2EED503E,NIG-210,210-500,D500,FC,CA,CAD,HR,Human Resources,ACTIVE,PART_TIME,0.6,2015-05-19,,66299.36,0.202,FALSE,0.0
EE95F1DC0,NIG-210,210-105,D105,FC,CA,CAD,SUPPLY,Supply Chain & Warehouse,ACTIVE,FULL_TIME,1.0,2016-08-08,,49833.83,0.2606,FALSE,0.0
EECF6D88C,NIG-210,210-400,D400,FC,CA,CAD,HR,Human Resources,ACTIVE,FULL_TIME,1.0,2013-07-31,,53910.32,0.1959,FALSE,0.0
EA1965F21,NIG-210,210-405,D405,FC,CA,CAD,ADMIN,Administration,ACTIVE,FULL_TIME,1.0,2011-08-19,,55768.15,0.1825,FALSE,0.0
EDAA70003,NIG-210,210-510,D510,FC,CA,CAD,FIN,Finance,TERMINATED,FULL_TIME,1.0,2010-11-29,2023-09-30,102685.54,0.2423,TRUE,0.0971
E6CD057D6,NIG-210,210-500,D500,FC,CA,CAD,IT,Information Technology,ACTIVE,FULL_TIME,1.0,2013-05-07,,113213.73,0.2218,TRUE,0.136
E7D6DFD0F,NIG-210,210-505,D505,FC,CA,CAD,EXEC,Executive & Leadership,ACTIVE,FULL_TIME,1.0,2015-09-15,,175150.36,0.2519,TRUE,0.2868
E74B217C5,NIG-210,210-505,D505,FC,CA,CAD,FIN,Finance,ACTIVE,FULL_TIME,1.0,2014-09-03,,109999.79,0.2219,TRUE,0.3036
E2E393DF2,NIG-210,210-120,D120,FC,CA,CAD,SUPPLY,Supply Chain & Warehouse,ACTIVE,FULL_TIME,1.0,2013-11-17,,52941.4,0.2599,FALSE,0.0
E5B3209AB,NIG-210,210-410,D410,FC,CA,CAD,SALES,Sales & Commercial,ACTIVE,FULL_TIME,1.0,2011-11-23,,71837.69,0.2277,TRUE,0.2857
EDBAE6D68,NIG-210,210-405,D405,FC,CA,CAD,SALES,Sales & Commercial,TERMINATED,FULL_TIME,1.0,2016-05-15,2025-02-28,92370.6,0.1888,TRUE,0.1443
E82F70C33,NIG-210,210-510,D510,FC,CA,CAD,ADMIN,Administration,ACTIVE,FULL_TIME,1.0,2016-09-18,,45088.72,0.1763,FALSE,0.0
E04B6E39A,NIG-210,210-505,D505,FC,CA,CAD,EXEC,Executive & Leadership,ACTIVE,FULL_TIME,1.0,2016-04-04,,171202.94,0.2291,TRUE,0.0709
E994C0A9D,NIG-210,210-405,D405,FC,CA,CAD,ADMIN,Administration,ACTIVE,FULL_TIME,1.0,2016-08-13,,53752.84,0.201,FALSE,0.0
E22CD9EF2,NIG-210,210-110,D110,FC,CA,CAD,QUAL,Quality & HSE,TERMINATED,FULL_TIME,1.0,2013-07-14,2024-12-31,45755.63,0.2127,FALSE,0.0
E984C3FF9,NIG-210,210-520,D520,FC,CA,CAD,IT,Information Technology,TERMINATED,FULL_TIME,1.0,2016-04-24,2023-08-31,90736.64,0.2273,TRUE,0.2139
E928CCB42,NIG-210,210-505,D505,FC,CA,CAD,FIN,Finance,ACTIVE,FULL_TIME,1.0,2018-01-03,,65394.05,0.1877,TRUE,0.3432
EFEBF37A9,NIG-210,210-400,D400,FC,CA,CAD,EXEC,Executive & Leadership,TERMINATED,FULL_TIME,1.0,2016-12-17,2024-09-30,188440.84,0.2157,TRUE,0.1777
E3598B222,NIG-210,210-405,D405,FC,CA,CAD,EXEC,Executive & Leadership,ACTIVE,FULL_TIME,1.0,2012-09-14,,243000.45,0.1824,TRUE,0.0513
E73D37137,NIG-210,210-105,D105,FC,CA,CAD,QUAL,Quality & HSE,TERMINATED,FULL_TIME,1.0,2015-09-01,2025-04-30,78472.7,0.2317,FALSE,0.0
E9A8765EC,NIG-210,210-520,D520,FC,CA,CAD,SALES,Sales & Commercial,ACTIVE,PART_TIME,0.8,2017-08-22,,83786.99,0.2071,TRUE,0.2548
E68D9BED4,NIG-210,210-100,D100,FC,CA,CAD,PROD,Production & Assembly,ACTIVE,FULL_TIME,1.0,2011-03-17,,52084.53,0.2375,FALSE,0.0
EF6409061,NIG-210,210-500,D500,FC,CA,CAD,FIN,Finance,ACTIVE,FULL_TIME,1.0,2013-07-03,,117123.88,0.1863,TRUE,0.2991
ED8920137,NIG-210,210-500,D500,FC,CA,CAD,IT,Information Technology,ACTIVE,FULL_TIME,1.0,2012-05-05,,94843.01,0.1611,TRUE,0.0507
EDC8A6962,NIG-210,210-405,D405,FC,CA,CAD,HR,Human Resources,ACTIVE,FULL_TIME,1.0,2011-04-27,,75303.11,0.2164,FALSE,0.0
E0C6E4A4B,NIG-210,210-500,D500,FC,CA,CAD,ADMIN,Administration,ACTIVE,FULL_TIME,1.0,2011-06-29,,68868.95,0.2494,FALSE,0.0
EF8F7A3A4,NIG-210,210-500,D500,FC,CA,CAD,FIN,Finance,ACTIVE,FULL_TIME,1.0,2015-11-11,,88540.9,0.2685,TRUE,0.1042
E637E13EA,NIG-210,210-520,D520,FC,CA,CAD,SALES,Sales & Commercial,ACTIVE,FULL_TIME,1.0,2015-11-17,,94072.47,0.2498,TRUE,0.1795
E165B305D,NIG-210,210-400,D400,FC,CA,CAD,EXEC,Executive & Leadership,TERMINATED,FULL_TIME,1.0,2014-08-29,2024-03-31,224790.62,0.1947,TRUE,0.1422
EFE059EBD,NIG-210,210-405,D405,FC,CA,CAD,IT,Information Technology,TERMINATED,FULL_TIME,1.0,2016-08-04,2026-01-31,109501.57,0.2601,TRUE,0.3229
E8B44DFE3,NIG-210,210-510,D510,FC,CA,CAD,SALES,Sales & Commercial,ACTIVE,FULL_TIME,1.0,2013-09-25,,80721.79,0.1956,TRUE,0.3459
EB8C4139C,NIG-210,210-910,D910,FC,CA,CAD,ADMIN,Administration,TERMINATED,FULL_TIME,1.0,2018-02-03,2023-09-30,60490.3,0.2562,FALSE,0.0
EBB4ED425,NIG-210,210-500,D500,FC,CA,CAD,IT,Information Technology,ACTIVE,FULL_TIME,1.0,2015-04-02,,76574.46,0.1705,TRUE,0.074
E2633E337,NIG-210,210-120,D120,FC,CA,CAD,SUPPLY,Supply Chain & Warehouse,ACTIVE,FULL_TIME,1.0,2011-09-05,,44837.22,0.2488,FALSE,0.0
E70E920A2,NIG-210,210-400,D400,FC,CA,CAD,SALES,Sales & Commercial,ACTIVE,FULL_TIME,1.0,2016-10-31,,101001.54,0.1617,TRUE,0.3178
EAA96911E,NIG-210,210-110,D110,FC,CA,CAD,SUPPLY,Supply Chain & Warehouse,ACTIVE,FULL_TIME,1.0,2012-02-10,,41857.52,0.2684,FALSE,0.0
E2338FFEC,NIG-210,210-405,D405,FC,CA,CAD,IT,Information Technology,TERMINATED,FULL_TIME,1.0,2017-11-28,2023-11-30,77006.51,0.2353,TRUE,0.19
EE025BB21,NIG-210,210-910,D910,FC,CA,CAD,ADMIN,Administration,ACTIVE,FULL_TIME,1.0,2017-04-19,,34596.02,0.2215,FALSE,0.0
E428B9314,NIG-210,210-405,D405,FC,CA,CAD,EXEC,Executive & Leadership,ACTIVE,FULL_TIME,1.0,2011-03-27,,184797.8,0.2147,TRUE,0.3467
E2A367646,NIG-210,210-120,D120,FC,CA,CAD,SUPPLY,Supply Chain & Warehouse,TERMINATED,FULL_TIME,1.0,2012-12-06,2024-09-30,35258.0,0.2391,FALSE,0.0
EE2E98F2A,NIG-210,210-110,D110,FC,CA,CAD,QUAL,Quality & HSE,ACTIVE,FULL_TIME,1.0,2016-02-06,,65080.77,0.2496,FALSE,0.0
E3096ACDE,NIG-210,210-405,D405,FC,CA,CAD,FIN,Finance,ACTIVE,FULL_TIME,1.0,2013-10-26,,76747.4,0.2656,TRUE,0.271
E8F1B691E,NIG-210,210-520,D520,FC,CA,CAD,SALES,Sales & Commercial,ACTIVE,FULL_TIME,1.0,2011-03-26,,84793.74,0.177,TRUE,0.1432
EADB509B3,NIG-210,210-100,D100,FC,CA,CAD,PROD,Production & Assembly,ACTIVE,FULL_TIME,1.0,2011-02-12,,46174.29,0.1831,FALSE,0.0
EDBCD2DA3,NIG-210,210-120,D120,FC,CA,CAD,SUPPLY,Supply Chain & Warehouse,ACTIVE,FULL_TIME,1.0,2011-02-02,,45722.36,0.2048,FALSE,0.0
EEE351C9E,NIG-210,210-510,D510,FC,CA,CAD,EXEC,Executive & Leadership,ACTIVE,FULL_TIME,1.0,2016-03-02,,166718.21,0.2691,TRUE,0.0926
EA555B84F,NIG-210,210-505,D505,FC,CA,CAD,FIN,Finance,ACTIVE,FULL_TIME,1.0,2014-04-20,,76821.93,0.2028,TRUE,0.0576
E68421152,NIG-210,210-105,D105,FC,CA,CAD,QUAL,Quality & HSE,ACTIVE,FULL_TIME,1.0,2013-11-02,,58792.74,0.1618,FALSE,0.0
EF20D11C2,NIG-210,210-100,D100,FC,CA,CAD,PROD,Production & Assembly,ACTIVE,FULL_TIME,1.0,2018-01-23,,56259.25,0.1601,FALSE,0.0
E12443164,NIG-210,210-400,D400,FC,CA,CAD,ADMIN,Administration,ACTIVE,FULL_TIME,1.0,2017-01-08,,71796.8,0.2053,FALSE,0.0
E77692A7F,NIG-210,210-400,D400,FC,CA,CAD,ADMIN,Administration,ACTIVE,FULL_TIME,1.0,2017-10-07,,45643.71,0.1873,FALSE,0.0
EEBEB35BE,NIG-210,210-510,D510,FC,CA,CAD,FIN,Finance,ACTIVE,FULL_TIME,1.0,2014-04-08,,69948.37,0.1998,TRUE,0.1623
E4247CFFE,NIG-210,210-100,D100,FC,CA,CAD,PROD,Production & Assembly,ACTIVE,PART_TIME,0.5,2015-12-26,,46004.21,0.2163,FALSE,0.0
ED0BAD48F,NIG-210,210-520,D520,FC,CA,CAD,SALES,Sales & Commercial,TERMINATED,PART_TIME,0.8,2012-03-22,2024-10-31,69191.41,0.1872,TRUE,0.2571
EBB0F7287,NIG-210,210-100,D100,FC,CA,CAD,PROD,Production & Assembly,TERMINATED,PART_TIME,0.5,2014-01-20,2024-01-31,49246.23,0.1848,FALSE,0.0
EF5E57B6B,NIG-210,210-505,D505,FC,CA,CAD,SALES,Sales & Commercial,ACTIVE,FULL_TIME,1.0,2011-07-25,,88366.62,0.1836,TRUE,0.0734
E8C69EDA0,NIG-210,210-100,D100,FC,CA,CAD,PROD,Production & Assembly,ACTIVE,FULL_TIME,1.0,2018-01-22,,79044.82,0.1852,FALSE,0.0
E86350C3F,NIG-210,210-410,D410,FC,CA,CAD,IT,Information Technology,TERMINATED,FULL_TIME,1.0,2012-09-29,2023-11-30,103645.19,0.1762,TRUE,0.3315
EB2DB848D,NIG-210,210-105,D105,FC,CA,CAD,QUAL,Quality & HSE,ACTIVE,FULL_TIME,1.0,2011-01-17,,68374.54,0.2023,FALSE,0.0
E3D15C452,NIG-210,210-120,D120,FC,CA,CAD,QUAL,Quality & HSE,ACTIVE,FULL_TIME,1.0,2013-09-23,,70765.49,0.2376,FALSE,0.0
EAE8D2568,NIG-210,210-510,D510,FC,CA,CAD,HR,Human Resources,ACTIVE,FULL_TIME,1.0,2014-07-12,,56087.15,0.1764,FALSE,0.0
E69FFF08D,NIG-210,210-115,D115,FC,CA,CAD,QUAL,Quality & HSE,TERMINATED,PART_TIME,0.6,2017-07-15,2024-10-31,53230.3,0.1699,FALSE,0.0
E706D2DA8,NIG-210,210-100,D100,FC,CA,CAD,PROD,Production & Assembly,ACTIVE,FULL_TIME,1.0,2016-12-22,,54002.87,0.2563,FALSE,0.0
ED9AE274B,NIG-210,210-120,D120,FC,CA,CAD,SUPPLY,Supply Chain & Warehouse,ACTIVE,FULL_TIME,1.0,2012-11-18,,53831.52,0.2323,FALSE,0.0
EC025D758,NIG-210,210-100,D100,FC,CA,CAD,PROD,Production & Assembly,TERMINATED,PART_TIME,0.8,2017-06-23,2026-04-30,50550.14,0.1633,FALSE,0.0
E5B24C2C6,NIG-210,210-400,D400,FC,CA,CAD,FIN,Finance,ACTIVE,FULL_TIME,1.0,2014-03-03,,64895.52,0.1678,TRUE,0.1936
E965FEFC1,NIG-210,210-105,D105,FC,CA,CAD,QUAL,Quality & HSE,ACTIVE,FULL_TIME,1.0,2011-03-26,,61058.87,0.2572,FALSE,0.0
E48A32D74,NIG-210,210-105,D105,FC,CA,CAD,SUPPLY,Supply Chain & Warehouse,TERMINATED,FULL_TIME,1.0,2017-08-05,2023-04-30,52417.62,0.2179,FALSE,0.0
ED17BB6DE,NIG-210,210-100,D100,FC,CA,CAD,PROD,Production & Assembly,ACTIVE,FULL_TIME,1.0,2017-09-20,,43149.02,0.1624,FALSE,0.0
EA47A5326,NIG-210,210-410,D410,FC,CA,CAD,FIN,Finance,ACTIVE,FULL_TIME,1.0,2010-12-18,,93308.64,0.2624,TRUE,0.1958
E0B66FD22,NIG-210,210-520,D520,FC,CA,CAD,IT,Information Technology,ACTIVE,FULL_TIME,1.0,2011-05-03,,72059.01,0.181,TRUE,0.1074
EF3067435,NIG-210,210-410,D410,FC,CA,CAD,IT,Information Technology,TERMINATED,FULL_TIME,1.0,2013-03-21,2026-01-31,69875.12,0.2122,TRUE,0.2998
EDD24AF99,NIG-210,210-100,D100,FC,CA,CAD,PROD,Production & Assembly,ACTIVE,FULL_TIME,1.0,2014-04-05,,59406.91,0.1641,FALSE,0.0
EFBDB4B6F,NIG-210,210-100,D100,FC,CA,CAD,PROD,Production & Assembly,ACTIVE,FULL_TIME,1.0,2015-06-10,,40567.24,0.1851,FALSE,0.0
ECAE24C4D,NIG-210,210-400,D400,FC,CA,CAD,SALES,Sales & Commercial,ACTIVE,FULL_TIME,1.0,2017-04-22,,77504.71,0.2599,TRUE,0.2278
E593E5EE3,NIG-210,210-100,D100,FC,CA,CAD,PROD,Production & Assembly,TERMINATED,FULL_TIME,1.0,2013-11-10,2023-04-30,63708.54,0.2637,FALSE,0.0
E6C069A56,NIG-210,210-400,D400,FC,CA,CAD,IT,Information Technology,ACTIVE,FULL_TIME,1.0,2013-02-06,,106836.01,0.2551,TRUE,0.2388
EE1607CC6,NIG-210,210-405,D405,FC,CA,CAD,FIN,Finance,ACTIVE,FULL_TIME,1.0,2012-03-24,,89945.0,0.2419,TRUE,0.1016
EA7569D46,NIG-210,210-500,D500,FC,CA,CAD,EXEC,Executive & Leadership,ACTIVE,FULL_TIME,1.0,2015-11-20,,240011.16,0.2591,TRUE,0.1768
ECE4F1914,NIG-210,210-105,D105,FC,CA,CAD,SUPPLY,Supply Chain & Warehouse,ACTIVE,FULL_TIME,1.0,2016-06-12,,42020.82,0.1604,FALSE,0.0
E41EF66F0,NIG-210,210-410,D410,FC,CA,CAD,ADMIN,Administration,ACTIVE,FULL_TIME,1.0,2011-12-01,,59481.22,0.1893,FALSE,0.0
ED621D8D7,NIG-210,210-115,D115,FC,CA,CAD,QUAL,Quality & HSE,ACTIVE,FULL_TIME,1.0,2016-04-21,,75593.59,0.1817,FALSE,0.0
E0422DAB7,NIG-210,210-410,D410,FC,CA,CAD,IT,Information Technology,TERMINATED,FULL_TIME,1.0,2017-04-01,2023-01-31,88403.66,0.2692,TRUE,0.1163
E5C9B5D0F,NIG-210,210-510,D510,FC,CA,CAD,IT,Information Technology,TERMINATED,FULL_TIME,1.0,2016-12-22,2024-05-31,90238.81,0.165,TRUE,0.2549
EF442A331,NIG-210,210-110,D110,FC,CA,CAD,QUAL,Quality & HSE,ACTIVE,FULL_TIME,1.0,2016-10-12,,81936.96,0.1905,FALSE,0.0
ED7B6F37D,NIG-210,210-105,D105,FC,CA,CAD,SUPPLY,Supply Chain & Warehouse,ACTIVE,FULL_TIME,1.0,2017-02-23,,76033.15,0.2668,FALSE,0.0
E793943AB,NIG-210,210-105,D105,FC,CA,CAD,QUAL,Quality & HSE,ACTIVE,FULL_TIME,1.0,2010-12-24,,70067.16,0.2619,FALSE,0.0
EBEBB1816,NIG-210,210-115,D115,FC,CA,CAD,SUPPLY,Supply Chain & Warehouse,ACTIVE,FULL_TIME,1.0,2013-01-19,,53600.25,0.2678,FALSE,0.0
E576B876A,NIG-210,210-100,D100,FC,CA,CAD,PROD,Production & Assembly,TERMINATED,PART_TIME,0.8,2016-12-04,2023-12-31,52485.32,0.2688,FALSE,0.0
E3DC5F92B,NIG-210,210-120,D120,FC,CA,CAD,SUPPLY,Supply Chain & Warehouse,ACTIVE,FULL_TIME,1.0,2012-12-06,,74382.11,0.2123,FALSE,0.0
EACE73F67,NIG-210,210-505,D505,FC,CA,CAD,IT,Information Technology,ACTIVE,FULL_TIME,1.0,2016-04-25,,59995.93,0.1888,TRUE,0.1081
E769AC33C,NIG-210,210-910,D910,FC,CA,CAD,SALES,Sales & Commercial,ACTIVE,FULL_TIME,1.0,2016-12-23,,94950.19,0.2198,TRUE,0.0672
EFE56D043,NIG-210,210-120,D120,FC,CA,CAD,QUAL,Quality & HSE,ACTIVE,FULL_TIME,1.0,2017-06-09,,55181.01,0.1864,FALSE,0.0
E405A8AF0,NIG-210,210-910,D910,FC,CA,CAD,SALES,Sales & Commercial,ACTIVE,FULL_TIME,1.0,2012-12-11,,69185.67,0.1808,TRUE,0.2737
ED683B151,NIG-210,210-505,D505,FC,CA,CAD,FIN,Finance,ACTIVE,PART_TIME,0.8,2015-11-21,,98018.48,0.1813,TRUE,0.1119
EABDFBD26,NIG-210,210-910,D910,FC,CA,CAD,IT,Information Technology,ACTIVE,FULL_TIME,1.0,2017-07-11,,112112.27,0.215,TRUE,0.1035
E01BE23AA,NIG-210,210-100,D100,FC,CA,CAD,PROD,Production & Assembly,ACTIVE,FULL_TIME,1.0,2012-05-23,,72921.49,0.237,FALSE,0.0
EFBB9E961,NIG-210,210-405,D405,FC,CA,CAD,ADMIN,Administration,ACTIVE,FULL_TIME,1.0,2015-11-25,,42744.54,0.2576,FALSE,0.0
E636D71E6,NIG-210,210-115,D115,FC,CA,CAD,QUAL,Quality & HSE,ACTIVE,FULL_TIME,1.0,2015-01-25,,52720.67,0.2156,FALSE,0.0
E1608CE03,NIG-210,210-400,D400,FC,CA,CAD,EXEC,Executive & Leadership,TERMINATED,FULL_TIME,1.0,2015-03-02,2024-05-31,172840.22,0.2523,TRUE,0.2208
E4C0AD34B,NIG-210,210-520,D520,FC,CA,CAD,SALES,Sales & Commercial,ACTIVE,FULL_TIME,1.0,2011-11-18,,69984.04,0.1787,TRUE,0.3114
EFBFF42C5,NIG-210,210-505,D505,FC,CA,CAD,ADMIN,Administration,ACTIVE,FULL_TIME,1.0,2011-12-15,,56356.66,0.1925,FALSE,0.0
E4E5C333D,NIG-210,210-520,D520,FC,CA,CAD,SALES,Sales & Commercial,ACTIVE,FULL_TIME,1.0,2012-07-08,,79072.01,0.1986,TRUE,0.2901
EAE471E7C,NIG-210,210-100,D100,FC,CA,CAD,PROD,Production & Assembly,TERMINATED,FULL_TIME,1.0,2015-11-23,2024-05-31,54140.73,0.2616,FALSE,0.0
E97A263D6,NIG-210,210-500,D500,FC,CA,CAD,IT,Information Technology,ACTIVE,FULL_TIME,1.0,2012-08-17,,93127.11,0.219,TRUE,0.1225
EFB41156A,NIG-210,210-910,D910,FC,CA,CAD,IT,Information Technology,ACTIVE,FULL_TIME,1.0,2013-12-02,,94786.31,0.2231,TRUE,0.0551
E666A8BCD,NIG-210,210-105,D105,FC,CA,CAD,QUAL,Quality & HSE,ACTIVE,FULL_TIME,1.0,2012-06-14,,71608.24,0.254,FALSE,0.0
E523E2015,NIG-210,210-105,D105,FC,CA,CAD,SUPPLY,Supply Chain & Warehouse,ACTIVE,FULL_TIME,1.0,2015-04-13,,62596.51,0.2001,FALSE,0.0
EDEF16D46,NIG-210,210-500,D500,FC,CA,CAD,IT,Information Technology,ACTIVE,FULL_TIME,1.0,2014-10-23,,92142.15,0.1736,TRUE,0.132
E3AB0ED40,NIG-210,210-120,D120,FC,CA,CAD,QUAL,Quality & HSE,TERMINATED,FULL_TIME,1.0,2012-03-01,2026-01-31,73596.63,0.2523,FALSE,0.0
E9819218C,NIG-210,210-115,D115,FC,CA,CAD,SUPPLY,Supply Chain & Warehouse,ACTIVE,FULL_TIME,1.0,2016-10-12,,65968.28,0.2207,FALSE,0.0
EBE8F9BDB,NIG-210,210-110,D110,FC,CA,CAD,SUPPLY,Supply Chain & Warehouse,ACTIVE,FULL_TIME,1.0,2012-06-14,,45216.48,0.1911,FALSE,0.0
E080EFF2E,NIG-210,210-400,D400,FC,CA,CAD,HR,Human Resources,TERMINATED,FULL_TIME,1.0,2014-05-18,2023-06-30,48468.86,0.189,FALSE,0.0
E8D053A60,NIG-210,210-510,D510,FC,CA,CAD,EXEC,Executive & Leadership,ACTIVE,FULL_TIME,1.0,2011-04-02,,122136.66,0.2677,TRUE,0.338
EA2BC2D15,NIG-210,210-400,D400,FC,CA,CAD,EXEC,Executive & Leadership,ACTIVE,FULL_TIME,1.0,2016-12-11,,154622.2,0.2586,TRUE,0.1299
E5C3AAE64,NIG-210,210-100,D100,FC,CA,CAD,PROD,Production & Assembly,TERMINATED,FULL_TIME,1.0,2010-12-07,2025-12-31,48856.45,0.1986,FALSE,0.0
E8EAB2DBA,NIG-210,210-400,D400,FC,CA,CAD,ADMIN,Administration,TERMINATED,FULL_TIME,1.0,2013-07-15,2026-01-31,60783.01,0.264,FALSE,0.0
EDF0323CB,NIG-210,210-910,D910,FC,CA,CAD,EXEC,Executive & Leadership,ACTIVE,FULL_TIME,1.0,2014-03-22,,234194.36,0.2286,TRUE,0.0723
E4DBBA084,NIG-210,210-115,D115,FC,CA,CAD,QUAL,Quality & HSE,TERMINATED,FULL_TIME,1.0,2010-11-12,2024-06-30,57531.8,0.2624,FALSE,0.0
E109CC852,NIG-210,210-505,D505,FC,CA,CAD,IT,Information Technology,TERMINATED,FULL_TIME,1.0,2012-01-22,2025-02-28,102582.58,0.1866,TRUE,0.1608
E3B9B622E,NIG-210,210-505,D505,FC,CA,CAD,SALES,Sales & Commercial,ACTIVE,FULL_TIME,1.0,2017-03-31,,66068.32,0.2266,TRUE,0.2788
E825AAD0A,NIG-210,210-510,D510,FC,CA,CAD,IT,Information Technology,ACTIVE,FULL_TIME,1.0,2017-10-03,,82762.62,0.205,TRUE,0.3134
EBC6C4E0F,NIG-210,210-505,D505,FC,CA,CAD,EXEC,Executive & Leadership,ACTIVE,FULL_TIME,1.0,2013-08-16,,142507.57,0.1838,TRUE,0.2456
E2F37C064,NIG-210,210-520,D520,FC,CA,CAD,HR,Human Resources,ACTIVE,FULL_TIME,1.0,2013-08-26,,82411.66,0.2149,FALSE,0.0
E2317D313,NIG-210,210-105,D105,FC,CA,CAD,QUAL,Quality & HSE,ACTIVE,FULL_TIME,1.0,2012-10-27,,58499.73,0.203,FALSE,0.0
E38D2078A,NIG-210,210-100,D100,FC,CA,CAD,PROD,Production & Assembly,TERMINATED,FULL_TIME,1.0,2013-12-20,2026-03-31,38436.74,0.1763,FALSE,0.0
E6340CEE7,NIG-210,210-110,D110,FC,CA,CAD,QUAL,Quality & HSE,ACTIVE,FULL_TIME,1.0,2012-01-28,,79259.48,0.2509,FALSE,0.0
E6293F10E,NIG-210,210-505,D505,FC,CA,CAD,EXEC,Executive & Leadership,ACTIVE,FULL_TIME,1.0,2015-04-17,,159071.75,0.2167,TRUE,0.2302
EF4FEBC4B,NIG-210,210-510,D510,FC,CA,CAD,SALES,Sales & Commercial,ACTIVE,FULL_TIME,1.0,2018-02-14,,73411.51,0.2375,TRUE,0.1648
E118C7528,NIG-210,210-500,D500,FC,CA,CAD,SALES,Sales & Commercial,ACTIVE,FULL_TIME,1.0,2016-01-19,,102214.58,0.2161,TRUE,0.0886
EBB500976,NIG-210,210-410,D410,FC,CA,CAD,EXEC,Executive & Leadership,ACTIVE,FULL_TIME,1.0,2011-07-11,,227604.07,0.1668,TRUE,0.0881
E778A19F5,NIG-210,210-505,D505,FC,CA,CAD,HR,Human Resources,ACTIVE,FULL_TIME,1.0,2012-12-29,,110984.34,0.2142,FALSE,0.0
E92CAB66B,NIG-210,210-410,D410,FC,CA,CAD,EXEC,Executive & Leadership,ACTIVE,PART_TIME,0.6,2017-12-22,,142906.32,0.1666,TRUE,0.1849
ED33DFED3,NIG-210,210-505,D505,FC,CA,CAD,IT,Information Technology,TERMINATED,FULL_TIME,1.0,2016-09-14,2025-12-31,99661.16,0.1804,TRUE,0.2887
E9E6C14B3,NIG-210,210-110,D110,FC,CA,CAD,SUPPLY,Supply Chain & Warehouse,ACTIVE,FULL_TIME,1.0,2014-05-25,,59160.93,0.257,FALSE,0.0
EDAA70734,NIG-210,210-910,D910,FC,CA,CAD,ADMIN,Administration,ACTIVE,FULL_TIME,1.0,2010-11-09,,53971.98,0.195,FALSE,0.0
E39AB0007,NIG-210,210-115,D115,FC,CA,CAD,QUAL,Quality & HSE,ACTIVE,FULL_TIME,1.0,2018-06-05,,81965.31,0.198,FALSE,0.0
E9D1228CE,NIG-210,210-510,D510,FC,CA,CAD,SALES,Sales & Commercial,ACTIVE,FULL_TIME,1.0,2018-03-15,,85090.35,0.2124,TRUE,0.1548
E32F77B32,NIG-210,210-115,D115,FC,CA,CAD,QUAL,Quality & HSE,ACTIVE,FULL_TIME,1.0,2013-03-29,,79679.34,0.2594,FALSE,0.0
E8639E912,NIG-210,210-105,D105,FC,CA,CAD,QUAL,Quality & HSE,TERMINATED,FULL_TIME,1.0,2013-10-21,2024-12-31,52344.8,0.1694,FALSE,0.0
E9EABB37C,NIG-210,210-120,D120,FC,CA,CAD,SUPPLY,Supply Chain & Warehouse,ACTIVE,FULL_TIME,1.0,2012-10-24,,56949.09,0.1974,FALSE,0.0
EE051882E,NIG-210,210-505,D505,FC,CA,CAD,IT,Information Technology,ACTIVE,FULL_TIME,1.0,2011-06-23,,111987.07,0.2251,TRUE,0.2965
EC67E7C45,NIG-210,210-910,D910,FC,CA,CAD,IT,Information Technology,ACTIVE,FULL_TIME,1.0,2015-04-26,,91212.77,0.1913,TRUE,0.1356
E9256BF0D,NIG-210,210-910,D910,FC,CA,CAD,HR,Human Resources,ACTIVE,FULL_TIME,1.0,2015-10-08,,52281.24,0.2595,FALSE,0.0
E254C3E1A,NIG-210,210-105,D105,FC,CA,CAD,SUPPLY,Supply Chain & Warehouse,ACTIVE,FULL_TIME,1.0,2014-09-25,,67301.01,0.1726,FALSE,0.0
E6C36A760,NIG-210,210-105,D105,FC,CA,CAD,QUAL,Quality & HSE,ACTIVE,PART_TIME,0.8,2011-08-29,,50032.37,0.2057,FALSE,0.0
E785B632A,NIG-210,210-500,D500,FC,CA,CAD,FIN,Finance,ACTIVE,FULL_TIME,1.0,2016-01-06,,72801.56,0.2316,TRUE,0.1469
E29F48EE0,NIG-210,210-120,D120,FC,CA,CAD,QUAL,Quality & HSE,ACTIVE,FULL_TIME,1.0,2017-06-02,,52345.7,0.2577,FALSE,0.0
E54B6AA6B,NIG-210,210-505,D505,FC,CA,CAD,FIN,Finance,ACTIVE,FULL_TIME,1.0,2011-04-21,,98341.82,0.2128,TRUE,0.32
E7420BC57,NIG-210,210-120,D120,FC,CA,CAD,QUAL,Quality & HSE,ACTIVE,FULL_TIME,1.0,2015-11-04,,61253.95,0.2217,FALSE,0.0
E64835055,NIG-210,210-405,D405,FC,CA,CAD,IT,Information Technology,ACTIVE,FULL_TIME,1.0,2023-02-14,,67139.98,0.1704,TRUE,0.0532
E21C64D48,NIG-210,210-110,D110,FC,CA,CAD,QUAL,Quality & HSE,ACTIVE,FULL_TIME,1.0,2025-03-02,,57733.99,0.1871,FALSE,0.0
EACDA9B47,NIG-210,210-410,D410,FC,CA,CAD,FIN,Finance,ACTIVE,FULL_TIME,1.0,2025-01-02,,111060.36,0.2395,TRUE,0.304
E61A7FF63,NIG-210,210-400,D400,FC,CA,CAD,ADMIN,Administration,ACTIVE,FULL_TIME,1.0,2023-04-17,,32270.83,0.2121,FALSE,0.0
E5FE9F774,NIG-210,210-400,D400,FC,CA,CAD,HR,Human Resources,ACTIVE,FULL_TIME,1.0,2023-10-17,,69292.93,0.2583,FALSE,0.0
E8FAD41F0,NIG-210,210-520,D520,FC,CA,CAD,ADMIN,Administration,ACTIVE,PART_TIME,0.6,2024-11-17,,42121.37,0.2106,FALSE,0.0
E9E647E68,NIG-210,210-510,D510,FC,CA,CAD,ADMIN,Administration,ACTIVE,FULL_TIME,1.0,2026-02-19,,44562.2,0.2545,FALSE,0.0
E463208E7,NIG-210,210-105,D105,FC,CA,CAD,QUAL,Quality & HSE,ACTIVE,FULL_TIME,1.0,2024-10-19,,64653.08,0.2267,FALSE,0.0
EC0210711,NIG-210,210-910,D910,FC,CA,CAD,SALES,Sales & Commercial,ACTIVE,FULL_TIME,1.0,2026-02-02,,96177.4,0.2166,TRUE,0.1679
EB457982A,NIG-210,210-110,D110,FC,CA,CAD,QUAL,Quality & HSE,ACTIVE,FULL_TIME,1.0,2026-01-11,,59068.71,0.2245,FALSE,0.0
E6B7A0F93,NIG-210,210-405,D405,FC,CA,CAD,ADMIN,Administration,ACTIVE,FULL_TIME,1.0,2025-01-08,,51300.52,0.1933,FALSE,0.0
E29AA0AFB,NIG-210,210-505,D505,FC,CA,CAD,ADMIN,Administration,ACTIVE,FULL_TIME,1.0,2023-02-11,,56418.39,0.1721,FALSE,0.0
E86B238C6,NIG-210,210-500,D500,FC,CA,CAD,FIN,Finance,ACTIVE,FULL_TIME,1.0,2024-07-11,,83035.88,0.2211,TRUE,0.191
E24930CD3,NIG-210,210-110,D110,FC,CA,CAD,SUPPLY,Supply Chain & Warehouse,ACTIVE,FULL_TIME,1.0,2025-03-03,,57604.17,0.2317,FALSE,0.0
EEBC0E666,NIG-210,210-110,D110,FC,CA,CAD,QUAL,Quality & HSE,ACTIVE,FULL_TIME,1.0,2026-05-11,,52096.88,0.2145,FALSE,0.0
EA3C7CD7C,NIG-210,210-120,D120,FC,CA,CAD,QUAL,Quality & HSE,ACTIVE,FULL_TIME,1.0,2024-06-04,,57201.79,0.1876,FALSE,0.0
E2B60F124,NIG-210,210-500,D500,FC,CA,CAD,IT,Information Technology,ACTIVE,FULL_TIME,1.0,2023-07-13,,137419.7,0.2248,TRUE,0.2415
EFE5BE1D2,NIG-210,210-505,D505,FC,CA,CAD,ADMIN,Administration,ACTIVE,FULL_TIME,1.0,2023-10-06,,28072.0,0.2448,FALSE,0.0
EFF839447,NIG-210,210-505,D505,FC,CA,CAD,SALES,Sales & Commercial,ACTIVE,FULL_TIME,1.0,2026-04-01,,79681.24,0.2264,TRUE,0.2982
E52F9274B,NIG-210,210-510,D510,FC,CA,CAD,IT,Information Technology,ACTIVE,FULL_TIME,1.0,2026-02-20,,59247.8,0.1927,TRUE,0.2921
ED2D8BC8A,NIG-210,210-500,D500,FC,CA,CAD,ADMIN,Administration,ACTIVE,FULL_TIME,1.0,2025-08-11,,42961.63,0.1863,FALSE,0.0
EA7636550,NIG-210,210-510,D510,FC,CA,CAD,IT,Information Technology,ACTIVE,FULL_TIME,1.0,2026-01-18,,97021.86,0.2037,TRUE,0.1218
EDB729148,NIG-210,210-105,D105,FC,CA,CAD,QUAL,Quality & HSE,ACTIVE,FULL_TIME,1.0,2024-02-19,,75554.38,0.1807,FALSE,0.0
E267B9EDE,NIG-210,210-120,D120,FC,CA,CAD,SUPPLY,Supply Chain & Warehouse,ACTIVE,FULL_TIME,1.0,2023-05-05,,55119.24,0.2145,FALSE,0.0
EDF9EC3C8,NIG-210,210-110,D110,FC,CA,CAD,SUPPLY,Supply Chain & Warehouse,ACTIVE,PART_TIME,0.8,2026-02-12,,49940.66,0.1952,FALSE,0.0
E99701299,NIG-210,210-105,D105,FC,CA,CAD,SUPPLY,Supply Chain & Warehouse,ACTIVE,FULL_TIME,1.0,2023-12-17,,73217.17,0.206,FALSE,0.0
E0D4A7BB5,NIG-210,210-405,D405,FC,CA,CAD,IT,Information Technology,ACTIVE,FULL_TIME,1.0,2023-12-16,,95055.06,0.2085,TRUE,0.2279
E8A06F038,NIG-210,210-500,D500,FC,CA,CAD,IT,Information Technology,ACTIVE,FULL_TIME,1.0,2025-05-06,,90908.45,0.2529,TRUE,0.3487
E4C35DF75,NIG-210,210-400,D400,FC,CA,CAD,ADMIN,Administration,ACTIVE,FULL_TIME,1.0,2023-09-05,,60935.3,0.1654,FALSE,0.0
E0B02F4D6,NIG-210,210-105,D105,FC,CA,CAD,SUPPLY,Supply Chain & Warehouse,ACTIVE,FULL_TIME,1.0,2024-06-18,,52884.95,0.2443,FALSE,0.0
E4263AC7B,NIG-210,210-500,D500,FC,CA,CAD,IT,Information Technology,ACTIVE,FULL_TIME,1.0,2024-10-08,,76405.81,0.2342,TRUE,0.1867
E93231F4D,NIG-210,210-910,D910,FC,CA,CAD,ADMIN,Administration,ACTIVE,FULL_TIME,1.0,2024-01-20,,63657.29,0.2222,FALSE,0.0
EC9118754,NIG-210,210-110,D110,FC,CA,CAD,QUAL,Quality & HSE,ACTIVE,FULL_TIME,1.0,2025-06-18,,67494.52,0.1883,FALSE,0.0
E5075F098,NIG-210,210-105,D105,FC,CA,CAD,QUAL,Quality & HSE,ACTIVE,FULL_TIME,1.0,2024-06-05,,70159.27,0.1998,FALSE,0.0
EC39C3736,NIG-210,210-410,D410,FC,CA,CAD,SALES,Sales & Commercial,ACTIVE,FULL_TIME,1.0,2024-04-19,,80818.65,0.2089,TRUE,0.1962
EC36D1DD8,NIG-210,210-500,D500,FC,CA,CAD,HR,Human Resources,ACTIVE,FULL_TIME,1.0,2024-11-10,,47225.26,0.1987,FALSE,0.0
EEF615C63,NIG-210,210-410,D410,FC,CA,CAD,SALES,Sales & Commercial,ACTIVE,FULL_TIME,1.0,2023-05-08,,111223.22,0.2546,TRUE,0.2318
E710C1E11,NIG-220,220-110,D110,FC,DE,EUR,QUAL,Quality & HSE,ACTIVE,FULL_TIME,1.0,2017-04-14,,80833.33,0.2229,FALSE,0.0
E3148552F,NIG-220,220-400,D400,FC,DE,EUR,FIN,Finance,ACTIVE,FULL_TIME,1.0,2018-02-02,,87673.75,0.2032,TRUE,0.2643
EF16088B8,NIG-220,220-115,D115,FC,DE,EUR,SUPPLY,Supply Chain & Warehouse,ACTIVE,FULL_TIME,1.0,2019-11-10,,74309.08,0.1983,FALSE,0.0
EC8D7CE17,NIG-220,220-410,D410,FC,DE,EUR,EXEC,Executive & Leadership,ACTIVE,FULL_TIME,1.0,2019-12-30,,171175.1,0.1831,TRUE,0.1187
E9D0D274B,NIG-220,220-510,D510,FC,DE,EUR,SALES,Sales & Commercial,ACTIVE,FULL_TIME,1.0,2020-09-06,,120203.95,0.2277,TRUE,0.2044
EA402D86A,NIG-220,220-100,D100,FC,DE,EUR,PROD,Production & Assembly,ACTIVE,FULL_TIME,1.0,2017-01-31,,42436.3,0.1647,FALSE,0.0
EABB89E3C,NIG-220,220-505,D505,FC,DE,EUR,IT,Information Technology,TERMINATED,FULL_TIME,1.0,2017-11-14,2023-06-30,121176.96,0.2146,TRUE,0.0826
EC37E2BEB,NIG-220,220-510,D510,FC,DE,EUR,IT,Information Technology,ACTIVE,FULL_TIME,1.0,2020-01-24,,128760.93,0.2667,TRUE,0.292
E90580CBC,NIG-220,220-120,D120,FC,DE,EUR,SUPPLY,Supply Chain & Warehouse,TERMINATED,FULL_TIME,1.0,2017-08-24,2024-10-31,49272.06,0.2285,FALSE,0.0
E0C98F460,NIG-220,220-520,D520,FC,DE,EUR,IT,Information Technology,ACTIVE,FULL_TIME,1.0,2017-05-23,,98060.81,0.2404,TRUE,0.1922
E7EA6A8C2,NIG-220,220-520,D520,FC,DE,EUR,ADMIN,Administration,ACTIVE,FULL_TIME,1.0,2021-06-09,,51624.24,0.2242,FALSE,0.0
EF4E7C96C,NIG-220,220-910,D910,FC,DE,EUR,EXEC,Executive & Leadership,ACTIVE,FULL_TIME,1.0,2020-02-05,,157702.89,0.2199,TRUE,0.2812
E6311B5AF,NIG-220,220-105,D105,FC,DE,EUR,QUAL,Quality & HSE,ACTIVE,FULL_TIME,1.0,2019-09-06,,75855.27,0.2261,FALSE,0.0
E40310352,NIG-220,220-400,D400,FC,DE,EUR,IT,Information Technology,ACTIVE,FULL_TIME,1.0,2015-12-31,,103065.4,0.2599,TRUE,0.0965
E09D5BBBD,NIG-220,220-510,D510,FC,DE,EUR,HR,Human Resources,ACTIVE,FULL_TIME,1.0,2017-06-10,,84235.02,0.1786,FALSE,0.0
E2AD3AD64,NIG-220,220-510,D510,FC,DE,EUR,EXEC,Executive & Leadership,ACTIVE,FULL_TIME,1.0,2018-12-09,,214470.76,0.1686,TRUE,0.0933
E09AFCE1C,NIG-220,220-910,D910,FC,DE,EUR,IT,Information Technology,ACTIVE,FULL_TIME,1.0,2016-06-18,,75633.04,0.2465,TRUE,0.1632
EEAAA455A,NIG-220,220-500,D500,FC,DE,EUR,IT,Information Technology,ACTIVE,FULL_TIME,1.0,2021-09-14,,89901.23,0.2112,TRUE,0.0739
E89ECAA2D,NIG-220,220-510,D510,FC,DE,EUR,EXEC,Executive & Leadership,TERMINATED,PART_TIME,0.5,2017-05-26,2023-07-31,170351.37,0.2436,TRUE,0.3393
E18D3A5CA,NIG-220,220-520,D520,FC,DE,EUR,IT,Information Technology,ACTIVE,FULL_TIME,1.0,2018-09-06,,92222.22,0.165,TRUE,0.2133
E68AA3145,NIG-220,220-105,D105,FC,DE,EUR,SUPPLY,Supply Chain & Warehouse,ACTIVE,PART_TIME,0.5,2018-11-27,,70183.12,0.2385,FALSE,0.0
E27D4F498,NIG-220,220-100,D100,FC,DE,EUR,PROD,Production & Assembly,ACTIVE,FULL_TIME,1.0,2019-10-07,,39112.46,0.2163,FALSE,0.0
E39C784B1,NIG-220,220-510,D510,FC,DE,EUR,ADMIN,Administration,TERMINATED,FULL_TIME,1.0,2017-07-31,2025-11-30,71646.23,0.2328,FALSE,0.0
EB0D38357,NIG-220,220-100,D100,FC,DE,EUR,PROD,Production & Assembly,ACTIVE,FULL_TIME,1.0,2019-02-17,,42886.02,0.2607,FALSE,0.0
E366F9847,NIG-220,220-400,D400,FC,DE,EUR,EXEC,Executive & Leadership,ACTIVE,FULL_TIME,1.0,2020-11-08,,120200.01,0.2588,TRUE,0.2879
EA47D0EEF,NIG-220,220-405,D405,FC,DE,EUR,IT,Information Technology,ACTIVE,FULL_TIME,1.0,2020-01-20,,104849.49,0.2083,TRUE,0.0726
E405EFF98,NIG-220,220-405,D405,FC,DE,EUR,IT,Information Technology,ACTIVE,PART_TIME,0.6,2021-09-12,,111807.93,0.2114,TRUE,0.2125
E898C531A,NIG-220,220-105,D105,FC,DE,EUR,SUPPLY,Supply Chain & Warehouse,ACTIVE,FULL_TIME,1.0,2017-10-05,,52829.75,0.1654,FALSE,0.0
EABF17C35,NIG-220,220-505,D505,FC,DE,EUR,FIN,Finance,ACTIVE,FULL_TIME,1.0,2021-12-31,,100518.95,0.2616,TRUE,0.0689
EBC602B16,NIG-220,220-105,D105,FC,DE,EUR,QUAL,Quality & HSE,ACTIVE,FULL_TIME,1.0,2019-07-28,,75107.39,0.269,FALSE,0.0
E9D9F7BE5,NIG-220,220-505,D505,FC,DE,EUR,ADMIN,Administration,ACTIVE,FULL_TIME,1.0,2015-12-04,,55597.64,0.1765,FALSE,0.0
E3147CA6E,NIG-220,220-105,D105,FC,DE,EUR,SUPPLY,Supply Chain & Warehouse,TERMINATED,FULL_TIME,1.0,2016-11-13,2023-03-31,66321.81,0.1946,FALSE,0.0
E4DABD36D,NIG-220,220-100,D100,FC,DE,EUR,PROD,Production & Assembly,ACTIVE,FULL_TIME,1.0,2016-12-28,,49893.04,0.2221,FALSE,0.0
E6FDDD1CD,NIG-220,220-410,D410,FC,DE,EUR,HR,Human Resources,ACTIVE,FULL_TIME,1.0,2020-04-06,,60172.74,0.1828,FALSE,0.0
EC088FD19,NIG-220,220-500,D500,FC,DE,EUR,HR,Human Resources,ACTIVE,FULL_TIME,1.0,2015-01-29,,67945.35,0.1949,FALSE,0.0
EA3997EE0,NIG-220,220-910,D910,FC,DE,EUR,SALES,Sales & Commercial,ACTIVE,FULL_TIME,1.0,2022-02-17,,92033.05,0.1797,TRUE,0.2829
ED035EF48,NIG-220,220-520,D520,FC,DE,EUR,EXEC,Executive & Leadership,ACTIVE,FULL_TIME,1.0,2019-03-05,,205131.02,0.1707,TRUE,0.2984
E6B8A7C5A,NIG-220,220-120,D120,FC,DE,EUR,QUAL,Quality & HSE,ACTIVE,FULL_TIME,1.0,2016-09-10,,59047.11,0.1971,FALSE,0.0
EC4F7BD81,NIG-220,220-110,D110,FC,DE,EUR,SUPPLY,Supply Chain & Warehouse,ACTIVE,FULL_TIME,1.0,2016-07-17,,53849.9,0.2277,FALSE,0.0
E18C3420E,NIG-220,220-910,D910,FC,DE,EUR,HR,Human Resources,ACTIVE,PART_TIME,0.8,2019-02-26,,62618.12,0.2477,FALSE,0.0
E96A9C757,NIG-220,220-520,D520,FC,DE,EUR,SALES,Sales & Commercial,ACTIVE,FULL_TIME,1.0,2021-11-29,,99649.53,0.2038,TRUE,0.332
E8A666431,NIG-220,220-510,D510,FC,DE,EUR,ADMIN,Administration,ACTIVE,FULL_TIME,1.0,2016-03-05,,56496.39,0.2174,FALSE,0.0
E813B3ED4,NIG-220,220-100,D100,FC,DE,EUR,PROD,Production & Assembly,ACTIVE,PART_TIME,0.8,2019-06-15,,55647.54,0.1863,FALSE,0.0
ECA10CB6A,NIG-220,220-510,D510,FC,DE,EUR,EXEC,Executive & Leadership,ACTIVE,FULL_TIME,1.0,2016-08-24,,130688.27,0.1899,TRUE,0.3378
EE0378CB7,NIG-220,220-400,D400,FC,DE,EUR,HR,Human Resources,ACTIVE,FULL_TIME,1.0,2017-10-24,,99617.11,0.2078,FALSE,0.0
EF92C1A6E,NIG-220,220-500,D500,FC,DE,EUR,EXEC,Executive & Leadership,TERMINATED,FULL_TIME,1.0,2016-06-05,2023-02-28,137463.39,0.2239,TRUE,0.1541
E6A089D52,NIG-220,220-400,D400,FC,DE,EUR,FIN,Finance,ACTIVE,FULL_TIME,1.0,2015-03-22,,74543.72,0.1695,TRUE,0.0895
ED166E93E,NIG-220,220-100,D100,FC,DE,EUR,PROD,Production & Assembly,ACTIVE,FULL_TIME,1.0,2021-10-18,,55015.84,0.2673,FALSE,0.0
E82310F78,NIG-220,220-405,D405,FC,DE,EUR,ADMIN,Administration,ACTIVE,FULL_TIME,1.0,2017-04-06,,37744.83,0.2183,FALSE,0.0
E70AA7125,NIG-220,220-910,D910,FC,DE,EUR,FIN,Finance,ACTIVE,FULL_TIME,1.0,2015-08-01,,85610.74,0.1648,TRUE,0.0841
ED2272D33,NIG-220,220-510,D510,FC,DE,EUR,SALES,Sales & Commercial,ACTIVE,FULL_TIME,1.0,2015-01-23,,100973.89,0.1951,TRUE,0.3035
E4C68D636,NIG-220,220-115,D115,FC,DE,EUR,SUPPLY,Supply Chain & Warehouse,ACTIVE,FULL_TIME,1.0,2016-09-30,,66266.99,0.2581,FALSE,0.0
EB090CE18,NIG-220,220-105,D105,FC,DE,EUR,QUAL,Quality & HSE,ACTIVE,FULL_TIME,1.0,2018-08-12,,45658.98,0.2066,FALSE,0.0
E187FC566,NIG-220,220-100,D100,FC,DE,EUR,PROD,Production & Assembly,ACTIVE,FULL_TIME,1.0,2020-02-26,,50653.83,0.2693,FALSE,0.0
EBE81A0F8,NIG-220,220-405,D405,FC,DE,EUR,SALES,Sales & Commercial,ACTIVE,FULL_TIME,1.0,2021-06-04,,93533.48,0.2021,TRUE,0.2918
E0BEF10C3,NIG-220,220-505,D505,FC,DE,EUR,FIN,Finance,ACTIVE,FULL_TIME,1.0,2016-09-19,,51236.9,0.2676,TRUE,0.2764
E3E5C016B,NIG-220,220-520,D520,FC,DE,EUR,FIN,Finance,ACTIVE,FULL_TIME,1.0,2020-08-10,,105541.72,0.2293,TRUE,0.1521
EE4DBB6B0,NIG-220,220-105,D105,FC,DE,EUR,SUPPLY,Supply Chain & Warehouse,ACTIVE,FULL_TIME,1.0,2016-05-12,,37288.12,0.2038,FALSE,0.0
E7F027920,NIG-220,220-100,D100,FC,DE,EUR,PROD,Production & Assembly,TERMINATED,FULL_TIME,1.0,2018-06-08,2024-01-31,41516.37,0.2299,FALSE,0.0
EFF1FDF56,NIG-220,220-105,D105,FC,DE,EUR,QUAL,Quality & HSE,ACTIVE,FULL_TIME,1.0,2018-03-24,,68170.28,0.1609,FALSE,0.0
E087CB794,NIG-220,220-100,D100,FC,DE,EUR,PROD,Production & Assembly,ACTIVE,PART_TIME,0.6,2015-02-03,,66423.01,0.2619,FALSE,0.0
EE42F837C,NIG-220,220-400,D400,FC,DE,EUR,EXEC,Executive & Leadership,ACTIVE,FULL_TIME,1.0,2021-03-29,,189212.09,0.1622,TRUE,0.2867
E0A2626B7,NIG-220,220-120,D120,FC,DE,EUR,QUAL,Quality & HSE,ACTIVE,FULL_TIME,1.0,2015-02-05,,44986.63,0.2187,FALSE,0.0
E5468586F,NIG-220,220-405,D405,FC,DE,EUR,FIN,Finance,ACTIVE,FULL_TIME,1.0,2017-06-01,,64991.59,0.2067,TRUE,0.0699
E16C176D2,NIG-220,220-405,D405,FC,DE,EUR,IT,Information Technology,ACTIVE,FULL_TIME,1.0,2016-06-19,,91006.69,0.1805,TRUE,0.0752
E84AB81BC,NIG-220,220-500,D500,FC,DE,EUR,FIN,Finance,ACTIVE,FULL_TIME,1.0,2020-12-21,,74102.51,0.2258,TRUE,0.3357
EC7D5BE92,NIG-220,220-405,D405,FC,DE,EUR,SALES,Sales & Commercial,TERMINATED,FULL_TIME,1.0,2019-09-23,2024-10-31,71531.22,0.2098,TRUE,0.1196
E7403DBFE,NIG-220,220-410,D410,FC,DE,EUR,HR,Human Resources,ACTIVE,PART_TIME,0.5,2020-02-08,,72338.44,0.1992,FALSE,0.0
E074E8FC9,NIG-220,220-910,D910,FC,DE,EUR,IT,Information Technology,ACTIVE,FULL_TIME,1.0,2021-12-05,,73235.02,0.2,TRUE,0.0752
E12B418CE,NIG-220,220-405,D405,FC,DE,EUR,FIN,Finance,ACTIVE,FULL_TIME,1.0,2021-11-04,,87106.3,0.1668,TRUE,0.2938
EB4E43883,NIG-220,220-105,D105,FC,DE,EUR,QUAL,Quality & HSE,TERMINATED,FULL_TIME,1.0,2020-02-16,2023-11-30,59698.42,0.2137,FALSE,0.0
EC7024754,NIG-220,220-405,D405,FC,DE,EUR,ADMIN,Administration,ACTIVE,FULL_TIME,1.0,2021-09-08,,44204.11,0.2259,FALSE,0.0
ECA4B5B52,NIG-220,220-400,D400,FC,DE,EUR,HR,Human Resources,ACTIVE,FULL_TIME,1.0,2022-06-27,,78757.65,0.1685,FALSE,0.0
E488D1E83,NIG-220,220-520,D520,FC,DE,EUR,ADMIN,Administration,ACTIVE,FULL_TIME,1.0,2018-02-10,,63634.56,0.2183,FALSE,0.0
E116074A5,NIG-220,220-510,D510,FC,DE,EUR,IT,Information Technology,ACTIVE,PART_TIME,0.8,2019-11-19,,86879.99,0.2642,TRUE,0.1598
EDB699EC0,NIG-220,220-400,D400,FC,DE,EUR,HR,Human Resources,TERMINATED,FULL_TIME,1.0,2017-01-24,2025-06-30,85530.21,0.1931,FALSE,0.0
E8F2ACFDA,NIG-220,220-120,D120,FC,DE,EUR,SUPPLY,Supply Chain & Warehouse,ACTIVE,FULL_TIME,1.0,2019-07-21,,56602.53,0.2664,FALSE,0.0
E37757D2D,NIG-220,220-110,D110,FC,DE,EUR,QUAL,Quality & HSE,ACTIVE,FULL_TIME,1.0,2015-08-17,,61044.02,0.2473,FALSE,0.0
E219077B5,NIG-220,220-520,D520,FC,DE,EUR,EXEC,Executive & Leadership,ACTIVE,FULL_TIME,1.0,2019-01-17,,214768.39,0.1771,TRUE,0.1632
E9D5BE12E,NIG-220,220-520,D520,FC,DE,EUR,EXEC,Executive & Leadership,ACTIVE,FULL_TIME,1.0,2016-10-28,,207424.53,0.2461,TRUE,0.1018
E7FEDD9C3,NIG-220,220-110,D110,FC,DE,EUR,QUAL,Quality & HSE,ACTIVE,FULL_TIME,1.0,2020-02-01,,84766.11,0.1763,FALSE,0.0
E2A0F7386,NIG-220,220-100,D100,FC,DE,EUR,PROD,Production & Assembly,ACTIVE,FULL_TIME,1.0,2015-11-19,,53921.78,0.2649,FALSE,0.0
EAC57FFF9,NIG-220,220-105,D105,FC,DE,EUR,QUAL,Quality & HSE,ACTIVE,FULL_TIME,1.0,2018-10-12,,65937.13,0.2651,FALSE,0.0
EB5982C1E,NIG-220,220-505,D505,FC,DE,EUR,FIN,Finance,ACTIVE,PART_TIME,0.6,2019-09-16,,77738.59,0.269,TRUE,0.0613
ED4E8EE65,NIG-220,220-510,D510,FC,DE,EUR,HR,Human Resources,TERMINATED,FULL_TIME,1.0,2015-02-26,2025-12-31,46633.02,0.2387,FALSE,0.0
E4E613EDD,NIG-220,220-520,D520,FC,DE,EUR,IT,Information Technology,TERMINATED,PART_TIME,0.8,2017-02-17,2025-08-31,100268.9,0.1981,TRUE,0.207
ED258FB69,NIG-220,220-405,D405,FC,DE,EUR,SALES,Sales & Commercial,ACTIVE,FULL_TIME,1.0,2022-08-17,,84352.69,0.1799,TRUE,0.0629
E8E165A14,NIG-220,220-105,D105,FC,DE,EUR,SUPPLY,Supply Chain & Warehouse,ACTIVE,PART_TIME,0.6,2016-05-02,,48047.64,0.1635,FALSE,0.0
ECEDD4583,NIG-220,220-105,D105,FC,DE,EUR,SUPPLY,Supply Chain & Warehouse,TERMINATED,FULL_TIME,1.0,2020-05-17,2025-08-31,50835.88,0.2209,FALSE,0.0
E1710B1C4,NIG-220,220-115,D115,FC,DE,EUR,SUPPLY,Supply Chain & Warehouse,ACTIVE,FULL_TIME,1.0,2016-10-24,,58954.11,0.2063,FALSE,0.0
E3156E560,NIG-220,220-105,D105,FC,DE,EUR,SUPPLY,Supply Chain & Warehouse,TERMINATED,FULL_TIME,1.0,2020-02-06,2024-02-29,58128.24,0.1898,FALSE,0.0
E50180359,NIG-220,220-510,D510,FC,DE,EUR,FIN,Finance,ACTIVE,FULL_TIME,1.0,2019-10-17,,103691.33,0.2064,TRUE,0.3417
E52D63D60,NIG-220,220-115,D115,FC,DE,EUR,SUPPLY,Supply Chain & Warehouse,ACTIVE,FULL_TIME,1.0,2019-06-27,,48043.79,0.2519,FALSE,0.0
E7BDD0650,NIG-220,220-400,D400,FC,DE,EUR,IT,Information Technology,ACTIVE,FULL_TIME,1.0,2018-05-05,,87419.01,0.2066,TRUE,0.3276
E1AEDBADF,NIG-220,220-405,D405,FC,DE,EUR,FIN,Finance,ACTIVE,FULL_TIME,1.0,2019-12-18,,87393.34,0.1898,TRUE,0.2233
ED3E9A8EA,NIG-220,220-410,D410,FC,DE,EUR,FIN,Finance,ACTIVE,FULL_TIME,1.0,2018-06-29,,107819.6,0.189,TRUE,0.3116
E4F00ED6A,NIG-220,220-510,D510,FC,DE,EUR,EXEC,Executive & Leadership,TERMINATED,PART_TIME,0.8,2021-06-28,2026-06-30,127233.6,0.2619,TRUE,0.274
E4859A2CF,NIG-220,220-410,D410,FC,DE,EUR,FIN,Finance,ACTIVE,FULL_TIME,1.0,2020-05-23,,105179.26,0.1993,TRUE,0.0678
ED8096696,NIG-220,220-520,D520,FC,DE,EUR,HR,Human Resources,ACTIVE,FULL_TIME,1.0,2021-09-27,,60404.42,0.2464,FALSE,0.0
EDF0B39A8,NIG-220,220-410,D410,FC,DE,EUR,ADMIN,Administration,TERMINATED,FULL_TIME,1.0,2019-02-07,2023-08-31,56001.79,0.1998,FALSE,0.0
E7C702320,NIG-220,220-120,D120,FC,DE,EUR,SUPPLY,Supply Chain & Warehouse,ACTIVE,FULL_TIME,1.0,2020-03-29,,66558.68,0.2237,FALSE,0.0
EF3ABD8DF,NIG-220,220-410,D410,FC,DE,EUR,EXEC,Executive & Leadership,ACTIVE,FULL_TIME,1.0,2020-01-17,,166985.8,0.2234,TRUE,0.1322
E38E74F67,NIG-220,220-105,D105,FC,DE,EUR,QUAL,Quality & HSE,ACTIVE,FULL_TIME,1.0,2019-04-25,,84567.92,0.1783,FALSE,0.0
E0A29CB39,NIG-220,220-400,D400,FC,DE,EUR,SALES,Sales & Commercial,TERMINATED,FULL_TIME,1.0,2021-10-13,2024-03-31,77639.37,0.2089,TRUE,0.1996
EDCA3A584,NIG-220,220-115,D115,FC,DE,EUR,QUAL,Quality & HSE,ACTIVE,FULL_TIME,1.0,2015-10-06,,81500.6,0.1834,FALSE,0.0
E4BA2E5F1,NIG-220,220-910,D910,FC,DE,EUR,SALES,Sales & Commercial,ACTIVE,FULL_TIME,1.0,2019-06-05,,88606.5,0.2033,TRUE,0.3254
EBEC8C4EE,NIG-220,220-105,D105,FC,DE,EUR,SUPPLY,Supply Chain & Warehouse,ACTIVE,FULL_TIME,1.0,2021-03-22,,67651.5,0.1947,FALSE,0.0
E195EECD6,NIG-220,220-510,D510,FC,DE,EUR,ADMIN,Administration,ACTIVE,FULL_TIME,1.0,2023-04-01,,48803.33,0.2575,FALSE,0.0
EEB8169F7,NIG-220,220-500,D500,FC,DE,EUR,HR,Human Resources,TERMINATED,FULL_TIME,1.0,2023-04-01,2024-05-31,91067.26,0.2689,FALSE,0.0
EED3EF809,NIG-220,220-120,D120,FC,DE,EUR,SUPPLY,Supply Chain & Warehouse,ACTIVE,FULL_TIME,1.0,2023-04-01,,79093.96,0.195,FALSE,0.0
ED39067B3,NIG-220,220-115,D115,FC,DE,EUR,QUAL,Quality & HSE,ACTIVE,FULL_TIME,1.0,2023-04-01,,75539.51,0.1693,FALSE,0.0
E23503552,NIG-220,220-105,D105,FC,DE,EUR,QUAL,Quality & HSE,ACTIVE,PART_TIME,0.6,2023-04-01,,68563.38,0.1961,FALSE,0.0
E5F267F9E,NIG-220,220-115,D115,FC,DE,EUR,SUPPLY,Supply Chain & Warehouse,ACTIVE,FULL_TIME,1.0,2023-04-20,,56744.74,0.259,FALSE,0.0
E95C0216C,NIG-220,220-505,D505,FC,DE,EUR,HR,Human Resources,ACTIVE,FULL_TIME,1.0,2023-04-23,,104940.01,0.2198,FALSE,0.0
E65DF5F04,NIG-220,220-105,D105,FC,DE,EUR,SUPPLY,Supply Chain & Warehouse,ACTIVE,FULL_TIME,1.0,2023-04-09,,62288.03,0.2528,FALSE,0.0
E49979435,NIG-220,220-910,D910,FC,DE,EUR,ADMIN,Administration,ACTIVE,FULL_TIME,1.0,2023-05-04,,46088.93,0.207,FALSE,0.0
E274B8174,NIG-220,220-510,D510,FC,DE,EUR,HR,Human Resources,ACTIVE,FULL_TIME,1.0,2023-05-14,,88702.66,0.1961,FALSE,0.0
E9D0B26CC,NIG-220,220-910,D910,FC,DE,EUR,IT,Information Technology,TERMINATED,FULL_TIME,1.0,2023-05-09,2026-03-31,85237.64,0.175,TRUE,0.2921
E752220E5,NIG-220,220-110,D110,FC,DE,EUR,QUAL,Quality & HSE,ACTIVE,FULL_TIME,1.0,2023-06-27,,73745.06,0.1665,FALSE,0.0
E94DF03B0,NIG-220,220-910,D910,FC,DE,EUR,FIN,Finance,ACTIVE,FULL_TIME,1.0,2023-06-23,,88628.21,0.2429,TRUE,0.2809
E0CFACE21,NIG-220,220-120,D120,FC,DE,EUR,QUAL,Quality & HSE,ACTIVE,FULL_TIME,1.0,2023-07-22,,65370.68,0.1936,FALSE,0.0
E43262506,NIG-220,220-520,D520,FC,DE,EUR,EXEC,Executive & Leadership,ACTIVE,FULL_TIME,1.0,2023-07-06,,209087.32,0.2048,TRUE,0.0894
E33A11926,NIG-220,220-115,D115,FC,DE,EUR,QUAL,Quality & HSE,ACTIVE,FULL_TIME,1.0,2023-07-02,,77046.25,0.2106,FALSE,0.0
EDAF05FBE,NIG-220,220-405,D405,FC,DE,EUR,ADMIN,Administration,ACTIVE,FULL_TIME,1.0,2023-08-31,,43728.84,0.23,FALSE,0.0
E322B7293,NIG-220,220-410,D410,FC,DE,EUR,IT,Information Technology,TERMINATED,FULL_TIME,1.0,2023-08-13,2024-10-31,76315.33,0.1989,TRUE,0.2994
EEB451A3B,NIG-220,220-105,D105,FC,DE,EUR,QUAL,Quality & HSE,TERMINATED,FULL_TIME,1.0,2023-09-14,2024-01-31,76462.53,0.2599,FALSE,0.0
E6F158A39,NIG-220,220-110,D110,FC,DE,EUR,QUAL,Quality & HSE,ACTIVE,FULL_TIME,1.0,2023-09-15,,67928.47,0.2065,FALSE,0.0
E51EF0690,NIG-220,220-510,D510,FC,DE,EUR,ADMIN,Administration,TERMINATED,FULL_TIME,1.0,2023-09-12,2026-02-28,60772.15,0.2323,FALSE,0.0
E54B9DA8F,NIG-220,220-410,D410,FC,DE,EUR,SALES,Sales & Commercial,ACTIVE,FULL_TIME,1.0,2023-10-22,,102033.77,0.1754,TRUE,0.2722
E452EC2B5,NIG-220,220-500,D500,FC,DE,EUR,EXEC,Executive & Leadership,TERMINATED,FULL_TIME,1.0,2023-10-15,2025-05-31,216268.41,0.2074,TRUE,0.1729
EA1329510,NIG-220,220-520,D520,FC,DE,EUR,FIN,Finance,TERMINATED,FULL_TIME,1.0,2023-10-23,2025-02-28,101820.92,0.2239,TRUE,0.1233
E4B36F34C,NIG-220,220-510,D510,FC,DE,EUR,FIN,Finance,ACTIVE,FULL_TIME,1.0,2023-11-08,,82763.77,0.2429,TRUE,0.2785
EDAA8C327,NIG-220,220-520,D520,FC,DE,EUR,FIN,Finance,ACTIVE,FULL_TIME,1.0,2023-11-15,,66662.47,0.2636,TRUE,0.2028
E94E980E8,NIG-220,220-105,D105,FC,DE,EUR,QUAL,Quality & HSE,TERMINATED,FULL_TIME,1.0,2023-12-21,2025-11-30,81327.76,0.1789,FALSE,0.0
E1B8CC2A6,NIG-220,220-505,D505,FC,DE,EUR,ADMIN,Administration,ACTIVE,FULL_TIME,1.0,2023-12-05,,46939.86,0.2176,FALSE,0.0
E9BA3BCEA,NIG-220,220-510,D510,FC,DE,EUR,IT,Information Technology,TERMINATED,FULL_TIME,1.0,2023-12-05,2025-02-28,114007.18,0.2339,TRUE,0.0806
E27C839F0,NIG-220,220-510,D510,FC,DE,EUR,HR,Human Resources,TERMINATED,FULL_TIME,1.0,2024-01-26,2026-03-31,93327.92,0.2686,FALSE,0.0
E1BCCB18C,NIG-220,220-910,D910,FC,DE,EUR,SALES,Sales & Commercial,ACTIVE,FULL_TIME,1.0,2024-03-04,,93188.03,0.2091,TRUE,0.3208
E2A2C0982,NIG-220,220-505,D505,FC,DE,EUR,ADMIN,Administration,ACTIVE,FULL_TIME,1.0,2024-04-07,,54552.53,0.2258,FALSE,0.0
E0B17D58F,NIG-220,220-400,D400,FC,DE,EUR,FIN,Finance,ACTIVE,FULL_TIME,1.0,2024-06-08,,71669.31,0.217,TRUE,0.2642
E80E2B2BF,NIG-220,220-520,D520,FC,DE,EUR,EXEC,Executive & Leadership,ACTIVE,FULL_TIME,1.0,2024-07-12,,201466.38,0.1757,TRUE,0.1731
E53B39724,NIG-220,220-105,D105,FC,DE,EUR,QUAL,Quality & HSE,ACTIVE,PART_TIME,0.6,2024-08-07,,69999.07,0.266,FALSE,0.0
E10DAC8CD,NIG-220,220-120,D120,FC,DE,EUR,SUPPLY,Supply Chain & Warehouse,TERMINATED,FULL_TIME,1.0,2024-10-05,2025-05-31,69026.61,0.2309,FALSE,0.0
E4451220F,NIG-220,220-120,D120,FC,DE,EUR,QUAL,Quality & HSE,TERMINATED,FULL_TIME,1.0,2024-11-16,2025-09-30,62074.09,0.1656,FALSE,0.0
EC91D354F,NIG-220,220-410,D410,FC,DE,EUR,EXEC,Executive & Leadership,ACTIVE,FULL_TIME,1.0,2024-02-11,,201646.13,0.2422,TRUE,0.0998
EC0032A8D,NIG-220,220-505,D505,FC,DE,EUR,IT,Information Technology,ACTIVE,FULL_TIME,1.0,2025-12-06,,93104.96,0.2639,TRUE,0.3153
E62272FC6,NIG-220,220-405,D405,FC,DE,EUR,SALES,Sales & Commercial,ACTIVE,FULL_TIME,1.0,2026-04-11,,100812.17,0.2002,TRUE,0.1933
E1821FED1,NIG-220,220-110,D110,FC,DE,EUR,QUAL,Quality & HSE,ACTIVE,FULL_TIME,1.0,2025-03-16,,78639.15,0.2155,FALSE,0.0
EC864682C,NIG-220,220-520,D520,FC,DE,EUR,SALES,Sales & Commercial,ACTIVE,FULL_TIME,1.0,2023-08-08,,79239.38,0.252,TRUE,0.2889
EEC51D7DE,NIG-220,220-120,D120,FC,DE,EUR,SUPPLY,Supply Chain & Warehouse,ACTIVE,FULL_TIME,1.0,2025-06-13,,41556.51,0.18,FALSE,0.0
EE7E2B014,NIG-220,220-510,D510,FC,DE,EUR,ADMIN,Administration,ACTIVE,FULL_TIME,1.0,2023-04-01,,57261.46,0.2561,FALSE,0.0
EBDC0EB2D,NIG-220,220-110,D110,FC,DE,EUR,QUAL,Quality & HSE,ACTIVE,FULL_TIME,1.0,2023-12-16,,70967.38,0.2448,FALSE,0.0
E5656F256,NIG-220,220-110,D110,FC,DE,EUR,QUAL,Quality & HSE,ACTIVE,FULL_TIME,1.0,2025-09-07,,49490.44,0.2562,FALSE,0.0
EC56D28FC,NIG-220,220-120,D120,FC,DE,EUR,QUAL,Quality & HSE,ACTIVE,FULL_TIME,1.0,2026-01-18,,56903.95,0.1742,FALSE,0.0
EB87BAFAB,NIG-220,220-100,D100,FC,DE,EUR,PROD,Production & Assembly,ACTIVE,FULL_TIME,1.0,2026-03-07,,58067.48,0.2623,FALSE,0.0
E5EB03992,NIG-220,220-505,D505,FC,DE,EUR,HR,Human Resources,ACTIVE,FULL_TIME,1.0,2025-10-20,,75657.12,0.2615,FALSE,0.0
E8897EDB6,NIG-220,220-400,D400,FC,DE,EUR,HR,Human Resources,ACTIVE,FULL_TIME,1.0,2025-07-13,,85642.17,0.1968,FALSE,0.0
ED136CD95,NIG-220,220-400,D400,FC,DE,EUR,SALES,Sales & Commercial,ACTIVE,FULL_TIME,1.0,2024-04-08,,97521.19,0.2481,TRUE,0.1327
E2B82B0EB,NIG-220,220-500,D500,FC,DE,EUR,ADMIN,Administration,ACTIVE,FULL_TIME,1.0,2023-03-19,,69167.9,0.2573,FALSE,0.0
E9E4589D9,NIG-220,220-120,D120,FC,DE,EUR,QUAL,Quality & HSE,ACTIVE,FULL_TIME,1.0,2024-11-01,,90790.57,0.2567,FALSE,0.0
EE9A85247,NIG-220,220-510,D510,FC,DE,EUR,IT,Information Technology,ACTIVE,FULL_TIME,1.0,2024-02-12,,85196.61,0.2139,TRUE,0.0866
E1C1BB501,NIG-220,220-115,D115,FC,DE,EUR,QUAL,Quality & HSE,ACTIVE,FULL_TIME,1.0,2024-11-07,,83022.26,0.1711,FALSE,0.0
E98C0F64D,NIG-220,220-910,D910,FC,DE,EUR,EXEC,Executive & Leadership,ACTIVE,PART_TIME,0.6,2023-07-10,,161317.06,0.2166,TRUE,0.0735
E468533DB,NIG-220,220-115,D115,FC,DE,EUR,SUPPLY,Supply Chain & Warehouse,ACTIVE,FULL_TIME,1.0,2025-09-10,,53055.03,0.1948,FALSE,0.0
E73643AE3,NIG-220,220-520,D520,FC,DE,EUR,IT,Information Technology,ACTIVE,FULL_TIME,1.0,2023-09-18,,86042.62,0.2059,TRUE,0.1196
E916F4697,NIG-220,220-115,D115,FC,DE,EUR,QUAL,Quality & HSE,ACTIVE,FULL_TIME,1.0,2024-06-06,,92913.57,0.2542,FALSE,0.0
E611923EB,NIG-220,220-100,D100,FC,DE,EUR,PROD,Production & Assembly,ACTIVE,FULL_TIME,1.0,2025-12-11,,59913.2,0.2149,FALSE,0.0
E2991C0C6,NIG-220,220-105,D105,FC,DE,EUR,SUPPLY,Supply Chain & Warehouse,ACTIVE,FULL_TIME,1.0,2025-06-05,,71277.5,0.2468,FALSE,0.0
E47EE242C,NIG-220,220-410,D410,FC,DE,EUR,ADMIN,Administration,ACTIVE,FULL_TIME,1.0,2025-03-19,,56099.27,0.186,FALSE,0.0
E87E7B59B,NIG-220,220-910,D910,FC,DE,EUR,IT,Information Technology,ACTIVE,FULL_TIME,1.0,2024-11-11,,86279.7,0.1631,TRUE,0.2493
E1C82108D,NIG-220,220-110,D110,FC,DE,EUR,SUPPLY,Supply Chain & Warehouse,ACTIVE,FULL_TIME,1.0,2024-03-18,,56657.51,0.202,FALSE,0.0
EE4948490,NIG-220,220-500,D500,FC,DE,EUR,HR,Human Resources,ACTIVE,FULL_TIME,1.0,2026-04-13,,75074.17,0.2668,FALSE,0.0
E7A406EBC,NIG-220,220-410,D410,FC,DE,EUR,EXEC,Executive & Leadership,ACTIVE,FULL_TIME,1.0,2026-07-05,,176448.49,0.2202,TRUE,0.2799
E4950E3A0,NIG-300,300-910,D910,IS,US,USD,EXEC,Executive & Leadership,TERMINATED,FULL_TIME,1.0,2017-03-29,2024-05-31,218043.79,0.1942,TRUE,0.2146
E4F70C46C,NIG-300,300-910,D910,IS,US,USD,FIN,Finance,TERMINATED,FULL_TIME,1.0,2013-12-28,2023-08-31,86127.88,0.2627,TRUE,0.0828
E12500D3D,NIG-300,300-500,D500,IS,US,USD,ADMIN,Administration,ACTIVE,FULL_TIME,1.0,2019-04-26,,57063.35,0.2657,FALSE,0.0
EDC1BD210,NIG-300,300-205,D205,IS,US,USD,FIELD,Field Service Technician,TERMINATED,FULL_TIME,1.0,2016-08-03,2025-11-30,88905.44,0.2523,FALSE,0.0
E5D7C9641,NIG-300,300-415,D415,IS,US,USD,ADMIN,Administration,ACTIVE,FULL_TIME,1.0,2018-01-27,,90455.07,0.2254,FALSE,0.0
E1629BF90,NIG-300,300-215,D215,IS,US,USD,SUPPLY,Supply Chain & Warehouse,ACTIVE,FULL_TIME,1.0,2016-12-04,,77359.66,0.1806,FALSE,0.0
EF0A62831,NIG-300,300-910,D910,IS,US,USD,EXEC,Executive & Leadership,TERMINATED,FULL_TIME,1.0,2018-08-19,2026-02-28,196476.63,0.2267,TRUE,0.1563
EA89273EE,NIG-300,300-500,D500,IS,US,USD,SALES,Sales & Commercial,ACTIVE,FULL_TIME,1.0,2017-12-12,,91161.86,0.2691,TRUE,0.2022
E8D9E83B0,NIG-300,300-510,D510,IS,US,USD,HR,Human Resources,ACTIVE,FULL_TIME,1.0,2013-02-12,,102448.45,0.2437,FALSE,0.0
E77858DF3,NIG-300,300-910,D910,IS,US,USD,EXEC,Executive & Leadership,ACTIVE,FULL_TIME,1.0,2016-04-01,,192252.49,0.1849,TRUE,0.1614
E1308F196,NIG-300,300-510,D510,IS,US,USD,FIN,Finance,TERMINATED,PART_TIME,0.6,2015-12-18,2023-07-31,86869.86,0.2223,TRUE,0.2806
E0CF1C63C,NIG-300,300-200,D200,IS,US,USD,FIELD,Field Service Technician,ACTIVE,FULL_TIME,1.0,2019-02-24,,80668.53,0.2185,FALSE,0.0
E70D693E1,NIG-300,300-400,D400,IS,US,USD,IT,Information Technology,ACTIVE,FULL_TIME,1.0,2018-10-11,,105621.93,0.2512,TRUE,0.2753
E51634D47,NIG-300,300-505,D505,IS,US,USD,FIN,Finance,ACTIVE,FULL_TIME,1.0,2018-01-11,,111112.25,0.1984,TRUE,0.1299
EB9F12E41,NIG-300,300-215,D215,IS,US,USD,QUAL,Quality & HSE,ACTIVE,FULL_TIME,1.0,2016-11-29,,101859.35,0.2661,FALSE,0.0
E8ABC3984,NIG-300,300-415,D415,IS,US,USD,IT,Information Technology,TERMINATED,FULL_TIME,1.0,2020-07-27,2024-05-31,84944.02,0.2561,TRUE,0.2
E9B656D1C,NIG-300,300-500,D500,IS,US,USD,FIN,Finance,ACTIVE,FULL_TIME,1.0,2013-04-14,,76725.45,0.1755,TRUE,0.2092
E0578BDF7,NIG-300,300-505,D505,IS,US,USD,IT,Information Technology,ACTIVE,FULL_TIME,1.0,2019-02-05,,105119.72,0.1608,TRUE,0.1325
E59B7D3FA,NIG-300,300-200,D200,IS,US,USD,FIELD,Field Service Technician,ACTIVE,FULL_TIME,1.0,2016-07-13,,76042.82,0.1995,FALSE,0.0
EEE26638A,NIG-300,300-215,D215,IS,US,USD,QUAL,Quality & HSE,ACTIVE,FULL_TIME,1.0,2014-05-14,,71167.18,0.266,FALSE,0.0
E2C55D588,NIG-300,300-500,D500,IS,US,USD,EXEC,Executive & Leadership,ACTIVE,FULL_TIME,1.0,2017-02-16,,251974.75,0.2484,TRUE,0.321
E222750E1,NIG-300,300-910,D910,IS,US,USD,FIN,Finance,ACTIVE,FULL_TIME,1.0,2016-09-07,,117755.39,0.209,TRUE,0.2452
E6E40A5DE,NIG-300,300-510,D510,IS,US,USD,FIN,Finance,ACTIVE,PART_TIME,0.6,2015-05-09,,102613.45,0.1921,TRUE,0.26
E02055D6F,NIG-300,300-200,D200,IS,US,USD,FIELD,Field Service Technician,TERMINATED,PART_TIME,0.8,2012-12-22,2024-12-31,108800.28,0.2627,FALSE,0.0
E9CB5B299,NIG-300,300-910,D910,IS,US,USD,FIN,Finance,ACTIVE,FULL_TIME,1.0,2019-06-27,,78308.84,0.2567,TRUE,0.1582
ED99C1FA4,NIG-300,300-505,D505,IS,US,USD,IT,Information Technology,ACTIVE,FULL_TIME,1.0,2015-08-20,,117060.62,0.2172,TRUE,0.1758
E8E00C6AF,NIG-300,300-205,D205,IS,US,USD,FIELD,Field Service Technician,TERMINATED,PART_TIME,0.8,2018-04-02,2024-08-31,77994.64,0.1609,FALSE,0.0
EC33DFDDC,NIG-300,300-215,D215,IS,US,USD,SUPPLY,Supply Chain & Warehouse,ACTIVE,FULL_TIME,1.0,2015-11-28,,79730.42,0.1956,FALSE,0.0
E630A72FC,NIG-300,300-500,D500,IS,US,USD,HR,Human Resources,ACTIVE,FULL_TIME,1.0,2015-12-29,,82373.21,0.1701,FALSE,0.0
E76CA1EA8,NIG-300,300-910,D910,IS,US,USD,IT,Information Technology,ACTIVE,FULL_TIME,1.0,2013-02-12,,107196.81,0.2677,TRUE,0.3269
E2781C87C,NIG-300,300-400,D400,IS,US,USD,ADMIN,Administration,TERMINATED,FULL_TIME,1.0,2020-06-07,2026-05-31,69059.41,0.2597,FALSE,0.0
EE198731F,NIG-300,300-200,D200,IS,US,USD,FIELD,Field Service Technician,ACTIVE,FULL_TIME,1.0,2015-03-10,,64268.1,0.1754,FALSE,0.0
EFEFCC3AE,NIG-300,300-910,D910,IS,US,USD,SALES,Sales & Commercial,ACTIVE,FULL_TIME,1.0,2017-01-18,,117130.73,0.1665,TRUE,0.2777
E18996FB9,NIG-300,300-505,D505,IS,US,USD,HR,Human Resources,TERMINATED,FULL_TIME,1.0,2019-09-16,2023-12-31,106461.03,0.1782,FALSE,0.0
EE70BF0B7,NIG-300,300-405,D405,IS,US,USD,EXEC,Executive & Leadership,ACTIVE,FULL_TIME,1.0,2018-02-28,,173412.69,0.1778,TRUE,0.3437
EEB0BAAF6,NIG-300,300-510,D510,IS,US,USD,SALES,Sales & Commercial,TERMINATED,FULL_TIME,1.0,2016-03-12,2025-02-28,79165.41,0.2669,TRUE,0.0709
E016D6E92,NIG-300,300-500,D500,IS,US,USD,HR,Human Resources,TERMINATED,FULL_TIME,1.0,2016-09-06,2023-09-30,84576.92,0.2183,FALSE,0.0
E8778EB28,NIG-300,300-910,D910,IS,US,USD,SALES,Sales & Commercial,ACTIVE,FULL_TIME,1.0,2014-03-31,,83805.5,0.2,TRUE,0.2037
EE7EB8815,NIG-300,300-505,D505,IS,US,USD,ADMIN,Administration,TERMINATED,FULL_TIME,1.0,2019-02-20,2025-07-31,62511.38,0.2642,FALSE,0.0
EBD317123,NIG-300,300-510,D510,IS,US,USD,FIN,Finance,ACTIVE,FULL_TIME,1.0,2014-10-28,,93016.49,0.1618,TRUE,0.1306
E1C27149C,NIG-300,300-200,D200,IS,US,USD,FIELD,Field Service Technician,ACTIVE,FULL_TIME,1.0,2017-11-11,,84253.88,0.2368,FALSE,0.0
EE3F45DA3,NIG-300,300-200,D200,IS,US,USD,FIELD,Field Service Technician,ACTIVE,FULL_TIME,1.0,2017-08-20,,80634.95,0.2371,FALSE,0.0
EFB8D29F3,NIG-300,300-510,D510,IS,US,USD,HR,Human Resources,ACTIVE,FULL_TIME,1.0,2015-06-05,,81147.72,0.2288,FALSE,0.0
E23B572C4,NIG-300,300-215,D215,IS,US,USD,QUAL,Quality & HSE,ACTIVE,FULL_TIME,1.0,2018-09-26,,86010.29,0.2206,FALSE,0.0
EA5CCAE8E,NIG-300,300-205,D205,IS,US,USD,FIELD,Field Service Technician,ACTIVE,FULL_TIME,1.0,2016-07-01,,76421.68,0.2515,FALSE,0.0
E04B74EE1,NIG-300,300-505,D505,IS,US,USD,IT,Information Technology,ACTIVE,FULL_TIME,1.0,2018-07-02,,129572.91,0.2664,TRUE,0.1532
E18F68582,NIG-300,300-500,D500,IS,US,USD,ADMIN,Administration,ACTIVE,FULL_TIME,1.0,2016-05-24,,49295.52,0.1888,FALSE,0.0
E3AEB531C,NIG-300,300-415,D415,IS,US,USD,HR,Human Resources,TERMINATED,FULL_TIME,1.0,2013-02-13,2023-12-31,91777.63,0.24,FALSE,0.0
E25CF778A,NIG-300,300-505,D505,IS,US,USD,SALES,Sales & Commercial,ACTIVE,FULL_TIME,1.0,2014-03-13,,105888.66,0.2506,TRUE,0.2701
ECF92642B,NIG-300,300-400,D400,IS,US,USD,FIN,Finance,ACTIVE,FULL_TIME,1.0,2014-07-17,,92018.69,0.1774,TRUE,0.1189
E69BAE888,NIG-300,300-200,D200,IS,US,USD,FIELD,Field Service Technician,TERMINATED,FULL_TIME,1.0,2013-10-23,2026-05-31,74301.27,0.1651,FALSE,0.0
E28096829,NIG-300,300-415,D415,IS,US,USD,FIN,Finance,ACTIVE,FULL_TIME,1.0,2018-06-19,,94792.7,0.2644,TRUE,0.1255
ECB700367,NIG-300,300-215,D215,IS,US,USD,QUAL,Quality & HSE,TERMINATED,FULL_TIME,1.0,2013-05-27,2023-07-31,73537.27,0.1605,FALSE,0.0
ED7754ADA,NIG-300,300-510,D510,IS,US,USD,FIN,Finance,ACTIVE,FULL_TIME,1.0,2014-05-25,,79660.84,0.1965,TRUE,0.24
E5DBFB573,NIG-300,300-205,D205,IS,US,USD,FIELD,Field Service Technician,ACTIVE,FULL_TIME,1.0,2017-08-30,,86889.54,0.2307,FALSE,0.0
E3417E2FC,NIG-300,300-510,D510,IS,US,USD,IT,Information Technology,TERMINATED,FULL_TIME,1.0,2013-12-14,2024-12-31,110629.29,0.2312,TRUE,0.3028
ECB939AC8,NIG-300,300-505,D505,IS,US,USD,SALES,Sales & Commercial,TERMINATED,FULL_TIME,1.0,2017-10-02,2024-01-31,107624.44,0.1935,TRUE,0.2983
E7A4A9353,NIG-300,300-200,D200,IS,US,USD,FIELD,Field Service Technician,ACTIVE,FULL_TIME,1.0,2014-09-05,,79307.87,0.2095,FALSE,0.0
E8834755D,NIG-300,300-200,D200,IS,US,USD,FIELD,Field Service Technician,ACTIVE,FULL_TIME,1.0,2020-04-18,,86743.05,0.1874,FALSE,0.0
E025FCEBE,NIG-300,300-200,D200,IS,US,USD,FIELD,Field Service Technician,ACTIVE,FULL_TIME,1.0,2016-01-25,,80887.44,0.2227,FALSE,0.0
E1D6E3541,NIG-300,300-205,D205,IS,US,USD,FIELD,Field Service Technician,ACTIVE,FULL_TIME,1.0,2013-11-09,,72726.87,0.1942,FALSE,0.0
E08F5C59F,NIG-300,300-400,D400,IS,US,USD,HR,Human Resources,TERMINATED,FULL_TIME,1.0,2017-01-01,2023-05-31,102860.37,0.2003,FALSE,0.0
E6E8CE17D,NIG-300,300-415,D415,IS,US,USD,EXEC,Executive & Leadership,ACTIVE,FULL_TIME,1.0,2016-05-19,,245333.36,0.2114,TRUE,0.0838
E632EB55E,NIG-300,300-910,D910,IS,US,USD,HR,Human Resources,ACTIVE,FULL_TIME,1.0,2014-03-31,,120220.14,0.2173,FALSE,0.0
E99827756,NIG-300,300-910,D910,IS,US,USD,EXEC,Executive & Leadership,ACTIVE,FULL_TIME,1.0,2019-10-25,,212020.6,0.2462,TRUE,0.3279
ED6324FC0,NIG-300,300-400,D400,IS,US,USD,SALES,Sales & Commercial,ACTIVE,FULL_TIME,1.0,2019-10-11,,88210.41,0.2597,TRUE,0.2495
EB426FF65,NIG-300,300-505,D505,IS,US,USD,IT,Information Technology,ACTIVE,FULL_TIME,1.0,2018-12-25,,117152.45,0.1697,TRUE,0.1703
E3E273B84,NIG-300,300-910,D910,IS,US,USD,IT,Information Technology,TERMINATED,FULL_TIME,1.0,2018-06-06,2024-03-31,101415.41,0.1963,TRUE,0.2617
EF89433F1,NIG-300,300-415,D415,IS,US,USD,FIN,Finance,ACTIVE,FULL_TIME,1.0,2020-07-17,,115690.51,0.1633,TRUE,0.2253
E996D4A13,NIG-300,300-910,D910,IS,US,USD,HR,Human Resources,ACTIVE,FULL_TIME,1.0,2016-08-05,,86420.65,0.1782,FALSE,0.0
EF50B56CC,NIG-300,300-910,D910,IS,US,USD,EXEC,Executive & Leadership,ACTIVE,FULL_TIME,1.0,2019-01-15,,186641.32,0.1667,TRUE,0.1513
EE3B46A05,NIG-300,300-505,D505,IS,US,USD,HR,Human Resources,ACTIVE,FULL_TIME,1.0,2019-08-10,,76526.46,0.1981,FALSE,0.0
E7210A76E,NIG-300,300-215,D215,IS,US,USD,QUAL,Quality & HSE,ACTIVE,FULL_TIME,1.0,2013-10-25,,86424.57,0.25,FALSE,0.0
EEBE3FCDD,NIG-300,300-205,D205,IS,US,USD,FIELD,Field Service Technician,ACTIVE,FULL_TIME,1.0,2016-07-27,,84739.65,0.2676,FALSE,0.0
EE0076EB5,NIG-300,300-415,D415,IS,US,USD,FIN,Finance,ACTIVE,FULL_TIME,1.0,2014-02-24,,103076.28,0.2079,TRUE,0.1512
E5B33D475,NIG-300,300-405,D405,IS,US,USD,IT,Information Technology,ACTIVE,PART_TIME,0.8,2018-01-03,,109335.32,0.2143,TRUE,0.2725
EC7F07DA1,NIG-300,300-505,D505,IS,US,USD,HR,Human Resources,TERMINATED,FULL_TIME,1.0,2016-03-30,2026-01-31,92517.29,0.211,FALSE,0.0
EF717D21E,NIG-300,300-205,D205,IS,US,USD,FIELD,Field Service Technician,ACTIVE,FULL_TIME,1.0,2018-07-09,,71107.67,0.1883,FALSE,0.0
ED9FBD890,NIG-300,300-215,D215,IS,US,USD,SUPPLY,Supply Chain & Warehouse,TERMINATED,FULL_TIME,1.0,2017-10-09,2025-09-30,70164.02,0.1698,FALSE,0.0
EC4C10A34,NIG-300,300-205,D205,IS,US,USD,FIELD,Field Service Technician,ACTIVE,FULL_TIME,1.0,2019-04-26,,84418.87,0.1759,FALSE,0.0
E29ACBC46,NIG-300,300-405,D405,IS,US,USD,ADMIN,Administration,ACTIVE,FULL_TIME,1.0,2019-08-25,,49898.3,0.2379,FALSE,0.0
E4B50D2A0,NIG-300,300-405,D405,IS,US,USD,SALES,Sales & Commercial,ACTIVE,FULL_TIME,1.0,2013-11-28,,84510.2,0.1712,TRUE,0.1742
E06D56363,NIG-300,300-505,D505,IS,US,USD,SALES,Sales & Commercial,ACTIVE,FULL_TIME,1.0,2013-09-28,,104565.83,0.2274,TRUE,0.2409
EA6B2D17B,NIG-300,300-215,D215,IS,US,USD,QUAL,Quality & HSE,ACTIVE,PART_TIME,0.8,2018-12-30,,68077.38,0.202,FALSE,0.0
E254C5482,NIG-300,300-510,D510,IS,US,USD,SALES,Sales & Commercial,ACTIVE,FULL_TIME,1.0,2014-09-11,,104532.34,0.2174,TRUE,0.0714
EC12F02C0,NIG-300,300-505,D505,IS,US,USD,IT,Information Technology,ACTIVE,FULL_TIME,1.0,2018-04-03,,101435.1,0.2361,TRUE,0.1219
E8CE07B6F,NIG-300,300-200,D200,IS,US,USD,FIELD,Field Service Technician,ACTIVE,FULL_TIME,1.0,2018-04-19,,74523.73,0.1802,FALSE,0.0
EEDDAD62C,NIG-300,300-500,D500,IS,US,USD,IT,Information Technology,ACTIVE,FULL_TIME,1.0,2019-12-23,,131101.47,0.2199,TRUE,0.3224
EA6B867F0,NIG-300,300-205,D205,IS,US,USD,FIELD,Field Service Technician,ACTIVE,FULL_TIME,1.0,2019-03-28,,67060.82,0.2695,FALSE,0.0
E76765D2B,NIG-300,300-205,D205,IS,US,USD,FIELD,Field Service Technician,ACTIVE,FULL_TIME,1.0,2013-06-13,,81724.73,0.2097,FALSE,0.0
E880BF034,NIG-300,300-505,D505,IS,US,USD,EXEC,Executive & Leadership,ACTIVE,FULL_TIME,1.0,2016-10-23,,121089.75,0.1647,TRUE,0.2579
ED7EC6F44,NIG-300,300-205,D205,IS,US,USD,FIELD,Field Service Technician,ACTIVE,FULL_TIME,1.0,2015-10-06,,88202.84,0.2215,FALSE,0.0
EE6A93F7D,NIG-300,300-200,D200,IS,US,USD,FIELD,Field Service Technician,ACTIVE,FULL_TIME,1.0,2013-07-09,,78349.84,0.1621,FALSE,0.0
E7AC0CA47,NIG-300,300-400,D400,IS,US,USD,FIN,Finance,ACTIVE,FULL_TIME,1.0,2014-01-27,,123367.46,0.2233,TRUE,0.2181
EAED09A25,NIG-300,300-400,D400,IS,US,USD,SALES,Sales & Commercial,ACTIVE,FULL_TIME,1.0,2014-02-26,,79492.54,0.2296,TRUE,0.2159
E849F22B7,NIG-300,300-200,D200,IS,US,USD,FIELD,Field Service Technician,TERMINATED,FULL_TIME,1.0,2013-06-17,2025-06-30,60409.39,0.2266,FALSE,0.0
E42996702,NIG-300,300-510,D510,IS,US,USD,IT,Information Technology,ACTIVE,FULL_TIME,1.0,2019-08-31,,139584.63,0.2193,TRUE,0.3177
EDDAC0F18,NIG-300,300-400,D400,IS,US,USD,HR,Human Resources,ACTIVE,FULL_TIME,1.0,2020-01-09,,97603.61,0.1699,FALSE,0.0
EFA528FC2,NIG-300,300-215,D215,IS,US,USD,SUPPLY,Supply Chain & Warehouse,ACTIVE,FULL_TIME,1.0,2016-11-15,,77782.34,0.2461,FALSE,0.0
EFBB197F8,NIG-300,300-405,D405,IS,US,USD,SALES,Sales & Commercial,TERMINATED,FULL_TIME,1.0,2016-03-14,2024-01-31,107399.69,0.2113,TRUE,0.3453
ED0EF61D7,NIG-300,300-400,D400,IS,US,USD,EXEC,Executive & Leadership,ACTIVE,FULL_TIME,1.0,2013-05-20,,261519.5,0.2078,TRUE,0.2333
E652EE152,NIG-300,300-405,D405,IS,US,USD,FIN,Finance,TERMINATED,FULL_TIME,1.0,2013-06-21,2023-01-31,95735.51,0.1848,TRUE,0.0878
E01C867AA,NIG-300,300-510,D510,IS,US,USD,SALES,Sales & Commercial,ACTIVE,FULL_TIME,1.0,2015-12-25,,108080.43,0.2025,TRUE,0.166
E62844633,NIG-300,300-400,D400,IS,US,USD,EXEC,Executive & Leadership,TERMINATED,FULL_TIME,1.0,2016-08-04,2024-05-31,186922.59,0.1752,TRUE,0.1818
EF6833DD9,NIG-300,300-910,D910,IS,US,USD,HR,Human Resources,ACTIVE,FULL_TIME,1.0,2016-09-29,,83475.84,0.1647,FALSE,0.0
E8473C54F,NIG-300,300-500,D500,IS,US,USD,EXEC,Executive & Leadership,ACTIVE,FULL_TIME,1.0,2015-01-31,,194106.65,0.2446,TRUE,0.1719
E3D5A9DE2,NIG-300,300-205,D205,IS,US,USD,FIELD,Field Service Technician,TERMINATED,FULL_TIME,1.0,2013-10-06,2025-09-30,60319.06,0.1859,FALSE,0.0
E0BD476C1,NIG-300,300-510,D510,IS,US,USD,ADMIN,Administration,TERMINATED,FULL_TIME,1.0,2020-04-26,2024-09-30,49420.91,0.1797,FALSE,0.0
EB60B338B,NIG-300,300-910,D910,IS,US,USD,ADMIN,Administration,ACTIVE,FULL_TIME,1.0,2017-04-29,,65047.06,0.1993,FALSE,0.0
E383761A6,NIG-300,300-500,D500,IS,US,USD,IT,Information Technology,TERMINATED,FULL_TIME,1.0,2016-12-26,2023-07-31,76922.83,0.2495,TRUE,0.3259
E0BAD2218,NIG-300,300-400,D400,IS,US,USD,FIN,Finance,ACTIVE,FULL_TIME,1.0,2016-01-09,,87054.34,0.1758,TRUE,0.2604
ED0647ACE,NIG-300,300-200,D200,IS,US,USD,FIELD,Field Service Technician,ACTIVE,FULL_TIME,1.0,2015-04-11,,82461.35,0.2682,FALSE,0.0
EAAAECEE0,NIG-300,300-405,D405,IS,US,USD,IT,Information Technology,ACTIVE,FULL_TIME,1.0,2019-10-16,,88754.46,0.1639,TRUE,0.3172
E7A165811,NIG-300,300-415,D415,IS,US,USD,ADMIN,Administration,ACTIVE,FULL_TIME,1.0,2014-02-26,,77367.69,0.1838,FALSE,0.0
EE8AEF4A6,NIG-300,300-205,D205,IS,US,USD,FIELD,Field Service Technician,ACTIVE,FULL_TIME,1.0,2014-01-30,,75922.75,0.24,FALSE,0.0
E8D489FC2,NIG-300,300-205,D205,IS,US,USD,FIELD,Field Service Technician,TERMINATED,FULL_TIME,1.0,2017-03-11,2026-03-31,86280.59,0.1666,FALSE,0.0
E9FE95F34,NIG-300,300-205,D205,IS,US,USD,FIELD,Field Service Technician,ACTIVE,FULL_TIME,1.0,2014-06-18,,70254.18,0.2696,FALSE,0.0
E7592D7E5,NIG-300,300-200,D200,IS,US,USD,FIELD,Field Service Technician,ACTIVE,PART_TIME,0.5,2017-02-19,,57762.07,0.1913,FALSE,0.0
E08371203,NIG-300,300-505,D505,IS,US,USD,ADMIN,Administration,ACTIVE,FULL_TIME,1.0,2017-03-17,,55671.58,0.2152,FALSE,0.0
EA59A48D3,NIG-300,300-505,D505,IS,US,USD,FIN,Finance,ACTIVE,FULL_TIME,1.0,2017-11-03,,126484.76,0.2331,TRUE,0.3167
E54773758,NIG-300,300-215,D215,IS,US,USD,SUPPLY,Supply Chain & Warehouse,ACTIVE,FULL_TIME,1.0,2018-07-01,,58196.74,0.2544,FALSE,0.0
E805E0E15,NIG-300,300-200,D200,IS,US,USD,FIELD,Field Service Technician,ACTIVE,FULL_TIME,1.0,2013-01-30,,83930.33,0.2207,FALSE,0.0
E9FC266D8,NIG-300,300-510,D510,IS,US,USD,FIN,Finance,ACTIVE,FULL_TIME,1.0,2020-01-12,,93854.07,0.2688,TRUE,0.0968
E3D15C154,NIG-300,300-510,D510,IS,US,USD,ADMIN,Administration,ACTIVE,FULL_TIME,1.0,2015-02-02,,71106.48,0.1982,FALSE,0.0
E01E8F25A,NIG-300,300-415,D415,IS,US,USD,ADMIN,Administration,ACTIVE,FULL_TIME,1.0,2019-10-15,,65013.51,0.1995,FALSE,0.0
E128EDCED,NIG-300,300-405,D405,IS,US,USD,HR,Human Resources,TERMINATED,FULL_TIME,1.0,2020-08-01,2026-04-30,84285.56,0.263,FALSE,0.0
EDA98EE00,NIG-300,300-500,D500,IS,US,USD,ADMIN,Administration,ACTIVE,FULL_TIME,1.0,2017-12-11,,59399.24,0.1889,FALSE,0.0
EC89C7835,NIG-300,300-910,D910,IS,US,USD,IT,Information Technology,ACTIVE,FULL_TIME,1.0,2013-07-11,,101287.32,0.1705,TRUE,0.1582
E892E5B9D,NIG-300,300-510,D510,IS,US,USD,HR,Human Resources,ACTIVE,FULL_TIME,1.0,2016-09-04,,87683.94,0.2611,FALSE,0.0
E8A23F785,NIG-300,300-215,D215,IS,US,USD,SUPPLY,Supply Chain & Warehouse,ACTIVE,FULL_TIME,1.0,2015-06-16,,74495.68,0.1808,FALSE,0.0
E4C3F6C58,NIG-300,300-215,D215,IS,US,USD,QUAL,Quality & HSE,TERMINATED,FULL_TIME,1.0,2017-01-31,2023-09-30,76485.04,0.2639,FALSE,0.0
E02B1D77B,NIG-300,300-500,D500,IS,US,USD,FIN,Finance,ACTIVE,FULL_TIME,1.0,2020-02-11,,75142.74,0.1906,TRUE,0.3116
EFE26D760,NIG-300,300-405,D405,IS,US,USD,HR,Human Resources,ACTIVE,FULL_TIME,1.0,2014-03-24,,87986.84,0.2166,FALSE,0.0
EFA5F93FA,NIG-300,300-205,D205,IS,US,USD,FIELD,Field Service Technician,ACTIVE,FULL_TIME,1.0,2016-09-17,,91037.15,0.2496,FALSE,0.0
E12D4E02A,NIG-300,300-910,D910,IS,US,USD,FIN,Finance,ACTIVE,FULL_TIME,1.0,2016-01-07,,78499.97,0.2315,TRUE,0.3417
E0FCF5B08,NIG-300,300-510,D510,IS,US,USD,EXEC,Executive & Leadership,ACTIVE,FULL_TIME,1.0,2018-05-27,,199683.45,0.1973,TRUE,0.2694
EF11460F5,NIG-300,300-215,D215,IS,US,USD,SUPPLY,Supply Chain & Warehouse,ACTIVE,FULL_TIME,1.0,2020-06-07,,67064.49,0.2382,FALSE,0.0
EE7D1F6EF,NIG-300,300-405,D405,IS,US,USD,SALES,Sales & Commercial,ACTIVE,FULL_TIME,1.0,2018-04-23,,97130.85,0.258,TRUE,0.0544
E9B0C67BA,NIG-300,300-215,D215,IS,US,USD,QUAL,Quality & HSE,ACTIVE,FULL_TIME,1.0,2019-09-24,,73607.66,0.1947,FALSE,0.0
E30BF2C34,NIG-300,300-205,D205,IS,US,USD,FIELD,Field Service Technician,TERMINATED,FULL_TIME,1.0,2014-03-08,2024-08-31,91710.73,0.2324,FALSE,0.0
EEDD889AB,NIG-300,300-200,D200,IS,US,USD,FIELD,Field Service Technician,ACTIVE,PART_TIME,0.5,2020-05-27,,94210.01,0.2007,FALSE,0.0
E01E9FEEA,NIG-300,300-200,D200,IS,US,USD,FIELD,Field Service Technician,ACTIVE,FULL_TIME,1.0,2019-02-17,,76659.84,0.235,FALSE,0.0
EB4DE26E0,NIG-300,300-505,D505,IS,US,USD,IT,Information Technology,ACTIVE,FULL_TIME,1.0,2014-04-17,,123728.26,0.2131,TRUE,0.0865
E1629A3C3,NIG-300,300-405,D405,IS,US,USD,FIN,Finance,ACTIVE,FULL_TIME,1.0,2013-07-31,,83461.27,0.1938,TRUE,0.1046
E063DA387,NIG-300,300-215,D215,IS,US,USD,QUAL,Quality & HSE,ACTIVE,FULL_TIME,1.0,2015-02-02,,69631.14,0.1647,FALSE,0.0
E0B48F26B,NIG-300,300-510,D510,IS,US,USD,HR,Human Resources,ACTIVE,FULL_TIME,1.0,2017-06-21,,98133.31,0.2276,FALSE,0.0
ED65B990D,NIG-300,300-405,D405,IS,US,USD,SALES,Sales & Commercial,ACTIVE,FULL_TIME,1.0,2013-12-22,,100162.44,0.2277,TRUE,0.3038
E5F2F418C,NIG-300,300-500,D500,IS,US,USD,EXEC,Executive & Leadership,ACTIVE,FULL_TIME,1.0,2020-07-29,,245535.11,0.1781,TRUE,0.1498
E80F84306,NIG-300,300-415,D415,IS,US,USD,ADMIN,Administration,ACTIVE,FULL_TIME,1.0,2020-04-19,,60804.16,0.2349,FALSE,0.0
E4F91E245,NIG-300,300-500,D500,IS,US,USD,SALES,Sales & Commercial,ACTIVE,FULL_TIME,1.0,2014-02-06,,74032.02,0.2026,TRUE,0.115
EB7BACCD5,NIG-300,300-205,D205,IS,US,USD,FIELD,Field Service Technician,ACTIVE,FULL_TIME,1.0,2016-03-31,,67984.29,0.2283,FALSE,0.0
E11042C21,NIG-300,300-505,D505,IS,US,USD,HR,Human Resources,ACTIVE,FULL_TIME,1.0,2014-07-12,,96214.08,0.2275,FALSE,0.0
E6F8EBA9D,NIG-300,300-405,D405,IS,US,USD,FIN,Finance,TERMINATED,FULL_TIME,1.0,2018-09-04,2025-09-30,89139.92,0.2199,TRUE,0.2245
EC98FB966,NIG-300,300-400,D400,IS,US,USD,EXEC,Executive & Leadership,TERMINATED,FULL_TIME,1.0,2019-11-28,2024-12-31,249217.7,0.2622,TRUE,0.1675
E277685A5,NIG-300,300-910,D910,IS,US,USD,IT,Information Technology,ACTIVE,FULL_TIME,1.0,2018-02-25,,100359.58,0.2451,TRUE,0.1605
EFEE5CBB9,NIG-300,300-405,D405,IS,US,USD,FIN,Finance,ACTIVE,FULL_TIME,1.0,2019-06-22,,84555.96,0.1982,TRUE,0.1725
EDA719A5E,NIG-300,300-205,D205,IS,US,USD,FIELD,Field Service Technician,TERMINATED,FULL_TIME,1.0,2016-12-26,2025-06-30,84253.22,0.2398,FALSE,0.0
ED7818AA3,NIG-300,300-505,D505,IS,US,USD,IT,Information Technology,TERMINATED,FULL_TIME,1.0,2013-02-20,2023-08-31,106341.3,0.1952,TRUE,0.3321
E01F4183F,NIG-300,300-415,D415,IS,US,USD,ADMIN,Administration,ACTIVE,FULL_TIME,1.0,2014-03-07,,39440.77,0.2666,FALSE,0.0
E49C1A71B,NIG-300,300-405,D405,IS,US,USD,IT,Information Technology,ACTIVE,FULL_TIME,1.0,2015-10-12,,114832.73,0.2524,TRUE,0.3246
E44BB5612,NIG-300,300-505,D505,IS,US,USD,IT,Information Technology,ACTIVE,FULL_TIME,1.0,2016-08-07,,108159.75,0.2691,TRUE,0.0914
E7681FE8A,NIG-300,300-400,D400,IS,US,USD,IT,Information Technology,TERMINATED,FULL_TIME,1.0,2019-11-29,2023-11-30,92191.03,0.1699,TRUE,0.0959
E908AB755,NIG-300,300-215,D215,IS,US,USD,QUAL,Quality & HSE,TERMINATED,FULL_TIME,1.0,2016-07-10,2026-04-30,94244.22,0.2215,FALSE,0.0
EBDBAFA87,NIG-300,300-205,D205,IS,US,USD,FIELD,Field Service Technician,ACTIVE,FULL_TIME,1.0,2018-10-11,,95465.97,0.202,FALSE,0.0
E3CD322CB,NIG-300,300-400,D400,IS,US,USD,SALES,Sales & Commercial,TERMINATED,FULL_TIME,1.0,2019-12-04,2025-07-31,87970.93,0.1622,TRUE,0.281
E992E7E29,NIG-300,300-505,D505,IS,US,USD,EXEC,Executive & Leadership,ACTIVE,FULL_TIME,1.0,2018-01-26,,167462.66,0.1664,TRUE,0.091
EA0AA5AE7,NIG-300,300-400,D400,IS,US,USD,FIN,Finance,TERMINATED,FULL_TIME,1.0,2014-05-30,2025-12-31,98807.4,0.2367,TRUE,0.2092
E57567AFC,NIG-300,300-400,D400,IS,US,USD,SALES,Sales & Commercial,ACTIVE,FULL_TIME,1.0,2013-10-05,,95447.65,0.2042,TRUE,0.2364
ED58CD268,NIG-300,300-200,D200,IS,US,USD,FIELD,Field Service Technician,ACTIVE,FULL_TIME,1.0,2013-01-14,,106099.23,0.1622,FALSE,0.0
EDE04AF05,NIG-300,300-200,D200,IS,US,USD,FIELD,Field Service Technician,ACTIVE,FULL_TIME,1.0,2019-07-06,,64093.87,0.2293,FALSE,0.0
EB1813A45,NIG-300,300-400,D400,IS,US,USD,EXEC,Executive & Leadership,ACTIVE,FULL_TIME,1.0,2014-07-23,,200663.78,0.2625,TRUE,0.0719
ED6DF156A,NIG-300,300-505,D505,IS,US,USD,FIN,Finance,ACTIVE,FULL_TIME,1.0,2018-08-12,,84908.95,0.2428,TRUE,0.0534
EBED81B0A,NIG-300,300-200,D200,IS,US,USD,FIELD,Field Service Technician,ACTIVE,FULL_TIME,1.0,2016-01-21,,56216.66,0.1626,FALSE,0.0
E04AFECB8,NIG-300,300-505,D505,IS,US,USD,ADMIN,Administration,ACTIVE,FULL_TIME,1.0,2014-09-12,,54755.7,0.2553,FALSE,0.0
E5E50B43B,NIG-300,300-505,D505,IS,US,USD,EXEC,Executive & Leadership,ACTIVE,FULL_TIME,1.0,2013-03-02,,150072.8,0.1749,TRUE,0.1738
E33653715,NIG-300,300-215,D215,IS,US,USD,SUPPLY,Supply Chain & Warehouse,ACTIVE,FULL_TIME,1.0,2017-02-06,,59478.52,0.2545,FALSE,0.0
EAF231AB4,NIG-300,300-505,D505,IS,US,USD,HR,Human Resources,TERMINATED,FULL_TIME,1.0,2017-10-01,2024-12-31,93254.21,0.198,FALSE,0.0
EFF366390,NIG-300,300-200,D200,IS,US,USD,FIELD,Field Service Technician,ACTIVE,FULL_TIME,1.0,2015-05-20,,77841.65,0.2035,FALSE,0.0
EF841BA3D,NIG-300,300-400,D400,IS,US,USD,EXEC,Executive & Leadership,ACTIVE,FULL_TIME,1.0,2016-01-20,,202086.77,0.1891,TRUE,0.3467
E11B754F6,NIG-300,300-400,D400,IS,US,USD,HR,Human Resources,ACTIVE,FULL_TIME,1.0,2020-04-17,,86275.98,0.1747,FALSE,0.0
E162518F9,NIG-300,300-405,D405,IS,US,USD,ADMIN,Administration,ACTIVE,FULL_TIME,1.0,2018-06-06,,89488.74,0.1609,FALSE,0.0
E63475675,NIG-300,300-200,D200,IS,US,USD,FIELD,Field Service Technician,TERMINATED,FULL_TIME,1.0,2017-10-24,2023-12-31,88432.7,0.2506,FALSE,0.0
EE7B73E52,NIG-300,300-405,D405,IS,US,USD,EXEC,Executive & Leadership,ACTIVE,FULL_TIME,1.0,2017-08-06,,228483.51,0.2288,TRUE,0.2773
ED29D3436,NIG-300,300-510,D510,IS,US,USD,IT,Information Technology,ACTIVE,FULL_TIME,1.0,2020-07-31,,85502.53,0.179,TRUE,0.2055
E42E423C5,NIG-300,300-215,D215,IS,US,USD,QUAL,Quality & HSE,ACTIVE,FULL_TIME,1.0,2019-11-04,,66115.84,0.1651,FALSE,0.0
E77022963,NIG-300,300-200,D200,IS,US,USD,FIELD,Field Service Technician,ACTIVE,FULL_TIME,1.0,2016-06-22,,76672.49,0.161,FALSE,0.0
EA41A6045,NIG-300,300-405,D405,IS,US,USD,FIN,Finance,TERMINATED,FULL_TIME,1.0,2020-05-30,2024-04-30,84757.2,0.1971,TRUE,0.2406
EE1650235,NIG-300,300-505,D505,IS,US,USD,IT,Information Technology,ACTIVE,FULL_TIME,1.0,2013-09-09,,90283.24,0.1962,TRUE,0.3287
E829AC44F,NIG-300,300-215,D215,IS,US,USD,SUPPLY,Supply Chain & Warehouse,ACTIVE,FULL_TIME,1.0,2016-05-16,,77632.12,0.1869,FALSE,0.0
E0589DF71,NIG-300,300-910,D910,IS,US,USD,EXEC,Executive & Leadership,ACTIVE,FULL_TIME,1.0,2013-07-26,,183570.43,0.2221,TRUE,0.2746
E8CE53A1E,NIG-300,300-500,D500,IS,US,USD,IT,Information Technology,ACTIVE,FULL_TIME,1.0,2013-07-03,,88357.92,0.1881,TRUE,0.2192
E53317737,NIG-300,300-200,D200,IS,US,USD,FIELD,Field Service Technician,TERMINATED,FULL_TIME,1.0,2018-02-13,2026-06-30,77996.21,0.188,FALSE,0.0
EBF6127E3,NIG-300,300-205,D205,IS,US,USD,FIELD,Field Service Technician,ACTIVE,FULL_TIME,1.0,2015-04-27,,83442.4,0.2099,FALSE,0.0
E49BEB929,NIG-300,300-400,D400,IS,US,USD,IT,Information Technology,TERMINATED,FULL_TIME,1.0,2018-05-26,2024-12-31,96641.01,0.2031,TRUE,0.2506
E96965918,NIG-300,300-200,D200,IS,US,USD,FIELD,Field Service Technician,ACTIVE,FULL_TIME,1.0,2019-01-28,,69106.84,0.1795,FALSE,0.0
EF4E777A2,NIG-300,300-415,D415,IS,US,USD,ADMIN,Administration,ACTIVE,FULL_TIME,1.0,2017-05-05,,52055.02,0.1957,FALSE,0.0
E71C1D559,NIG-300,300-215,D215,IS,US,USD,QUAL,Quality & HSE,TERMINATED,PART_TIME,0.6,2015-02-03,2024-09-30,77949.18,0.2624,FALSE,0.0
E5A1F45DE,NIG-300,300-510,D510,IS,US,USD,FIN,Finance,ACTIVE,FULL_TIME,1.0,2019-08-29,,66842.14,0.1781,TRUE,0.1144
EBD944569,NIG-300,300-415,D415,IS,US,USD,ADMIN,Administration,TERMINATED,FULL_TIME,1.0,2017-06-21,2024-07-31,42631.44,0.2118,FALSE,0.0
E15AC02A4,NIG-300,300-200,D200,IS,US,USD,FIELD,Field Service Technician,ACTIVE,FULL_TIME,1.0,2018-08-05,,111275.7,0.1666,FALSE,0.0
E7930515A,NIG-300,300-510,D510,IS,US,USD,EXEC,Executive & Leadership,ACTIVE,FULL_TIME,1.0,2017-11-28,,255627.52,0.1988,TRUE,0.2109
E849CDEF0,NIG-300,300-510,D510,IS,US,USD,HR,Human Resources,ACTIVE,FULL_TIME,1.0,2014-07-20,,66248.04,0.1652,FALSE,0.0
EE200C177,NIG-300,300-200,D200,IS,US,USD,FIELD,Field Service Technician,TERMINATED,FULL_TIME,1.0,2016-11-01,2025-05-31,49322.11,0.1805,FALSE,0.0
E3DE4D568,NIG-300,300-205,D205,IS,US,USD,FIELD,Field Service Technician,TERMINATED,FULL_TIME,1.0,2018-09-07,2023-04-30,50885.6,0.2404,FALSE,0.0
EB1DE2462,NIG-300,300-505,D505,IS,US,USD,HR,Human Resources,TERMINATED,FULL_TIME,1.0,2016-02-11,2024-01-31,70292.82,0.192,FALSE,0.0
E0162E679,NIG-300,300-200,D200,IS,US,USD,FIELD,Field Service Technician,ACTIVE,FULL_TIME,1.0,2016-04-26,,76390.19,0.1652,FALSE,0.0
E934F6BCD,NIG-300,300-415,D415,IS,US,USD,IT,Information Technology,ACTIVE,FULL_TIME,1.0,2015-07-12,,101946.96,0.2186,TRUE,0.2763
E8DA29852,NIG-300,300-205,D205,IS,US,USD,FIELD,Field Service Technician,ACTIVE,FULL_TIME,1.0,2018-01-26,,81361.08,0.1924,FALSE,0.0
E027E6D6D,NIG-300,300-200,D200,IS,US,USD,FIELD,Field Service Technician,ACTIVE,FULL_TIME,1.0,2016-07-12,,92719.89,0.1953,FALSE,0.0
E5159F0DD,NIG-300,300-400,D400,IS,US,USD,IT,Information Technology,ACTIVE,PART_TIME,0.5,2014-01-14,,95312.3,0.2222,TRUE,0.1013
E56802214,NIG-300,300-500,D500,IS,US,USD,IT,Information Technology,ACTIVE,FULL_TIME,1.0,2019-10-06,,104760.63,0.1723,TRUE,0.247
E7EE8B360,NIG-300,300-510,D510,IS,US,USD,HR,Human Resources,ACTIVE,FULL_TIME,1.0,2018-08-31,,106168.05,0.1607,FALSE,0.0
EB1765901,NIG-300,300-505,D505,IS,US,USD,EXEC,Executive & Leadership,TERMINATED,PART_TIME,0.5,2017-05-28,2025-09-30,148363.89,0.2688,TRUE,0.2429
E94DC441D,NIG-300,300-500,D500,IS,US,USD,ADMIN,Administration,ACTIVE,FULL_TIME,1.0,2013-06-16,,39911.83,0.265,FALSE,0.0
E7F17B474,NIG-300,300-400,D400,IS,US,USD,IT,Information Technology,ACTIVE,FULL_TIME,1.0,2019-07-02,,106076.74,0.2529,TRUE,0.3064
EF2741AE3,NIG-300,300-505,D505,IS,US,USD,HR,Human Resources,ACTIVE,FULL_TIME,1.0,2017-11-10,,64630.96,0.2241,FALSE,0.0
E9C8F7FB2,NIG-300,300-205,D205,IS,US,USD,FIELD,Field Service Technician,ACTIVE,FULL_TIME,1.0,2019-01-17,,62502.26,0.2668,FALSE,0.0
EB456CE54,NIG-300,300-505,D505,IS,US,USD,SALES,Sales & Commercial,ACTIVE,FULL_TIME,1.0,2018-11-21,,87767.1,0.2165,TRUE,0.2218
E93F253F5,NIG-300,300-415,D415,IS,US,USD,ADMIN,Administration,ACTIVE,PART_TIME,0.8,2013-09-06,,51485.26,0.2097,FALSE,0.0
E56C2F757,NIG-300,300-910,D910,IS,US,USD,EXEC,Executive & Leadership,ACTIVE,FULL_TIME,1.0,2019-12-01,,146079.0,0.2561,TRUE,0.1475
EFB94EAC4,NIG-300,300-200,D200,IS,US,USD,FIELD,Field Service Technician,ACTIVE,FULL_TIME,1.0,2017-09-24,,80190.85,0.2172,FALSE,0.0
E3952B7CF,NIG-300,300-415,D415,IS,US,USD,IT,Information Technology,TERMINATED,FULL_TIME,1.0,2018-04-09,2023-11-30,100058.09,0.249,TRUE,0.1822
E0F2723CE,NIG-300,300-215,D215,IS,US,USD,QUAL,Quality & HSE,TERMINATED,FULL_TIME,1.0,2013-06-12,2024-05-31,73865.13,0.2315,FALSE,0.0
E2A52DFBE,NIG-300,300-200,D200,IS,US,USD,FIELD,Field Service Technician,ACTIVE,FULL_TIME,1.0,2015-02-01,,89828.3,0.1858,FALSE,0.0
E5961DFD5,NIG-300,300-400,D400,IS,US,USD,EXEC,Executive & Leadership,TERMINATED,FULL_TIME,1.0,2019-01-30,2024-03-31,143401.69,0.2043,TRUE,0.1099
EA1A48E6D,NIG-300,300-415,D415,IS,US,USD,ADMIN,Administration,TERMINATED,FULL_TIME,1.0,2013-06-17,2024-08-31,59061.87,0.2543,FALSE,0.0
E417D13D6,NIG-300,300-415,D415,IS,US,USD,SALES,Sales & Commercial,ACTIVE,FULL_TIME,1.0,2015-10-20,,98357.0,0.1833,TRUE,0.3019
EAE0F28C5,NIG-300,300-505,D505,IS,US,USD,IT,Information Technology,ACTIVE,FULL_TIME,1.0,2014-12-16,,83957.2,0.2482,TRUE,0.1526
ECF11F4FB,NIG-300,300-910,D910,IS,US,USD,IT,Information Technology,ACTIVE,FULL_TIME,1.0,2017-11-07,,101896.83,0.243,TRUE,0.3171
E30996BE5,NIG-300,300-215,D215,IS,US,USD,QUAL,Quality & HSE,ACTIVE,FULL_TIME,1.0,2017-02-25,,75839.07,0.2253,FALSE,0.0
E5ABBBDBF,NIG-300,300-200,D200,IS,US,USD,FIELD,Field Service Technician,ACTIVE,FULL_TIME,1.0,2015-08-20,,72606.91,0.2151,FALSE,0.0
EDC9F0F51,NIG-300,300-405,D405,IS,US,USD,EXEC,Executive & Leadership,TERMINATED,FULL_TIME,1.0,2015-04-05,2026-06-30,160396.62,0.2601,TRUE,0.2835
EA54C5599,NIG-300,300-400,D400,IS,US,USD,HR,Human Resources,ACTIVE,FULL_TIME,1.0,2013-08-04,,83914.39,0.1903,FALSE,0.0
E3BC9CABF,NIG-300,300-405,D405,IS,US,USD,IT,Information Technology,ACTIVE,FULL_TIME,1.0,2018-12-11,,112790.52,0.2359,TRUE,0.2174
E60A8E754,NIG-300,300-910,D910,IS,US,USD,HR,Human Resources,TERMINATED,FULL_TIME,1.0,2018-03-31,2025-09-30,75164.57,0.2689,FALSE,0.0
E3D7FC82B,NIG-300,300-415,D415,IS,US,USD,IT,Information Technology,ACTIVE,FULL_TIME,1.0,2015-06-14,,115546.75,0.2039,TRUE,0.1965
E054E95C0,NIG-300,300-400,D400,IS,US,USD,EXEC,Executive & Leadership,ACTIVE,FULL_TIME,1.0,2019-08-16,,244719.9,0.2521,TRUE,0.1037
E8441348F,NIG-300,300-215,D215,IS,US,USD,QUAL,Quality & HSE,ACTIVE,FULL_TIME,1.0,2014-08-18,,64612.56,0.2031,FALSE,0.0
E823750B0,NIG-300,300-910,D910,IS,US,USD,ADMIN,Administration,ACTIVE,FULL_TIME,1.0,2016-07-30,,65274.3,0.2524,FALSE,0.0
E1271B06F,NIG-300,300-415,D415,IS,US,USD,EXEC,Executive & Leadership,ACTIVE,FULL_TIME,1.0,2012-12-20,,161986.78,0.2085,TRUE,0.1593
E49316CAA,NIG-300,300-400,D400,IS,US,USD,IT,Information Technology,ACTIVE,FULL_TIME,1.0,2017-10-02,,107588.05,0.2615,TRUE,0.0575
E448DF9AD,NIG-300,300-510,D510,IS,US,USD,SALES,Sales & Commercial,ACTIVE,FULL_TIME,1.0,2019-01-09,,102742.12,0.2565,TRUE,0.2089
E279AB73E,NIG-300,300-500,D500,IS,US,USD,FIN,Finance,ACTIVE,FULL_TIME,1.0,2015-10-19,,110177.72,0.2013,TRUE,0.1037
EDC8BEF4A,NIG-300,300-510,D510,IS,US,USD,HR,Human Resources,ACTIVE,FULL_TIME,1.0,2016-03-22,,88187.24,0.1652,FALSE,0.0
ECF64859E,NIG-300,300-405,D405,IS,US,USD,EXEC,Executive & Leadership,ACTIVE,FULL_TIME,1.0,2017-07-30,,192958.31,0.1614,TRUE,0.1902
E2FDDDD80,NIG-300,300-405,D405,IS,US,USD,EXEC,Executive & Leadership,ACTIVE,FULL_TIME,1.0,2020-07-16,,185978.53,0.25,TRUE,0.1399
EC85554DD,NIG-300,300-510,D510,IS,US,USD,FIN,Finance,ACTIVE,FULL_TIME,1.0,2018-06-07,,73761.52,0.1697,TRUE,0.3015
ED38CDD72,NIG-300,300-500,D500,IS,US,USD,HR,Human Resources,ACTIVE,FULL_TIME,1.0,2014-10-22,,81551.96,0.1685,FALSE,0.0
E429CDEE2,NIG-300,300-505,D505,IS,US,USD,SALES,Sales & Commercial,ACTIVE,FULL_TIME,1.0,2013-01-21,,104526.48,0.1963,TRUE,0.0969
E8725E4AC,NIG-300,300-510,D510,IS,US,USD,EXEC,Executive & Leadership,ACTIVE,FULL_TIME,1.0,2017-08-25,,172331.26,0.2475,TRUE,0.1944
EC07C20B2,NIG-300,300-415,D415,IS,US,USD,ADMIN,Administration,ACTIVE,FULL_TIME,1.0,2016-01-28,,51464.99,0.2253,FALSE,0.0
E5768FE6C,NIG-300,300-205,D205,IS,US,USD,FIELD,Field Service Technician,ACTIVE,FULL_TIME,1.0,2016-10-14,,60633.32,0.2026,FALSE,0.0
E8389725B,NIG-300,300-200,D200,IS,US,USD,FIELD,Field Service Technician,ACTIVE,FULL_TIME,1.0,2015-03-29,,62513.0,0.1993,FALSE,0.0
E4BA90082,NIG-300,300-400,D400,IS,US,USD,IT,Information Technology,ACTIVE,FULL_TIME,1.0,2017-01-27,,118925.72,0.1974,TRUE,0.1954
EFA94C433,NIG-300,300-510,D510,IS,US,USD,HR,Human Resources,ACTIVE,FULL_TIME,1.0,2018-11-19,,118191.06,0.2532,FALSE,0.0
E567B57A5,NIG-300,300-400,D400,IS,US,USD,HR,Human Resources,ACTIVE,FULL_TIME,1.0,2016-07-10,,75806.47,0.2336,FALSE,0.0
E4642ADB7,NIG-300,300-505,D505,IS,US,USD,IT,Information Technology,ACTIVE,FULL_TIME,1.0,2018-02-08,,78080.02,0.1659,TRUE,0.1807
EE4460BEF,NIG-300,300-200,D200,IS,US,USD,FIELD,Field Service Technician,ACTIVE,FULL_TIME,1.0,2014-01-08,,78146.21,0.1704,FALSE,0.0
EC554084D,NIG-300,300-200,D200,IS,US,USD,FIELD,Field Service Technician,ACTIVE,FULL_TIME,1.0,2019-12-05,,90003.89,0.2224,FALSE,0.0
E9886D3F3,NIG-300,300-415,D415,IS,US,USD,SALES,Sales & Commercial,ACTIVE,FULL_TIME,1.0,2015-02-12,,86669.91,0.2617,TRUE,0.091
E18CC5656,NIG-300,300-205,D205,IS,US,USD,FIELD,Field Service Technician,ACTIVE,FULL_TIME,1.0,2017-07-09,,90818.26,0.22,FALSE,0.0
EB3955155,NIG-300,300-215,D215,IS,US,USD,SUPPLY,Supply Chain & Warehouse,ACTIVE,FULL_TIME,1.0,2016-11-30,,71669.47,0.1703,FALSE,0.0
EBA89C1E8,NIG-300,300-215,D215,IS,US,USD,SUPPLY,Supply Chain & Warehouse,ACTIVE,FULL_TIME,1.0,2020-02-14,,66344.27,0.2666,FALSE,0.0
E79F76DD8,NIG-300,300-200,D200,IS,US,USD,FIELD,Field Service Technician,ACTIVE,FULL_TIME,1.0,2019-04-21,,65259.3,0.1934,FALSE,0.0
E68859B25,NIG-300,300-505,D505,IS,US,USD,SALES,Sales & Commercial,TERMINATED,FULL_TIME,1.0,2017-01-14,2023-06-30,71954.23,0.2149,TRUE,0.2055
ED11582F4,NIG-300,300-415,D415,IS,US,USD,IT,Information Technology,ACTIVE,FULL_TIME,1.0,2018-05-12,,96009.88,0.2641,TRUE,0.3455
E53C0E3F0,NIG-300,300-215,D215,IS,US,USD,QUAL,Quality & HSE,ACTIVE,PART_TIME,0.6,2015-01-14,,88754.76,0.2325,FALSE,0.0
E961C9C17,NIG-300,300-400,D400,IS,US,USD,EXEC,Executive & Leadership,ACTIVE,FULL_TIME,1.0,2013-08-25,,190067.85,0.178,TRUE,0.0532
E52335E76,NIG-300,300-215,D215,IS,US,USD,QUAL,Quality & HSE,TERMINATED,FULL_TIME,1.0,2017-03-27,2024-11-30,65884.91,0.1909,FALSE,0.0
EEC12CEC5,NIG-300,300-505,D505,IS,US,USD,IT,Information Technology,ACTIVE,PART_TIME,0.5,2018-03-04,,108691.47,0.2142,TRUE,0.2424
EB81484C7,NIG-300,300-500,D500,IS,US,USD,IT,Information Technology,ACTIVE,FULL_TIME,1.0,2018-06-08,,106273.69,0.2482,TRUE,0.105
EF61C6238,NIG-300,300-405,D405,IS,US,USD,ADMIN,Administration,ACTIVE,FULL_TIME,1.0,2016-04-02,,57625.58,0.245,FALSE,0.0
E5716D872,NIG-300,300-500,D500,IS,US,USD,ADMIN,Administration,ACTIVE,FULL_TIME,1.0,2015-09-26,,84130.07,0.1661,FALSE,0.0
EEDA943DB,NIG-300,300-415,D415,IS,US,USD,IT,Information Technology,ACTIVE,FULL_TIME,1.0,2016-02-25,,86284.84,0.162,TRUE,0.3151
EF8CDFA0C,NIG-300,300-215,D215,IS,US,USD,SUPPLY,Supply Chain & Warehouse,ACTIVE,FULL_TIME,1.0,2019-06-12,,68850.47,0.2153,FALSE,0.0
EF80878B5,NIG-300,300-500,D500,IS,US,USD,ADMIN,Administration,ACTIVE,FULL_TIME,1.0,2019-07-16,,31900.0,0.1915,FALSE,0.0
EE521C2E3,NIG-300,300-505,D505,IS,US,USD,HR,Human Resources,ACTIVE,FULL_TIME,1.0,2017-05-03,,84869.72,0.1795,FALSE,0.0
EA1B27C9F,NIG-300,300-510,D510,IS,US,USD,IT,Information Technology,ACTIVE,FULL_TIME,1.0,2015-02-19,,107877.22,0.1729,TRUE,0.1799
E4C51ED46,NIG-300,300-400,D400,IS,US,USD,IT,Information Technology,TERMINATED,FULL_TIME,1.0,2016-01-27,2023-03-31,93603.24,0.2372,TRUE,0.0795
ED8AE9833,NIG-300,300-505,D505,IS,US,USD,HR,Human Resources,ACTIVE,FULL_TIME,1.0,2019-10-06,,117609.75,0.2547,FALSE,0.0
E17E66D34,NIG-300,300-200,D200,IS,US,USD,FIELD,Field Service Technician,ACTIVE,FULL_TIME,1.0,2020-02-01,,50036.77,0.2511,FALSE,0.0
EA12BDFD0,NIG-300,300-415,D415,IS,US,USD,IT,Information Technology,TERMINATED,FULL_TIME,1.0,2016-03-15,2025-05-31,156559.99,0.1762,TRUE,0.2523
E08015462,NIG-300,300-500,D500,IS,US,USD,HR,Human Resources,ACTIVE,FULL_TIME,1.0,2020-06-23,,81554.68,0.1959,FALSE,0.0
EB68DDE04,NIG-300,300-510,D510,IS,US,USD,ADMIN,Administration,ACTIVE,FULL_TIME,1.0,2019-07-30,,56806.58,0.19,FALSE,0.0
ED01DAEDA,NIG-300,300-910,D910,IS,US,USD,FIN,Finance,TERMINATED,FULL_TIME,1.0,2013-01-19,2024-11-30,125071.35,0.2362,TRUE,0.2832
E84DEDD19,NIG-300,300-415,D415,IS,US,USD,EXEC,Executive & Leadership,ACTIVE,FULL_TIME,1.0,2015-10-27,,167995.64,0.1976,TRUE,0.255
E8FE5F21D,NIG-300,300-505,D505,IS,US,USD,FIN,Finance,ACTIVE,FULL_TIME,1.0,2013-06-29,,82592.48,0.1839,TRUE,0.1919
E94B282D6,NIG-300,300-500,D500,IS,US,USD,EXEC,Executive & Leadership,ACTIVE,FULL_TIME,1.0,2014-11-10,,177588.51,0.2053,TRUE,0.3139
EDC37294C,NIG-300,300-200,D200,IS,US,USD,FIELD,Field Service Technician,ACTIVE,FULL_TIME,1.0,2019-10-01,,79108.9,0.1618,FALSE,0.0
EF2843C54,NIG-300,300-205,D205,IS,US,USD,FIELD,Field Service Technician,ACTIVE,FULL_TIME,1.0,2017-07-28,,87439.73,0.1902,FALSE,0.0
E98F7DB6C,NIG-300,300-500,D500,IS,US,USD,ADMIN,Administration,ACTIVE,FULL_TIME,1.0,2015-01-28,,54172.65,0.2512,FALSE,0.0
E1AA85BA5,NIG-300,300-505,D505,IS,US,USD,HR,Human Resources,TERMINATED,FULL_TIME,1.0,2019-06-13,2024-02-29,73715.94,0.2333,FALSE,0.0
ECC01D60B,NIG-300,300-910,D910,IS,US,USD,SALES,Sales & Commercial,ACTIVE,FULL_TIME,1.0,2018-12-17,,91751.09,0.1661,TRUE,0.0618
E6092E00B,NIG-300,300-505,D505,IS,US,USD,SALES,Sales & Commercial,ACTIVE,FULL_TIME,1.0,2017-04-23,,91269.38,0.1619,TRUE,0.2427
E3956EC2A,NIG-300,300-200,D200,IS,US,USD,FIELD,Field Service Technician,ACTIVE,FULL_TIME,1.0,2015-03-09,,103454.13,0.1778,FALSE,0.0
E98651763,NIG-300,300-200,D200,IS,US,USD,FIELD,Field Service Technician,ACTIVE,FULL_TIME,1.0,2016-06-29,,95846.75,0.1845,FALSE,0.0
EFE23EBA4,NIG-300,300-215,D215,IS,US,USD,QUAL,Quality & HSE,ACTIVE,FULL_TIME,1.0,2018-05-03,,74628.1,0.1893,FALSE,0.0
E89D1C91A,NIG-300,300-205,D205,IS,US,USD,FIELD,Field Service Technician,ACTIVE,FULL_TIME,1.0,2017-06-11,,76812.0,0.2142,FALSE,0.0
EF9C49259,NIG-300,300-215,D215,IS,US,USD,QUAL,Quality & HSE,ACTIVE,PART_TIME,0.8,2016-01-09,,81150.45,0.1675,FALSE,0.0
E3E568B3D,NIG-300,300-910,D910,IS,US,USD,IT,Information Technology,ACTIVE,FULL_TIME,1.0,2017-05-30,,121444.49,0.2106,TRUE,0.1276
E255E8E95,NIG-300,300-400,D400,IS,US,USD,IT,Information Technology,ACTIVE,FULL_TIME,1.0,2016-07-17,,95453.3,0.1824,TRUE,0.3192
EBDE50987,NIG-300,300-215,D215,IS,US,USD,QUAL,Quality & HSE,ACTIVE,FULL_TIME,1.0,2013-01-03,,86131.58,0.2643,FALSE,0.0
E04D7A755,NIG-300,300-405,D405,IS,US,USD,EXEC,Executive & Leadership,TERMINATED,FULL_TIME,1.0,2014-11-17,2025-02-28,246901.79,0.1807,TRUE,0.2352
E631AACE7,NIG-300,300-500,D500,IS,US,USD,HR,Human Resources,ACTIVE,FULL_TIME,1.0,2017-03-18,,74124.04,0.2196,FALSE,0.0
ED76E01D5,NIG-300,300-400,D400,IS,US,USD,EXEC,Executive & Leadership,ACTIVE,FULL_TIME,1.0,2018-12-27,,158003.75,0.1755,TRUE,0.0551
E8F112FC1,NIG-300,300-215,D215,IS,US,USD,QUAL,Quality & HSE,ACTIVE,FULL_TIME,1.0,2013-09-29,,87391.63,0.1984,FALSE,0.0
E08D02D1C,NIG-300,300-505,D505,IS,US,USD,HR,Human Resources,ACTIVE,FULL_TIME,1.0,2015-08-09,,69664.68,0.2173,FALSE,0.0
EE429CD42,NIG-300,300-205,D205,IS,US,USD,FIELD,Field Service Technician,ACTIVE,FULL_TIME,1.0,2015-10-01,,59801.46,0.2154,FALSE,0.0
E230249BA,NIG-300,300-510,D510,IS,US,USD,FIN,Finance,ACTIVE,FULL_TIME,1.0,2019-01-29,,76913.73,0.2559,TRUE,0.2054
EFA184C98,NIG-300,300-505,D505,IS,US,USD,EXEC,Executive & Leadership,ACTIVE,PART_TIME,0.5,2020-05-05,,232934.31,0.2194,TRUE,0.1827
EE2CF9BD9,NIG-300,300-505,D505,IS,US,USD,SALES,Sales & Commercial,ACTIVE,FULL_TIME,1.0,2015-10-10,,112587.9,0.1625,TRUE,0.2155
E67573026,NIG-300,300-505,D505,IS,US,USD,FIN,Finance,ACTIVE,FULL_TIME,1.0,2016-02-07,,107414.29,0.2347,TRUE,0.195
E3CA81673,NIG-300,300-505,D505,IS,US,USD,HR,Human Resources,ACTIVE,FULL_TIME,1.0,2017-01-10,,105614.36,0.2136,FALSE,0.0
E6E3EB4BD,NIG-300,300-505,D505,IS,US,USD,IT,Information Technology,ACTIVE,FULL_TIME,1.0,2013-04-28,,110844.01,0.1808,TRUE,0.2873
E5FD7DC6E,NIG-300,300-505,D505,IS,US,USD,EXEC,Executive & Leadership,TERMINATED,FULL_TIME,1.0,2018-11-27,2023-07-31,157268.3,0.2493,TRUE,0.241
E5B6E4D8D,NIG-300,300-205,D205,IS,US,USD,FIELD,Field Service Technician,ACTIVE,FULL_TIME,1.0,2016-05-11,,93032.4,0.2213,FALSE,0.0
E8AD847FD,NIG-300,300-415,D415,IS,US,USD,SALES,Sales & Commercial,ACTIVE,FULL_TIME,1.0,2017-02-03,,93954.07,0.2099,TRUE,0.0787
E442F4A61,NIG-300,300-205,D205,IS,US,USD,FIELD,Field Service Technician,ACTIVE,FULL_TIME,1.0,2019-04-02,,97901.54,0.1916,FALSE,0.0
E44290A4C,NIG-300,300-405,D405,IS,US,USD,IT,Information Technology,TERMINATED,FULL_TIME,1.0,2015-10-20,2025-06-30,113954.7,0.1803,TRUE,0.2974
E6C33A490,NIG-300,300-405,D405,IS,US,USD,FIN,Finance,ACTIVE,FULL_TIME,1.0,2015-03-06,,101844.86,0.1886,TRUE,0.2568
E3D64F22E,NIG-300,300-505,D505,IS,US,USD,SALES,Sales & Commercial,ACTIVE,FULL_TIME,1.0,2018-07-05,,79944.8,0.1652,TRUE,0.3283
E0171394C,NIG-300,300-405,D405,IS,US,USD,ADMIN,Administration,ACTIVE,FULL_TIME,1.0,2019-03-01,,64795.17,0.2116,FALSE,0.0
E6EDD436B,NIG-300,300-500,D500,IS,US,USD,EXEC,Executive & Leadership,ACTIVE,FULL_TIME,1.0,2018-04-30,,186400.08,0.1789,TRUE,0.1159
E5E12EFB9,NIG-300,300-400,D400,IS,US,USD,EXEC,Executive & Leadership,ACTIVE,FULL_TIME,1.0,2017-04-07,,188431.79,0.2529,TRUE,0.1402
E36814A7F,NIG-300,300-415,D415,IS,US,USD,ADMIN,Administration,ACTIVE,FULL_TIME,1.0,2018-12-24,,52844.0,0.1639,FALSE,0.0
ED30558F5,NIG-300,300-910,D910,IS,US,USD,SALES,Sales & Commercial,ACTIVE,FULL_TIME,1.0,2014-09-09,,126758.1,0.2217,TRUE,0.1751
EAE1E55AE,NIG-300,300-910,D910,IS,US,USD,EXEC,Executive & Leadership,ACTIVE,FULL_TIME,1.0,2016-10-11,,200469.58,0.1822,TRUE,0.1771
E30DB520C,NIG-300,300-205,D205,IS,US,USD,FIELD,Field Service Technician,ACTIVE,FULL_TIME,1.0,2015-01-15,,65764.21,0.1924,FALSE,0.0
ED2F30893,NIG-300,300-400,D400,IS,US,USD,FIN,Finance,ACTIVE,FULL_TIME,1.0,2018-01-28,,93552.99,0.1811,TRUE,0.2749
EB03A951F,NIG-300,300-205,D205,IS,US,USD,FIELD,Field Service Technician,ACTIVE,PART_TIME,0.6,2019-07-25,,83516.7,0.2246,FALSE,0.0
E56C25F76,NIG-300,300-215,D215,IS,US,USD,QUAL,Quality & HSE,ACTIVE,FULL_TIME,1.0,2016-04-18,,76475.92,0.2239,FALSE,0.0
EC5411AA8,NIG-300,300-400,D400,IS,US,USD,EXEC,Executive & Leadership,TERMINATED,FULL_TIME,1.0,2015-10-20,2025-02-28,219893.09,0.2518,TRUE,0.1467
E0EB1E338,NIG-300,300-910,D910,IS,US,USD,IT,Information Technology,ACTIVE,FULL_TIME,1.0,2015-01-30,,143111.65,0.1632,TRUE,0.3084
EE1145BF3,NIG-300,300-200,D200,IS,US,USD,FIELD,Field Service Technician,ACTIVE,FULL_TIME,1.0,2017-09-13,,78136.64,0.262,FALSE,0.0
E7883FAB5,NIG-300,300-415,D415,IS,US,USD,IT,Information Technology,ACTIVE,FULL_TIME,1.0,2014-10-26,,118837.93,0.1953,TRUE,0.199
E1A120CCD,NIG-300,300-205,D205,IS,US,USD,FIELD,Field Service Technician,TERMINATED,FULL_TIME,1.0,2016-06-18,2025-05-31,66754.43,0.2649,FALSE,0.0
ED5AB1C7D,NIG-300,300-505,D505,IS,US,USD,FIN,Finance,ACTIVE,FULL_TIME,1.0,2014-11-24,,126988.16,0.2263,TRUE,0.136
E0CDD654D,NIG-300,300-500,D500,IS,US,USD,SALES,Sales & Commercial,TERMINATED,FULL_TIME,1.0,2013-07-16,2026-02-28,110207.94,0.1826,TRUE,0.1808
E772CC90A,NIG-300,300-200,D200,IS,US,USD,FIELD,Field Service Technician,ACTIVE,FULL_TIME,1.0,2016-01-26,,113628.22,0.2281,FALSE,0.0
ECB1674F4,NIG-300,300-415,D415,IS,US,USD,HR,Human Resources,ACTIVE,FULL_TIME,1.0,2018-02-15,,119424.33,0.1801,FALSE,0.0
E90568D41,NIG-300,300-405,D405,IS,US,USD,FIN,Finance,ACTIVE,PART_TIME,0.5,2015-01-23,,81304.75,0.1718,TRUE,0.0882
E4A45D0A1,NIG-300,300-910,D910,IS,US,USD,FIN,Finance,ACTIVE,FULL_TIME,1.0,2019-10-03,,115531.38,0.2552,TRUE,0.1101
E6C46225A,NIG-300,300-200,D200,IS,US,USD,FIELD,Field Service Technician,ACTIVE,FULL_TIME,1.0,2015-11-07,,78013.33,0.1727,FALSE,0.0
EA80EF133,NIG-300,300-405,D405,IS,US,USD,HR,Human Resources,TERMINATED,FULL_TIME,1.0,2020-02-18,2025-11-30,84872.05,0.1633,FALSE,0.0
EFC2A8AEE,NIG-300,300-910,D910,IS,US,USD,ADMIN,Administration,ACTIVE,FULL_TIME,1.0,2019-02-24,,47082.25,0.1761,FALSE,0.0
E72C5B34B,NIG-300,300-215,D215,IS,US,USD,SUPPLY,Supply Chain & Warehouse,ACTIVE,FULL_TIME,1.0,2014-07-23,,62407.35,0.1699,FALSE,0.0
E2F598644,NIG-300,300-215,D215,IS,US,USD,QUAL,Quality & HSE,ACTIVE,FULL_TIME,1.0,2017-10-07,,78280.36,0.2202,FALSE,0.0
EA9EB7B5D,NIG-300,300-505,D505,IS,US,USD,IT,Information Technology,TERMINATED,PART_TIME,0.5,2018-12-10,2026-02-28,82978.52,0.2115,TRUE,0.1577
EC4B1A052,NIG-300,300-910,D910,IS,US,USD,ADMIN,Administration,ACTIVE,FULL_TIME,1.0,2018-05-29,,47774.78,0.1955,FALSE,0.0
ED1091F86,NIG-300,300-505,D505,IS,US,USD,EXEC,Executive & Leadership,TERMINATED,FULL_TIME,1.0,2020-05-25,2025-10-31,168979.53,0.1771,TRUE,0.266
E54F66FE2,NIG-300,300-205,D205,IS,US,USD,FIELD,Field Service Technician,ACTIVE,FULL_TIME,1.0,2013-03-25,,71442.6,0.169,FALSE,0.0
EA5F99E36,NIG-300,300-415,D415,IS,US,USD,ADMIN,Administration,ACTIVE,FULL_TIME,1.0,2014-09-30,,84883.25,0.2183,FALSE,0.0
E4F497732,NIG-300,300-200,D200,IS,US,USD,FIELD,Field Service Technician,ACTIVE,PART_TIME,0.6,2019-12-01,,67911.48,0.2073,FALSE,0.0
ED80944CF,NIG-300,300-500,D500,IS,US,USD,EXEC,Executive & Leadership,ACTIVE,FULL_TIME,1.0,2013-01-18,,266380.25,0.1889,TRUE,0.1533
EFD74ADC0,NIG-300,300-405,D405,IS,US,USD,SALES,Sales & Commercial,ACTIVE,FULL_TIME,1.0,2019-11-23,,69998.56,0.2039,TRUE,0.2817
E91F9E248,NIG-300,300-205,D205,IS,US,USD,FIELD,Field Service Technician,ACTIVE,FULL_TIME,1.0,2015-12-04,,45080.94,0.2693,FALSE,0.0
ED844C042,NIG-300,300-405,D405,IS,US,USD,FIN,Finance,ACTIVE,FULL_TIME,1.0,2017-04-24,,63948.53,0.2265,TRUE,0.2551
E831501AF,NIG-300,300-200,D200,IS,US,USD,FIELD,Field Service Technician,ACTIVE,FULL_TIME,1.0,2017-12-26,,60482.15,0.2078,FALSE,0.0
E8470756E,NIG-300,300-500,D500,IS,US,USD,IT,Information Technology,ACTIVE,FULL_TIME,1.0,2014-08-08,,140799.97,0.2447,TRUE,0.1639
EFE44DD5B,NIG-300,300-200,D200,IS,US,USD,FIELD,Field Service Technician,ACTIVE,FULL_TIME,1.0,2018-04-12,,92295.61,0.2087,FALSE,0.0
EEFC435A4,NIG-300,300-415,D415,IS,US,USD,EXEC,Executive & Leadership,TERMINATED,FULL_TIME,1.0,2017-11-27,2026-05-31,184920.68,0.2285,TRUE,0.2397
EF1E8067D,NIG-300,300-215,D215,IS,US,USD,QUAL,Quality & HSE,ACTIVE,FULL_TIME,1.0,2014-09-13,,70205.15,0.2279,FALSE,0.0
E873B33E7,NIG-300,300-200,D200,IS,US,USD,FIELD,Field Service Technician,ACTIVE,FULL_TIME,1.0,2020-08-04,,62991.41,0.2466,FALSE,0.0
E4EBD9827,NIG-300,300-415,D415,IS,US,USD,IT,Information Technology,ACTIVE,PART_TIME,0.5,2016-06-13,,93656.14,0.1668,TRUE,0.1532
ED31C5C02,NIG-300,300-510,D510,IS,US,USD,IT,Information Technology,ACTIVE,FULL_TIME,1.0,2020-01-03,,106471.96,0.2554,TRUE,0.2267
E779C9FAD,NIG-300,300-415,D415,IS,US,USD,ADMIN,Administration,ACTIVE,FULL_TIME,1.0,2019-04-26,,45216.11,0.257,FALSE,0.0
ED334C617,NIG-300,300-415,D415,IS,US,USD,ADMIN,Administration,ACTIVE,FULL_TIME,1.0,2017-03-17,,41741.35,0.2538,FALSE,0.0
E2EEFD3CD,NIG-300,300-505,D505,IS,US,USD,EXEC,Executive & Leadership,TERMINATED,FULL_TIME,1.0,2020-06-19,2024-08-31,194799.34,0.2317,TRUE,0.1939
E6C922A06,NIG-300,300-215,D215,IS,US,USD,QUAL,Quality & HSE,ACTIVE,FULL_TIME,1.0,2018-03-30,,71626.47,0.1734,FALSE,0.0
E9C7FD614,NIG-300,300-200,D200,IS,US,USD,FIELD,Field Service Technician,ACTIVE,FULL_TIME,1.0,2015-03-25,,85794.2,0.1757,FALSE,0.0
E992EB888,NIG-300,300-510,D510,IS,US,USD,HR,Human Resources,ACTIVE,FULL_TIME,1.0,2018-11-17,,82178.21,0.2632,FALSE,0.0
ED0E64801,NIG-300,300-215,D215,IS,US,USD,SUPPLY,Supply Chain & Warehouse,ACTIVE,PART_TIME,0.5,2013-02-11,,53301.68,0.2154,FALSE,0.0
E99FC087B,NIG-300,300-205,D205,IS,US,USD,FIELD,Field Service Technician,ACTIVE,FULL_TIME,1.0,2019-12-28,,63064.17,0.2343,FALSE,0.0
E9DB99D32,NIG-300,300-415,D415,IS,US,USD,FIN,Finance,TERMINATED,FULL_TIME,1.0,2019-11-28,2023-04-30,104463.29,0.2011,TRUE,0.2039
E28DFB7F1,NIG-300,300-400,D400,IS,US,USD,EXEC,Executive & Leadership,ACTIVE,FULL_TIME,1.0,2015-03-04,,133713.92,0.2082,TRUE,0.1097
EE1386BDA,NIG-300,300-205,D205,IS,US,USD,FIELD,Field Service Technician,ACTIVE,FULL_TIME,1.0,2017-11-30,,85925.84,0.214,FALSE,0.0
EE3735DA3,NIG-300,300-415,D415,IS,US,USD,HR,Human Resources,TERMINATED,FULL_TIME,1.0,2016-05-13,2025-12-31,96860.04,0.2595,FALSE,0.0
E69082F49,NIG-300,300-215,D215,IS,US,USD,SUPPLY,Supply Chain & Warehouse,ACTIVE,FULL_TIME,1.0,2013-06-08,,55240.37,0.2176,FALSE,0.0
E4746ED18,NIG-300,300-405,D405,IS,US,USD,HR,Human Resources,ACTIVE,FULL_TIME,1.0,2014-01-10,,108459.3,0.2511,FALSE,0.0
EB12BAB54,NIG-300,300-415,D415,IS,US,USD,IT,Information Technology,ACTIVE,FULL_TIME,1.0,2019-04-07,,81349.36,0.1839,TRUE,0.2641
E29120986,NIG-300,300-405,D405,IS,US,USD,IT,Information Technology,ACTIVE,FULL_TIME,1.0,2016-05-22,,82972.54,0.2674,TRUE,0.1981
E2FB083C3,NIG-300,300-500,D500,IS,US,USD,EXEC,Executive & Leadership,ACTIVE,FULL_TIME,1.0,2014-07-16,,190116.28,0.2608,TRUE,0.3476
EF1DF58A3,NIG-300,300-205,D205,IS,US,USD,FIELD,Field Service Technician,ACTIVE,FULL_TIME,1.0,2016-07-03,,68392.14,0.24,FALSE,0.0
E4C6731E8,NIG-300,300-400,D400,IS,US,USD,SALES,Sales & Commercial,ACTIVE,FULL_TIME,1.0,2014-01-13,,121799.94,0.1863,TRUE,0.3397
E64D5583B,NIG-300,300-215,D215,IS,US,USD,SUPPLY,Supply Chain & Warehouse,TERMINATED,FULL_TIME,1.0,2018-10-31,2026-06-30,71638.04,0.1879,FALSE,0.0
E1D43A6FB,NIG-300,300-510,D510,IS,US,USD,HR,Human Resources,TERMINATED,FULL_TIME,1.0,2014-06-13,2023-07-31,84952.18,0.2197,FALSE,0.0
E4A68416C,NIG-300,300-405,D405,IS,US,USD,HR,Human Resources,ACTIVE,FULL_TIME,1.0,2017-06-20,,75151.8,0.2621,FALSE,0.0
E818EAAE4,NIG-300,300-415,D415,IS,US,USD,IT,Information Technology,ACTIVE,FULL_TIME,1.0,2016-08-04,,98819.48,0.2002,TRUE,0.3029
E30CC0113,NIG-300,300-415,D415,IS,US,USD,IT,Information Technology,TERMINATED,FULL_TIME,1.0,2016-08-12,2023-11-30,122959.14,0.1931,TRUE,0.2963
E6FEC595E,NIG-300,300-500,D500,IS,US,USD,ADMIN,Administration,ACTIVE,FULL_TIME,1.0,2020-04-09,,54579.05,0.1979,FALSE,0.0
E3E333D3A,NIG-300,300-910,D910,IS,US,USD,FIN,Finance,ACTIVE,FULL_TIME,1.0,2015-04-25,,119736.38,0.2477,TRUE,0.0581
E8B48D3F8,NIG-300,300-400,D400,IS,US,USD,HR,Human Resources,ACTIVE,FULL_TIME,1.0,2017-07-19,,95340.47,0.1725,FALSE,0.0
E6656FC0A,NIG-300,300-910,D910,IS,US,USD,ADMIN,Administration,ACTIVE,FULL_TIME,1.0,2019-07-02,,49121.58,0.1797,FALSE,0.0
EAF6BAC42,NIG-300,300-415,D415,IS,US,USD,ADMIN,Administration,ACTIVE,PART_TIME,0.6,2019-08-29,,61337.13,0.2224,FALSE,0.0
EA1E0B397,NIG-300,300-510,D510,IS,US,USD,HR,Human Resources,ACTIVE,FULL_TIME,1.0,2014-06-30,,78744.55,0.2254,FALSE,0.0
EE42F4D3F,NIG-300,300-405,D405,IS,US,USD,FIN,Finance,ACTIVE,FULL_TIME,1.0,2018-02-28,,93389.0,0.2443,TRUE,0.1721
E0B5DCC2B,NIG-300,300-400,D400,IS,US,USD,ADMIN,Administration,ACTIVE,FULL_TIME,1.0,2019-06-24,,42685.39,0.2009,FALSE,0.0
ED8CA13CE,NIG-300,300-215,D215,IS,US,USD,QUAL,Quality & HSE,ACTIVE,FULL_TIME,1.0,2019-06-04,,78875.64,0.2361,FALSE,0.0
E16E7E649,NIG-300,300-415,D415,IS,US,USD,FIN,Finance,ACTIVE,FULL_TIME,1.0,2016-12-06,,91431.49,0.1638,TRUE,0.2163
E01AE558C,NIG-300,300-510,D510,IS,US,USD,FIN,Finance,ACTIVE,FULL_TIME,1.0,2014-03-17,,71085.67,0.2668,TRUE,0.1995
E9E2F4286,NIG-300,300-510,D510,IS,US,USD,SALES,Sales & Commercial,ACTIVE,FULL_TIME,1.0,2014-12-15,,109391.17,0.241,TRUE,0.159
E22CAF953,NIG-300,300-405,D405,IS,US,USD,EXEC,Executive & Leadership,ACTIVE,FULL_TIME,1.0,2013-09-12,,149505.14,0.1705,TRUE,0.2434
E9E85C790,NIG-300,300-205,D205,IS,US,USD,FIELD,Field Service Technician,ACTIVE,FULL_TIME,1.0,2014-04-09,,80096.35,0.2341,FALSE,0.0
E5D30A6DE,NIG-300,300-510,D510,IS,US,USD,SALES,Sales & Commercial,ACTIVE,FULL_TIME,1.0,2015-12-07,,81041.88,0.1777,TRUE,0.1986
E44248F3A,NIG-300,300-205,D205,IS,US,USD,FIELD,Field Service Technician,ACTIVE,FULL_TIME,1.0,2019-06-10,,83291.23,0.2172,FALSE,0.0
EF53AFFE6,NIG-300,300-205,D205,IS,US,USD,FIELD,Field Service Technician,ACTIVE,FULL_TIME,1.0,2015-04-15,,82545.29,0.1778,FALSE,0.0
EFBC11A6F,NIG-300,300-415,D415,IS,US,USD,ADMIN,Administration,ACTIVE,FULL_TIME,1.0,2014-10-31,,48663.76,0.1795,FALSE,0.0
E6372D9A2,NIG-300,300-910,D910,IS,US,USD,IT,Information Technology,ACTIVE,FULL_TIME,1.0,2013-07-12,,111737.38,0.2354,TRUE,0.2031
EF85D3C51,NIG-300,300-405,D405,IS,US,USD,SALES,Sales & Commercial,ACTIVE,FULL_TIME,1.0,2016-01-25,,125711.71,0.1603,TRUE,0.0765
E9497D067,NIG-300,300-215,D215,IS,US,USD,SUPPLY,Supply Chain & Warehouse,ACTIVE,FULL_TIME,1.0,2019-09-03,,41136.02,0.213,FALSE,0.0
E78DC3CDD,NIG-300,300-205,D205,IS,US,USD,FIELD,Field Service Technician,TERMINATED,FULL_TIME,1.0,2018-06-23,2024-05-31,94581.84,0.2398,FALSE,0.0
E805CF993,NIG-300,300-200,D200,IS,US,USD,FIELD,Field Service Technician,ACTIVE,FULL_TIME,1.0,2019-11-03,,84423.19,0.2438,FALSE,0.0
ECFBF611D,NIG-300,300-205,D205,IS,US,USD,FIELD,Field Service Technician,TERMINATED,FULL_TIME,1.0,2015-04-24,2026-06-30,76848.62,0.1791,FALSE,0.0
EFE6009FB,NIG-300,300-205,D205,IS,US,USD,FIELD,Field Service Technician,ACTIVE,FULL_TIME,1.0,2017-02-05,,77072.87,0.2294,FALSE,0.0
ECDEB7845,NIG-300,300-205,D205,IS,US,USD,FIELD,Field Service Technician,ACTIVE,FULL_TIME,1.0,2015-12-18,,54769.29,0.1819,FALSE,0.0
EECC8E8FE,NIG-300,300-205,D205,IS,US,USD,FIELD,Field Service Technician,ACTIVE,FULL_TIME,1.0,2020-07-30,,71204.15,0.264,FALSE,0.0
E92FB8777,NIG-300,300-505,D505,IS,US,USD,FIN,Finance,TERMINATED,FULL_TIME,1.0,2017-06-20,2025-10-31,93283.82,0.1922,TRUE,0.1256
EB829C30C,NIG-300,300-405,D405,IS,US,USD,FIN,Finance,ACTIVE,FULL_TIME,1.0,2015-06-29,,79879.72,0.249,TRUE,0.1988
E378EC9B9,NIG-300,300-400,D400,IS,US,USD,ADMIN,Administration,ACTIVE,FULL_TIME,1.0,2017-08-11,,39911.81,0.1719,FALSE,0.0
E6500778D,NIG-300,300-415,D415,IS,US,USD,ADMIN,Administration,ACTIVE,FULL_TIME,1.0,2017-12-15,,62977.77,0.1782,FALSE,0.0
E5B34CB27,NIG-300,300-510,D510,IS,US,USD,SALES,Sales & Commercial,ACTIVE,FULL_TIME,1.0,2017-04-12,,121466.62,0.2574,TRUE,0.2643
E60D95556,NIG-300,300-500,D500,IS,US,USD,EXEC,Executive & Leadership,TERMINATED,FULL_TIME,1.0,2016-01-13,2026-03-31,161850.51,0.2241,TRUE,0.0969
ED37FFB5E,NIG-300,300-910,D910,IS,US,USD,IT,Information Technology,ACTIVE,FULL_TIME,1.0,2014-01-29,,119267.44,0.205,TRUE,0.1984
ECEACFFCD,NIG-300,300-405,D405,IS,US,USD,EXEC,Executive & Leadership,ACTIVE,FULL_TIME,1.0,2020-03-08,,173550.21,0.208,TRUE,0.3137
E5C9B8F07,NIG-300,300-415,D415,IS,US,USD,ADMIN,Administration,ACTIVE,FULL_TIME,1.0,2019-07-05,,53169.35,0.1687,FALSE,0.0
EB2D15D29,NIG-300,300-215,D215,IS,US,USD,SUPPLY,Supply Chain & Warehouse,ACTIVE,FULL_TIME,1.0,2015-12-13,,83860.99,0.1663,FALSE,0.0
E70C37D91,NIG-300,300-400,D400,IS,US,USD,SALES,Sales & Commercial,TERMINATED,FULL_TIME,1.0,2014-07-27,2024-03-31,113789.46,0.2166,TRUE,0.0737
E2A4969DF,NIG-300,300-405,D405,IS,US,USD,ADMIN,Administration,ACTIVE,FULL_TIME,1.0,2019-06-12,,43549.85,0.1958,FALSE,0.0
EF91299D4,NIG-300,300-415,D415,IS,US,USD,IT,Information Technology,ACTIVE,PART_TIME,0.5,2018-08-27,,76786.76,0.2037,TRUE,0.2874
EBAB18E0A,NIG-300,300-505,D505,IS,US,USD,EXEC,Executive & Leadership,ACTIVE,PART_TIME,0.6,2018-07-10,,232738.48,0.2514,TRUE,0.2681
E63495ADD,NIG-300,300-500,D500,IS,US,USD,FIN,Finance,ACTIVE,PART_TIME,0.5,2016-07-01,,73647.98,0.1652,TRUE,0.3093
E7FB5D847,NIG-300,300-415,D415,IS,US,USD,ADMIN,Administration,ACTIVE,FULL_TIME,1.0,2017-07-08,,50702.71,0.2293,FALSE,0.0
EA5FF5957,NIG-300,300-205,D205,IS,US,USD,FIELD,Field Service Technician,ACTIVE,FULL_TIME,1.0,2017-09-08,,92660.49,0.1994,FALSE,0.0
E49EB58B9,NIG-300,300-200,D200,IS,US,USD,FIELD,Field Service Technician,TERMINATED,FULL_TIME,1.0,2017-07-23,2023-03-31,80078.16,0.2488,FALSE,0.0
EE3E96549,NIG-300,300-200,D200,IS,US,USD,FIELD,Field Service Technician,TERMINATED,FULL_TIME,1.0,2016-05-17,2025-05-31,68418.47,0.2288,FALSE,0.0
E8E4FA694,NIG-300,300-415,D415,IS,US,USD,SALES,Sales & Commercial,ACTIVE,FULL_TIME,1.0,2014-11-26,,107379.27,0.2296,TRUE,0.084
E37D78F10,NIG-300,300-200,D200,IS,US,USD,FIELD,Field Service Technician,ACTIVE,FULL_TIME,1.0,2015-04-14,,70148.55,0.2214,FALSE,0.0
E1906B481,NIG-300,300-205,D205,IS,US,USD,FIELD,Field Service Technician,ACTIVE,FULL_TIME,1.0,2016-09-11,,80392.89,0.2516,FALSE,0.0
E67104E25,NIG-300,300-500,D500,IS,US,USD,EXEC,Executive & Leadership,ACTIVE,FULL_TIME,1.0,2016-01-02,,159972.15,0.2614,TRUE,0.2975
E965CD559,NIG-300,300-910,D910,IS,US,USD,HR,Human Resources,TERMINATED,FULL_TIME,1.0,2019-12-27,2024-03-31,89096.88,0.2053,FALSE,0.0
E9327B8D7,NIG-300,300-510,D510,IS,US,USD,SALES,Sales & Commercial,ACTIVE,FULL_TIME,1.0,2016-04-13,,88413.96,0.2243,TRUE,0.2698
E80FB31E3,NIG-300,300-215,D215,IS,US,USD,SUPPLY,Supply Chain & Warehouse,ACTIVE,FULL_TIME,1.0,2015-12-03,,76570.06,0.2194,FALSE,0.0
E21B5EBCE,NIG-300,300-400,D400,IS,US,USD,IT,Information Technology,ACTIVE,FULL_TIME,1.0,2020-05-09,,83726.91,0.2688,TRUE,0.2987
E6A981E33,NIG-300,300-400,D400,IS,US,USD,SALES,Sales & Commercial,ACTIVE,FULL_TIME,1.0,2018-04-19,,121650.47,0.2693,TRUE,0.1041
EDB5A561F,NIG-300,300-200,D200,IS,US,USD,FIELD,Field Service Technician,ACTIVE,FULL_TIME,1.0,2016-08-04,,73476.47,0.2062,FALSE,0.0
ECB2CCEBE,NIG-300,300-505,D505,IS,US,USD,EXEC,Executive & Leadership,ACTIVE,FULL_TIME,1.0,2018-12-11,,213551.61,0.25,TRUE,0.0561
EC8339D52,NIG-300,300-205,D205,IS,US,USD,FIELD,Field Service Technician,ACTIVE,FULL_TIME,1.0,2013-03-18,,86550.25,0.2022,FALSE,0.0
E2D664CE4,NIG-300,300-400,D400,IS,US,USD,IT,Information Technology,ACTIVE,FULL_TIME,1.0,2015-01-03,,130392.06,0.1926,TRUE,0.3049
EE9BD50BD,NIG-300,300-405,D405,IS,US,USD,EXEC,Executive & Leadership,TERMINATED,FULL_TIME,1.0,2015-07-19,2023-08-31,186984.09,0.2112,TRUE,0.1047
EEF6B0DA4,NIG-300,300-505,D505,IS,US,USD,FIN,Finance,ACTIVE,FULL_TIME,1.0,2019-07-09,,90241.88,0.2308,TRUE,0.1502
EEEA07DF4,NIG-300,300-205,D205,IS,US,USD,FIELD,Field Service Technician,ACTIVE,FULL_TIME,1.0,2015-03-10,,78697.93,0.243,FALSE,0.0
E69C04D9A,NIG-300,300-510,D510,IS,US,USD,SALES,Sales & Commercial,TERMINATED,FULL_TIME,1.0,2015-09-15,2024-06-30,97429.46,0.2335,TRUE,0.1397
E5EF3EB13,NIG-300,300-415,D415,IS,US,USD,IT,Information Technology,ACTIVE,FULL_TIME,1.0,2015-09-14,,129780.01,0.2344,TRUE,0.1364
E2C448968,NIG-300,300-400,D400,IS,US,USD,ADMIN,Administration,ACTIVE,FULL_TIME,1.0,2017-03-03,,51054.55,0.1938,FALSE,0.0
E2679D7E2,NIG-300,300-505,D505,IS,US,USD,IT,Information Technology,TERMINATED,FULL_TIME,1.0,2013-11-22,2023-03-31,145973.35,0.2068,TRUE,0.2342
EACFE5F2B,NIG-300,300-505,D505,IS,US,USD,EXEC,Executive & Leadership,ACTIVE,FULL_TIME,1.0,2016-10-05,,144221.75,0.1771,TRUE,0.3243
EED5458C1,NIG-300,300-400,D400,IS,US,USD,HR,Human Resources,ACTIVE,FULL_TIME,1.0,2018-04-29,,91416.13,0.1895,FALSE,0.0
EA4C5697F,NIG-300,300-910,D910,IS,US,USD,EXEC,Executive & Leadership,ACTIVE,FULL_TIME,1.0,2014-08-31,,204351.42,0.2421,TRUE,0.0738
ED7E7F0B3,NIG-300,300-400,D400,IS,US,USD,SALES,Sales & Commercial,ACTIVE,FULL_TIME,1.0,2019-01-20,,104742.65,0.1793,TRUE,0.1789
EAFF6820F,NIG-300,300-205,D205,IS,US,USD,FIELD,Field Service Technician,TERMINATED,FULL_TIME,1.0,2014-10-07,2025-03-31,76556.77,0.1753,FALSE,0.0
EC2C1E742,NIG-300,300-400,D400,IS,US,USD,HR,Human Resources,ACTIVE,FULL_TIME,1.0,2014-11-18,,92513.02,0.2599,FALSE,0.0
E23A03688,NIG-300,300-405,D405,IS,US,USD,EXEC,Executive & Leadership,ACTIVE,FULL_TIME,1.0,2013-10-29,,163887.97,0.2462,TRUE,0.088
E9C09448F,NIG-300,300-510,D510,IS,US,USD,SALES,Sales & Commercial,TERMINATED,FULL_TIME,1.0,2015-09-19,2024-07-31,89420.71,0.2092,TRUE,0.115
EE35BDCA3,NIG-300,300-505,D505,IS,US,USD,EXEC,Executive & Leadership,ACTIVE,FULL_TIME,1.0,2016-09-09,,202468.29,0.1984,TRUE,0.0878
EF540FCC8,NIG-300,300-400,D400,IS,US,USD,FIN,Finance,ACTIVE,FULL_TIME,1.0,2015-03-14,,112070.74,0.2231,TRUE,0.0602
E3AEA037C,NIG-300,300-910,D910,IS,US,USD,ADMIN,Administration,ACTIVE,FULL_TIME,1.0,2016-04-11,,47291.82,0.2223,FALSE,0.0
E0E6E79E9,NIG-300,300-400,D400,IS,US,USD,ADMIN,Administration,TERMINATED,FULL_TIME,1.0,2019-08-17,2026-05-31,59982.04,0.2388,FALSE,0.0
EA197E2D6,NIG-300,300-205,D205,IS,US,USD,FIELD,Field Service Technician,ACTIVE,FULL_TIME,1.0,2019-07-08,,82384.69,0.2574,FALSE,0.0
E2761B1DF,NIG-300,300-205,D205,IS,US,USD,FIELD,Field Service Technician,ACTIVE,FULL_TIME,1.0,2014-09-25,,98413.31,0.2158,FALSE,0.0
E256659EA,NIG-300,300-400,D400,IS,US,USD,IT,Information Technology,ACTIVE,FULL_TIME,1.0,2019-05-15,,87780.23,0.1884,TRUE,0.1502
E36633D3E,NIG-300,300-415,D415,IS,US,USD,IT,Information Technology,ACTIVE,FULL_TIME,1.0,2013-02-15,,86326.28,0.2058,TRUE,0.34
E871716AB,NIG-300,300-205,D205,IS,US,USD,FIELD,Field Service Technician,TERMINATED,FULL_TIME,1.0,2015-04-18,2023-04-30,69407.87,0.2252,FALSE,0.0
E42F88200,NIG-300,300-510,D510,IS,US,USD,HR,Human Resources,ACTIVE,PART_TIME,0.8,2015-02-06,,79385.2,0.2059,FALSE,0.0
EAF215888,NIG-300,300-205,D205,IS,US,USD,FIELD,Field Service Technician,TERMINATED,FULL_TIME,1.0,2020-02-21,2025-06-30,91743.8,0.2079,FALSE,0.0
E081EC33D,NIG-300,300-215,D215,IS,US,USD,SUPPLY,Supply Chain & Warehouse,ACTIVE,FULL_TIME,1.0,2018-05-16,,74289.66,0.2331,FALSE,0.0
E45E37422,NIG-300,300-400,D400,IS,US,USD,ADMIN,Administration,TERMINATED,PART_TIME,0.6,2015-04-09,2023-01-31,65869.04,0.2675,FALSE,0.0
ED03E0857,NIG-300,300-505,D505,IS,US,USD,HR,Human Resources,ACTIVE,FULL_TIME,1.0,2016-02-06,,86457.64,0.2527,FALSE,0.0
E200477C3,NIG-300,300-205,D205,IS,US,USD,FIELD,Field Service Technician,ACTIVE,PART_TIME,0.8,2017-06-18,,74661.96,0.2671,FALSE,0.0
E1634C5F3,NIG-300,300-500,D500,IS,US,USD,EXEC,Executive & Leadership,TERMINATED,FULL_TIME,1.0,2014-09-01,2026-02-28,134974.14,0.1827,TRUE,0.2711
E14A795A4,NIG-300,300-415,D415,IS,US,USD,FIN,Finance,ACTIVE,FULL_TIME,1.0,2013-05-10,,83348.65,0.2658,TRUE,0.3344
E29D12455,NIG-300,300-505,D505,IS,US,USD,ADMIN,Administration,ACTIVE,FULL_TIME,1.0,2020-05-14,,61070.8,0.1886,FALSE,0.0
E31D4A44B,NIG-300,300-910,D910,IS,US,USD,EXEC,Executive & Leadership,ACTIVE,FULL_TIME,1.0,2019-02-22,,220162.75,0.2595,TRUE,0.1462
E0D398444,NIG-300,300-505,D505,IS,US,USD,EXEC,Executive & Leadership,ACTIVE,FULL_TIME,1.0,2017-03-13,,164773.07,0.235,TRUE,0.0699
EF59C480C,NIG-300,300-500,D500,IS,US,USD,EXEC,Executive & Leadership,ACTIVE,FULL_TIME,1.0,2017-11-07,,223428.1,0.1881,TRUE,0.2138
EB63423F1,NIG-300,300-500,D500,IS,US,USD,ADMIN,Administration,ACTIVE,FULL_TIME,1.0,2019-12-09,,52163.16,0.1845,FALSE,0.0
E26608DD6,NIG-300,300-205,D205,IS,US,USD,FIELD,Field Service Technician,ACTIVE,PART_TIME,0.5,2014-06-29,,73414.01,0.2459,FALSE,0.0
EB2B3E47C,NIG-300,300-500,D500,IS,US,USD,HR,Human Resources,ACTIVE,FULL_TIME,1.0,2017-10-23,,73952.05,0.1668,FALSE,0.0
ED5F279F3,NIG-300,300-200,D200,IS,US,USD,FIELD,Field Service Technician,ACTIVE,FULL_TIME,1.0,2013-11-27,,92753.24,0.1656,FALSE,0.0
E4F833BE6,NIG-300,300-510,D510,IS,US,USD,EXEC,Executive & Leadership,ACTIVE,FULL_TIME,1.0,2015-02-05,,126262.24,0.2159,TRUE,0.331
EB6BD722B,NIG-300,300-415,D415,IS,US,USD,EXEC,Executive & Leadership,ACTIVE,FULL_TIME,1.0,2018-12-26,,247165.07,0.2547,TRUE,0.1285
ED5B12D9B,NIG-300,300-400,D400,IS,US,USD,FIN,Finance,ACTIVE,FULL_TIME,1.0,2014-01-21,,105610.49,0.1938,TRUE,0.1462
E319323A6,NIG-300,300-505,D505,IS,US,USD,ADMIN,Administration,ACTIVE,FULL_TIME,1.0,2015-03-05,,60276.13,0.1764,FALSE,0.0
E70635DE1,NIG-300,300-400,D400,IS,US,USD,IT,Information Technology,TERMINATED,FULL_TIME,1.0,2019-04-22,2024-03-31,113597.37,0.1668,TRUE,0.3261
E6DB198B7,NIG-300,300-510,D510,IS,US,USD,EXEC,Executive & Leadership,ACTIVE,FULL_TIME,1.0,2018-03-12,,211890.36,0.2078,TRUE,0.3051
E1711009E,NIG-300,300-415,D415,IS,US,USD,FIN,Finance,TERMINATED,FULL_TIME,1.0,2015-12-28,2024-10-31,85845.07,0.2562,TRUE,0.1494
EE42EB7B1,NIG-300,300-910,D910,IS,US,USD,EXEC,Executive & Leadership,ACTIVE,FULL_TIME,1.0,2020-01-18,,210788.99,0.1748,TRUE,0.0747
ECD8F9AEF,NIG-300,300-500,D500,IS,US,USD,FIN,Finance,TERMINATED,FULL_TIME,1.0,2014-04-15,2025-04-30,115556.81,0.2385,TRUE,0.1887
EE3738F2E,NIG-300,300-500,D500,IS,US,USD,FIN,Finance,ACTIVE,FULL_TIME,1.0,2016-03-18,,75031.04,0.2198,TRUE,0.1093
ED1FEFFE9,NIG-300,300-215,D215,IS,US,USD,QUAL,Quality & HSE,TERMINATED,FULL_TIME,1.0,2014-05-09,2024-03-31,66241.46,0.228,FALSE,0.0
E52799783,NIG-300,300-510,D510,IS,US,USD,HR,Human Resources,TERMINATED,FULL_TIME,1.0,2013-07-24,2023-03-31,102532.77,0.1687,FALSE,0.0
E64BA2D28,NIG-300,300-505,D505,IS,US,USD,ADMIN,Administration,ACTIVE,FULL_TIME,1.0,2019-04-10,,60747.22,0.2452,FALSE,0.0
E9F64C4FA,NIG-300,300-205,D205,IS,US,USD,FIELD,Field Service Technician,ACTIVE,FULL_TIME,1.0,2013-02-21,,63659.09,0.2545,FALSE,0.0
EBEF99A8E,NIG-300,300-505,D505,IS,US,USD,HR,Human Resources,ACTIVE,FULL_TIME,1.0,2014-11-26,,61102.79,0.262,FALSE,0.0
E4139B819,NIG-300,300-215,D215,IS,US,USD,QUAL,Quality & HSE,ACTIVE,FULL_TIME,1.0,2015-08-16,,77794.87,0.2596,FALSE,0.0
E133D32AF,NIG-300,300-215,D215,IS,US,USD,SUPPLY,Supply Chain & Warehouse,ACTIVE,FULL_TIME,1.0,2015-01-11,,69709.58,0.2404,FALSE,0.0
E47AE69AD,NIG-300,300-505,D505,IS,US,USD,IT,Information Technology,ACTIVE,FULL_TIME,1.0,2013-01-10,,83932.65,0.2669,TRUE,0.2526
E62740757,NIG-300,300-500,D500,IS,US,USD,IT,Information Technology,ACTIVE,FULL_TIME,1.0,2018-01-14,,125388.58,0.2655,TRUE,0.1088
EE70EB350,NIG-300,300-415,D415,IS,US,USD,EXEC,Executive & Leadership,ACTIVE,FULL_TIME,1.0,2019-06-06,,198377.58,0.1962,TRUE,0.1212
E9D284377,NIG-300,300-510,D510,IS,US,USD,EXEC,Executive & Leadership,TERMINATED,FULL_TIME,1.0,2017-10-11,2024-06-30,207445.89,0.2326,TRUE,0.0905
E5162A36E,NIG-300,300-400,D400,IS,US,USD,HR,Human Resources,TERMINATED,FULL_TIME,1.0,2015-07-12,2024-07-31,80089.35,0.1633,FALSE,0.0
E8AF00FD3,NIG-300,300-505,D505,IS,US,USD,FIN,Finance,ACTIVE,FULL_TIME,1.0,2020-06-06,,113282.23,0.1797,TRUE,0.191
E662D0A37,NIG-300,300-405,D405,IS,US,USD,FIN,Finance,TERMINATED,FULL_TIME,1.0,2017-11-02,2024-04-30,92763.34,0.2638,TRUE,0.1063
EDBB19C47,NIG-300,300-510,D510,IS,US,USD,SALES,Sales & Commercial,ACTIVE,FULL_TIME,1.0,2016-02-16,,116661.93,0.2583,TRUE,0.0595
E0B412A70,NIG-300,300-500,D500,IS,US,USD,EXEC,Executive & Leadership,ACTIVE,FULL_TIME,1.0,2016-06-18,,235972.57,0.1612,TRUE,0.2731
E01DE5986,NIG-300,300-500,D500,IS,US,USD,IT,Information Technology,ACTIVE,FULL_TIME,1.0,2016-04-13,,111611.37,0.1671,TRUE,0.2271
E2E761B57,NIG-300,300-910,D910,IS,US,USD,EXEC,Executive & Leadership,ACTIVE,FULL_TIME,1.0,2018-12-11,,155300.67,0.1938,TRUE,0.178
EC7FBA84F,NIG-300,300-400,D400,IS,US,USD,ADMIN,Administration,TERMINATED,FULL_TIME,1.0,2015-03-06,2025-09-30,50410.13,0.2174,FALSE,0.0
E85CF4D99,NIG-300,300-910,D910,IS,US,USD,ADMIN,Administration,ACTIVE,FULL_TIME,1.0,2013-09-05,,62275.25,0.2206,FALSE,0.0
E0785DB8A,NIG-300,300-500,D500,IS,US,USD,IT,Information Technology,ACTIVE,FULL_TIME,1.0,2019-03-08,,90607.45,0.2463,TRUE,0.3472
EC2B8D4D5,NIG-300,300-405,D405,IS,US,USD,HR,Human Resources,TERMINATED,FULL_TIME,1.0,2014-08-22,2023-02-28,46200.0,0.2187,FALSE,0.0
E3F2333BE,NIG-300,300-400,D400,IS,US,USD,FIN,Finance,ACTIVE,FULL_TIME,1.0,2019-01-01,,83685.81,0.1905,TRUE,0.0861
E53F2F28E,NIG-300,300-910,D910,IS,US,USD,IT,Information Technology,TERMINATED,PART_TIME,0.6,2015-03-27,2025-06-30,128666.39,0.1663,TRUE,0.3355
E28A2F758,NIG-300,300-215,D215,IS,US,USD,SUPPLY,Supply Chain & Warehouse,ACTIVE,FULL_TIME,1.0,2015-01-04,,64642.23,0.1777,FALSE,0.0
E67C05376,NIG-300,300-205,D205,IS,US,USD,FIELD,Field Service Technician,ACTIVE,FULL_TIME,1.0,2013-12-22,,71656.24,0.1709,FALSE,0.0
E79B501B1,NIG-300,300-505,D505,IS,US,USD,HR,Human Resources,ACTIVE,FULL_TIME,1.0,2014-08-28,,115001.08,0.176,FALSE,0.0
E09E5BE06,NIG-300,300-500,D500,IS,US,USD,IT,Information Technology,ACTIVE,FULL_TIME,1.0,2019-05-18,,113418.49,0.1827,TRUE,0.0543
ED75FD709,NIG-300,300-415,D415,IS,US,USD,IT,Information Technology,ACTIVE,FULL_TIME,1.0,2017-03-07,,98385.12,0.2042,TRUE,0.206
EF310E29C,NIG-300,300-215,D215,IS,US,USD,SUPPLY,Supply Chain & Warehouse,ACTIVE,FULL_TIME,1.0,2013-11-14,,47874.59,0.1661,FALSE,0.0
EF752A329,NIG-300,300-205,D205,IS,US,USD,FIELD,Field Service Technician,ACTIVE,FULL_TIME,1.0,2013-11-03,,63782.44,0.2617,FALSE,0.0
EA27B8994,NIG-300,300-405,D405,IS,US,USD,ADMIN,Administration,ACTIVE,FULL_TIME,1.0,2013-05-16,,66576.0,0.1967,FALSE,0.0
E819E9826,NIG-300,300-215,D215,IS,US,USD,SUPPLY,Supply Chain & Warehouse,TERMINATED,FULL_TIME,1.0,2020-03-01,2024-12-31,58401.29,0.1697,FALSE,0.0
E911B9D61,NIG-300,300-500,D500,IS,US,USD,SALES,Sales & Commercial,TERMINATED,FULL_TIME,1.0,2017-10-31,2023-08-31,95995.84,0.162,TRUE,0.0926
E90C7C4A8,NIG-300,300-400,D400,IS,US,USD,HR,Human Resources,ACTIVE,FULL_TIME,1.0,2013-05-30,,84184.11,0.2114,FALSE,0.0
ED87490E8,NIG-300,300-415,D415,IS,US,USD,SALES,Sales & Commercial,ACTIVE,FULL_TIME,1.0,2020-05-08,,104512.54,0.2483,TRUE,0.1772
E82CFDD27,NIG-300,300-910,D910,IS,US,USD,ADMIN,Administration,ACTIVE,FULL_TIME,1.0,2017-01-06,,49619.23,0.2475,FALSE,0.0
E00C1E628,NIG-300,300-500,D500,IS,US,USD,IT,Information Technology,ACTIVE,FULL_TIME,1.0,2015-07-14,,122617.48,0.2059,TRUE,0.2442
E5BD5B53A,NIG-300,300-200,D200,IS,US,USD,FIELD,Field Service Technician,ACTIVE,FULL_TIME,1.0,2015-09-03,,108720.24,0.2481,FALSE,0.0
E030F5124,NIG-300,300-405,D405,IS,US,USD,EXEC,Executive & Leadership,ACTIVE,FULL_TIME,1.0,2013-09-30,,213493.39,0.2584,TRUE,0.2347
E593C5284,NIG-300,300-910,D910,IS,US,USD,ADMIN,Administration,ACTIVE,FULL_TIME,1.0,2015-03-24,,50401.46,0.2124,FALSE,0.0
EE90848E4,NIG-300,300-400,D400,IS,US,USD,FIN,Finance,ACTIVE,FULL_TIME,1.0,2023-02-17,,87504.34,0.1883,TRUE,0.2773
EEFCC239F,NIG-300,300-400,D400,IS,US,USD,SALES,Sales & Commercial,ACTIVE,FULL_TIME,1.0,2023-02-07,,91384.16,0.1947,TRUE,0.2332
E173449B5,NIG-300,300-405,D405,IS,US,USD,EXEC,Executive & Leadership,ACTIVE,FULL_TIME,1.0,2023-02-13,,210905.15,0.2677,TRUE,0.3317
EC2A9BB7F,NIG-300,300-200,D200,IS,US,USD,FIELD,Field Service Technician,ACTIVE,FULL_TIME,1.0,2023-02-06,,72570.01,0.195,FALSE,0.0
E1F515414,NIG-300,300-205,D205,IS,US,USD,FIELD,Field Service Technician,ACTIVE,PART_TIME,0.8,2023-03-30,,55779.75,0.2574,FALSE,0.0
E3B6F4ED9,NIG-300,300-205,D205,IS,US,USD,FIELD,Field Service Technician,ACTIVE,FULL_TIME,1.0,2023-03-29,,73432.46,0.2103,FALSE,0.0
EBCC85A14,NIG-300,300-505,D505,IS,US,USD,EXEC,Executive & Leadership,ACTIVE,FULL_TIME,1.0,2023-03-12,,199599.79,0.1796,TRUE,0.15
E608E13C1,NIG-300,300-500,D500,IS,US,USD,HR,Human Resources,ACTIVE,FULL_TIME,1.0,2023-04-10,,73296.64,0.238,FALSE,0.0
E419CEAA1,NIG-300,300-500,D500,IS,US,USD,IT,Information Technology,ACTIVE,FULL_TIME,1.0,2023-04-28,,104204.42,0.2185,TRUE,0.1054
E71741833,NIG-300,300-215,D215,IS,US,USD,QUAL,Quality & HSE,ACTIVE,FULL_TIME,1.0,2023-04-03,,102228.15,0.2142,FALSE,0.0
EC482A4B5,NIG-300,300-400,D400,IS,US,USD,FIN,Finance,ACTIVE,FULL_TIME,1.0,2023-05-27,,85598.57,0.2684,TRUE,0.0813
EFA3AD920,NIG-300,300-415,D415,IS,US,USD,IT,Information Technology,ACTIVE,FULL_TIME,1.0,2023-05-01,,103089.03,0.2464,TRUE,0.1313
EB9B3EB93,NIG-300,300-405,D405,IS,US,USD,FIN,Finance,ACTIVE,FULL_TIME,1.0,2023-05-10,,67044.08,0.1927,TRUE,0.1782
E49CFAE71,NIG-300,300-505,D505,IS,US,USD,SALES,Sales & Commercial,ACTIVE,FULL_TIME,1.0,2023-06-25,,91423.04,0.2295,TRUE,0.1616
E75846D8F,NIG-300,300-415,D415,IS,US,USD,EXEC,Executive & Leadership,ACTIVE,FULL_TIME,1.0,2023-06-15,,199746.19,0.2135,TRUE,0.1681
E4E0B6C47,NIG-300,300-505,D505,IS,US,USD,HR,Human Resources,ACTIVE,FULL_TIME,1.0,2023-06-12,,72969.21,0.251,FALSE,0.0
ECAF48EAB,NIG-300,300-200,D200,IS,US,USD,FIELD,Field Service Technician,TERMINATED,FULL_TIME,1.0,2023-06-30,2026-03-31,92639.6,0.2054,FALSE,0.0
E42A70363,NIG-300,300-910,D910,IS,US,USD,EXEC,Executive & Leadership,ACTIVE,FULL_TIME,1.0,2023-07-30,,165689.22,0.2179,TRUE,0.0972
EDD774E6E,NIG-300,300-400,D400,IS,US,USD,HR,Human Resources,ACTIVE,FULL_TIME,1.0,2023-07-19,,79344.26,0.2483,FALSE,0.0
E2468DD16,NIG-300,300-205,D205,IS,US,USD,FIELD,Field Service Technician,ACTIVE,FULL_TIME,1.0,2023-07-11,,56886.45,0.1743,FALSE,0.0
E84AB2B1D,NIG-300,300-415,D415,IS,US,USD,FIN,Finance,ACTIVE,FULL_TIME,1.0,2023-08-13,,106446.73,0.1815,TRUE,0.1495
E7A5301F8,NIG-300,300-500,D500,IS,US,USD,IT,Information Technology,TERMINATED,FULL_TIME,1.0,2023-08-09,2024-12-31,154270.2,0.2324,TRUE,0.3022
E8132BD62,NIG-300,300-505,D505,IS,US,USD,IT,Information Technology,ACTIVE,FULL_TIME,1.0,2023-08-13,,105983.84,0.242,TRUE,0.1471
E3B9A8E56,NIG-300,300-510,D510,IS,US,USD,SALES,Sales & Commercial,ACTIVE,FULL_TIME,1.0,2023-09-15,,95269.05,0.2099,TRUE,0.2309
EE58A387E,NIG-300,300-405,D405,IS,US,USD,IT,Information Technology,TERMINATED,FULL_TIME,1.0,2023-09-28,2025-01-31,87330.84,0.2115,TRUE,0.0995
E4E28408D,NIG-300,300-505,D505,IS,US,USD,EXEC,Executive & Leadership,ACTIVE,FULL_TIME,1.0,2023-09-26,,255675.45,0.2515,TRUE,0.1029
E32468F26,NIG-300,300-505,D505,IS,US,USD,FIN,Finance,ACTIVE,FULL_TIME,1.0,2023-10-19,,97377.43,0.1947,TRUE,0.216
E3DDB5B1D,NIG-300,300-415,D415,IS,US,USD,SALES,Sales & Commercial,ACTIVE,FULL_TIME,1.0,2023-10-14,,95330.16,0.2072,TRUE,0.3132
EC1D70596,NIG-300,300-500,D500,IS,US,USD,HR,Human Resources,ACTIVE,FULL_TIME,1.0,2023-10-05,,70605.75,0.1952,FALSE,0.0
E4D746F4F,NIG-300,300-415,D415,IS,US,USD,EXEC,Executive & Leadership,ACTIVE,FULL_TIME,1.0,2023-10-13,,131410.89,0.2544,TRUE,0.2643
E4A1ABB88,NIG-300,300-400,D400,IS,US,USD,HR,Human Resources,ACTIVE,FULL_TIME,1.0,2023-11-22,,122868.33,0.1948,FALSE,0.0
E65F4B9B7,NIG-300,300-215,D215,IS,US,USD,QUAL,Quality & HSE,ACTIVE,FULL_TIME,1.0,2023-11-25,,88681.06,0.162,FALSE,0.0
E51F72524,NIG-300,300-415,D415,IS,US,USD,IT,Information Technology,ACTIVE,FULL_TIME,1.0,2023-11-10,,116852.79,0.2687,TRUE,0.2909
EFC0B49EB,NIG-300,300-405,D405,IS,US,USD,ADMIN,Administration,ACTIVE,PART_TIME,0.6,2023-12-06,,67405.72,0.2269,FALSE,0.0
EDFE27318,NIG-300,300-910,D910,IS,US,USD,FIN,Finance,ACTIVE,FULL_TIME,1.0,2023-12-18,,114672.85,0.1685,TRUE,0.21
E1A8D5A17,NIG-300,300-200,D200,IS,US,USD,FIELD,Field Service Technician,ACTIVE,FULL_TIME,1.0,2023-12-21,,82696.78,0.1742,FALSE,0.0
EB259809E,NIG-300,300-505,D505,IS,US,USD,IT,Information Technology,TERMINATED,FULL_TIME,1.0,2024-01-20,2025-05-31,85564.6,0.1788,TRUE,0.2573
E1BE479C5,NIG-300,300-500,D500,IS,US,USD,HR,Human Resources,ACTIVE,FULL_TIME,1.0,2024-01-30,,62497.43,0.1962,FALSE,0.0
E84F6ADC8,NIG-300,300-215,D215,IS,US,USD,QUAL,Quality & HSE,ACTIVE,FULL_TIME,1.0,2024-01-14,,88718.99,0.1939,FALSE,0.0
E565B7476,NIG-300,300-505,D505,IS,US,USD,HR,Human Resources,ACTIVE,FULL_TIME,1.0,2024-02-19,,105640.53,0.211,FALSE,0.0
E74B4A435,NIG-300,300-500,D500,IS,US,USD,FIN,Finance,ACTIVE,PART_TIME,0.5,2024-02-24,,89768.79,0.2457,TRUE,0.3119
EC5D0DDF0,NIG-300,300-510,D510,IS,US,USD,EXEC,Executive & Leadership,ACTIVE,FULL_TIME,1.0,2024-03-17,,230272.39,0.1858,TRUE,0.2518
E4649BD9D,NIG-300,300-405,D405,IS,US,USD,SALES,Sales & Commercial,ACTIVE,FULL_TIME,1.0,2024-03-01,,132854.49,0.2574,TRUE,0.0898
EC3ACE1BF,NIG-300,300-205,D205,IS,US,USD,FIELD,Field Service Technician,ACTIVE,FULL_TIME,1.0,2024-04-26,,76498.05,0.2051,FALSE,0.0
E7F62A785,NIG-300,300-215,D215,IS,US,USD,QUAL,Quality & HSE,ACTIVE,FULL_TIME,1.0,2024-04-02,,77568.37,0.2516,FALSE,0.0
E0E64C393,NIG-300,300-205,D205,IS,US,USD,FIELD,Field Service Technician,TERMINATED,PART_TIME,0.5,2024-04-29,2024-04-30,97369.87,0.2449,FALSE,0.0
E633DDEDC,NIG-300,300-505,D505,IS,US,USD,ADMIN,Administration,ACTIVE,FULL_TIME,1.0,2024-05-16,,81198.94,0.1627,FALSE,0.0
ED9228E89,NIG-300,300-215,D215,IS,US,USD,SUPPLY,Supply Chain & Warehouse,ACTIVE,FULL_TIME,1.0,2024-05-03,,68449.81,0.2185,FALSE,0.0
E446DC28C,NIG-300,300-510,D510,IS,US,USD,HR,Human Resources,ACTIVE,FULL_TIME,1.0,2024-06-14,,93726.71,0.1637,FALSE,0.0
E90CCC7BA,NIG-300,300-500,D500,IS,US,USD,HR,Human Resources,ACTIVE,FULL_TIME,1.0,2024-06-23,,110346.71,0.211,FALSE,0.0
E13E714ED,NIG-300,300-405,D405,IS,US,USD,IT,Information Technology,ACTIVE,FULL_TIME,1.0,2024-07-31,,113515.36,0.1743,TRUE,0.1805
E210C8662,NIG-300,300-200,D200,IS,US,USD,FIELD,Field Service Technician,ACTIVE,PART_TIME,0.5,2024-07-01,,84881.44,0.2529,FALSE,0.0
EFCA9F554,NIG-300,300-215,D215,IS,US,USD,QUAL,Quality & HSE,TERMINATED,PART_TIME,0.5,2024-07-14,2025-03-31,84978.52,0.2456,FALSE,0.0
EA18A11DB,NIG-300,300-400,D400,IS,US,USD,IT,Information Technology,ACTIVE,FULL_TIME,1.0,2024-08-01,,120738.25,0.1677,TRUE,0.1727
E32F75E86,NIG-300,300-205,D205,IS,US,USD,FIELD,Field Service Technician,ACTIVE,FULL_TIME,1.0,2024-08-28,,86929.94,0.1797,FALSE,0.0
EB1538081,NIG-300,300-405,D405,IS,US,USD,FIN,Finance,ACTIVE,FULL_TIME,1.0,2024-09-25,,96520.59,0.2681,TRUE,0.1675
E912828D7,NIG-300,300-400,D400,IS,US,USD,ADMIN,Administration,TERMINATED,FULL_TIME,1.0,2024-09-17,2025-11-30,61720.6,0.2469,FALSE,0.0
EC00A26CA,NIG-300,300-200,D200,IS,US,USD,FIELD,Field Service Technician,TERMINATED,FULL_TIME,1.0,2024-10-25,2025-07-31,81539.01,0.2567,FALSE,0.0
EF446426F,NIG-300,300-400,D400,IS,US,USD,FIN,Finance,ACTIVE,FULL_TIME,1.0,2024-10-06,,116608.78,0.269,TRUE,0.2228
E7B149E50,NIG-300,300-405,D405,IS,US,USD,EXEC,Executive & Leadership,TERMINATED,FULL_TIME,1.0,2024-10-11,2026-03-31,194883.15,0.1724,TRUE,0.1027
E0D843D84,NIG-300,300-415,D415,IS,US,USD,EXEC,Executive & Leadership,ACTIVE,FULL_TIME,1.0,2024-11-28,,191954.75,0.259,TRUE,0.0732
E9990DE79,NIG-300,300-200,D200,IS,US,USD,FIELD,Field Service Technician,ACTIVE,FULL_TIME,1.0,2024-11-08,,80319.26,0.2316,FALSE,0.0
ED986E9C7,NIG-300,300-400,D400,IS,US,USD,ADMIN,Administration,ACTIVE,PART_TIME,0.5,2024-12-02,,37868.0,0.1933,FALSE,0.0
E1CB6799D,NIG-300,300-200,D200,IS,US,USD,FIELD,Field Service Technician,ACTIVE,FULL_TIME,1.0,2024-12-27,,89082.18,0.1644,FALSE,0.0
E61867C1E,NIG-300,300-215,D215,IS,US,USD,SUPPLY,Supply Chain & Warehouse,TERMINATED,FULL_TIME,1.0,2025-01-30,2025-08-31,68775.07,0.2027,FALSE,0.0
E22AEAFFB,NIG-300,300-400,D400,IS,US,USD,SALES,Sales & Commercial,ACTIVE,FULL_TIME,1.0,2025-02-09,,94233.3,0.245,TRUE,0.2576
E96535529,NIG-300,300-400,D400,IS,US,USD,EXEC,Executive & Leadership,ACTIVE,FULL_TIME,1.0,2025-02-17,,184288.37,0.2617,TRUE,0.0514
EBE145677,NIG-300,300-505,D505,IS,US,USD,ADMIN,Administration,ACTIVE,FULL_TIME,1.0,2025-03-21,,65344.04,0.1754,FALSE,0.0
E3E0B15A1,NIG-300,300-405,D405,IS,US,USD,HR,Human Resources,ACTIVE,FULL_TIME,1.0,2025-04-11,,87649.01,0.2483,FALSE,0.0
E5BEA19BA,NIG-300,300-405,D405,IS,US,USD,EXEC,Executive & Leadership,ACTIVE,FULL_TIME,1.0,2025-05-04,,220556.8,0.1882,TRUE,0.2558
E3E9E1F34,NIG-300,300-910,D910,IS,US,USD,HR,Human Resources,TERMINATED,FULL_TIME,1.0,2025-06-03,2025-08-31,83499.46,0.2217,FALSE,0.0
E0E6144C5,NIG-300,300-200,D200,IS,US,USD,FIELD,Field Service Technician,ACTIVE,FULL_TIME,1.0,2025-07-26,,91467.67,0.2249,FALSE,0.0
E1392FFAF,NIG-300,300-505,D505,IS,US,USD,HR,Human Resources,ACTIVE,FULL_TIME,1.0,2025-07-24,,86829.8,0.2115,FALSE,0.0
E2ECFCBA1,NIG-300,300-205,D205,IS,US,USD,FIELD,Field Service Technician,ACTIVE,FULL_TIME,1.0,2025-08-23,,87044.25,0.1857,FALSE,0.0
E849D51F3,NIG-300,300-910,D910,IS,US,USD,ADMIN,Administration,ACTIVE,FULL_TIME,1.0,2025-09-30,,73551.2,0.1769,FALSE,0.0
E082F5A70,NIG-300,300-510,D510,IS,US,USD,SALES,Sales & Commercial,TERMINATED,FULL_TIME,1.0,2025-10-22,2026-01-31,129175.47,0.17,TRUE,0.329
E0CBD88A9,NIG-300,300-215,D215,IS,US,USD,QUAL,Quality & HSE,ACTIVE,FULL_TIME,1.0,2025-11-15,,76036.92,0.2369,FALSE,0.0
EEE93398D,NIG-300,300-510,D510,IS,US,USD,IT,Information Technology,ACTIVE,FULL_TIME,1.0,2025-11-23,,109461.88,0.1774,TRUE,0.2897
EEBD4A228,NIG-300,300-200,D200,IS,US,USD,FIELD,Field Service Technician,TERMINATED,PART_TIME,0.8,2025-12-17,2026-03-31,78278.08,0.2593,FALSE,0.0
E04E9A609,NIG-300,300-910,D910,IS,US,USD,EXEC,Executive & Leadership,ACTIVE,FULL_TIME,1.0,2024-06-16,,184645.18,0.1991,TRUE,0.201
E856B1FF5,NIG-300,300-500,D500,IS,US,USD,SALES,Sales & Commercial,ACTIVE,FULL_TIME,1.0,2025-10-05,,90793.19,0.173,TRUE,0.2384
EE3E99E7B,NIG-300,300-505,D505,IS,US,USD,ADMIN,Administration,ACTIVE,FULL_TIME,1.0,2024-05-17,,46469.08,0.1883,FALSE,0.0
E8118E481,NIG-300,300-415,D415,IS,US,USD,HR,Human Resources,ACTIVE,FULL_TIME,1.0,2023-02-06,,69443.38,0.1956,FALSE,0.0
E9046CD6C,NIG-300,300-405,D405,IS,US,USD,HR,Human Resources,ACTIVE,FULL_TIME,1.0,2025-01-19,,91581.38,0.1856,FALSE,0.0
E00721653,NIG-300,300-415,D415,IS,US,USD,EXEC,Executive & Leadership,ACTIVE,FULL_TIME,1.0,2025-11-16,,161982.86,0.2393,TRUE,0.1692
EA444CCFE,NIG-300,300-205,D205,IS,US,USD,FIELD,Field Service Technician,ACTIVE,PART_TIME,0.8,2023-04-04,,72173.77,0.2484,FALSE,0.0
E1CAFDC15,NIG-300,300-400,D400,IS,US,USD,FIN,Finance,ACTIVE,FULL_TIME,1.0,2024-07-17,,126277.76,0.2393,TRUE,0.2711
E0F7D6DE6,NIG-300,300-415,D415,IS,US,USD,FIN,Finance,ACTIVE,FULL_TIME,1.0,2024-10-07,,115268.29,0.2222,TRUE,0.3478
EFC562320,NIG-300,300-400,D400,IS,US,USD,SALES,Sales & Commercial,ACTIVE,FULL_TIME,1.0,2025-03-18,,86208.42,0.2201,TRUE,0.2607
E03B77EA1,NIG-300,300-415,D415,IS,US,USD,FIN,Finance,ACTIVE,FULL_TIME,1.0,2025-06-08,,134662.17,0.1976,TRUE,0.1928
E6F0F7A0D,NIG-300,300-405,D405,IS,US,USD,SALES,Sales & Commercial,ACTIVE,FULL_TIME,1.0,2025-01-02,,91509.83,0.2235,TRUE,0.2015
E99B508CB,NIG-300,300-215,D215,IS,US,USD,SUPPLY,Supply Chain & Warehouse,ACTIVE,FULL_TIME,1.0,2024-01-18,,63570.63,0.2415,FALSE,0.0
EC3312ED3,NIG-300,300-500,D500,IS,US,USD,HR,Human Resources,ACTIVE,FULL_TIME,1.0,2024-09-15,,89303.72,0.2469,FALSE,0.0
E8C179218,NIG-300,300-505,D505,IS,US,USD,SALES,Sales & Commercial,ACTIVE,FULL_TIME,1.0,2025-10-07,,79327.39,0.1843,TRUE,0.2657
E396EFF12,NIG-300,300-500,D500,IS,US,USD,HR,Human Resources,ACTIVE,FULL_TIME,1.0,2026-02-12,,75641.52,0.1704,FALSE,0.0
EEBEC274F,NIG-300,300-510,D510,IS,US,USD,SALES,Sales & Commercial,ACTIVE,FULL_TIME,1.0,2023-05-16,,85736.09,0.2444,TRUE,0.2914
E8AD8CCD3,NIG-300,300-205,D205,IS,US,USD,FIELD,Field Service Technician,ACTIVE,FULL_TIME,1.0,2026-03-20,,73880.75,0.1652,FALSE,0.0
EBBCE851E,NIG-300,300-400,D400,IS,US,USD,ADMIN,Administration,ACTIVE,FULL_TIME,1.0,2023-06-06,,54047.24,0.2116,FALSE,0.0
ED789C75E,NIG-300,300-200,D200,IS,US,USD,FIELD,Field Service Technician,ACTIVE,FULL_TIME,1.0,2025-09-07,,85026.92,0.2388,FALSE,0.0
ED4CA92EE,NIG-300,300-910,D910,IS,US,USD,IT,Information Technology,ACTIVE,FULL_TIME,1.0,2025-06-04,,129906.1,0.2241,TRUE,0.2887
E5F0D8FA3,NIG-300,300-205,D205,IS,US,USD,FIELD,Field Service Technician,ACTIVE,FULL_TIME,1.0,2026-05-06,,63530.83,0.27,FALSE,0.0
E7A13BE07,NIG-300,300-205,D205,IS,US,USD,FIELD,Field Service Technician,ACTIVE,FULL_TIME,1.0,2023-02-18,,46518.94,0.2631,FALSE,0.0
EBD99C08C,NIG-300,300-505,D505,IS,US,USD,FIN,Finance,ACTIVE,FULL_TIME,1.0,2025-07-12,,126712.95,0.1971,TRUE,0.1339
E6F8A0C17,NIG-300,300-400,D400,IS,US,USD,SALES,Sales & Commercial,ACTIVE,FULL_TIME,1.0,2026-02-02,,81558.81,0.2066,TRUE,0.1835
E134A2332,NIG-300,300-510,D510,IS,US,USD,FIN,Finance,ACTIVE,FULL_TIME,1.0,2026-04-14,,94341.3,0.1609,TRUE,0.2757
E2CBC8F0D,NIG-300,300-910,D910,IS,US,USD,FIN,Finance,ACTIVE,FULL_TIME,1.0,2024-06-19,,100993.06,0.2593,TRUE,0.2798
E8AB37589,NIG-300,300-200,D200,IS,US,USD,FIELD,Field Service Technician,ACTIVE,FULL_TIME,1.0,2025-04-09,,80684.59,0.2129,FALSE,0.0
EE768FD5E,NIG-300,300-415,D415,IS,US,USD,SALES,Sales & Commercial,ACTIVE,FULL_TIME,1.0,2025-03-14,,113686.08,0.238,TRUE,0.142
E619F6DDB,NIG-300,300-215,D215,IS,US,USD,QUAL,Quality & HSE,ACTIVE,FULL_TIME,1.0,2023-08-07,,53939.37,0.2442,FALSE,0.0
EC5051AB6,NIG-300,300-400,D400,IS,US,USD,SALES,Sales & Commercial,ACTIVE,FULL_TIME,1.0,2026-01-20,,91961.2,0.1989,TRUE,0.176
E9609ABF1,NIG-300,300-215,D215,IS,US,USD,SUPPLY,Supply Chain & Warehouse,ACTIVE,FULL_TIME,1.0,2024-02-11,,70633.2,0.1687,FALSE,0.0
EC50E30BB,NIG-300,300-415,D415,IS,US,USD,SALES,Sales & Commercial,ACTIVE,FULL_TIME,1.0,2025-07-11,,107337.36,0.2211,TRUE,0.1443
EAEC4443F,NIG-300,300-500,D500,IS,US,USD,SALES,Sales & Commercial,ACTIVE,FULL_TIME,1.0,2026-07-15,,148816.33,0.2339,TRUE,0.1537
EC0C6646E,NIG-300,300-505,D505,IS,US,USD,IT,Information Technology,ACTIVE,FULL_TIME,1.0,2025-12-16,,94398.72,0.1749,TRUE,0.1898
EC92E23DD,NIG-300,300-200,D200,IS,US,USD,FIELD,Field Service Technician,ACTIVE,FULL_TIME,1.0,2024-04-18,,91370.22,0.2072,FALSE,0.0
E60DF933C,NIG-300,300-215,D215,IS,US,USD,SUPPLY,Supply Chain & Warehouse,ACTIVE,FULL_TIME,1.0,2025-11-12,,60223.22,0.1618,FALSE,0.0
E294608B5,NIG-300,300-405,D405,IS,US,USD,IT,Information Technology,ACTIVE,FULL_TIME,1.0,2025-08-13,,141443.95,0.176,TRUE,0.3001
E22430991,NIG-300,300-500,D500,IS,US,USD,FIN,Finance,ACTIVE,PART_TIME,0.8,2023-04-19,,117142.0,0.1657,TRUE,0.1646
E24226CCA,NIG-300,300-505,D505,IS,US,USD,HR,Human Resources,ACTIVE,FULL_TIME,1.0,2025-07-15,,75518.23,0.2367,FALSE,0.0
EFE330348,NIG-300,300-205,D205,IS,US,USD,FIELD,Field Service Technician,ACTIVE,FULL_TIME,1.0,2025-01-05,,80409.87,0.2683,FALSE,0.0
E10F53B99,NIG-300,300-400,D400,IS,US,USD,HR,Human Resources,ACTIVE,FULL_TIME,1.0,2025-05-02,,67226.72,0.2624,FALSE,0.0
E16B50991,NIG-300,300-405,D405,IS,US,USD,FIN,Finance,ACTIVE,FULL_TIME,1.0,2025-07-04,,108859.51,0.2306,TRUE,0.295
E1D25FF31,NIG-300,300-405,D405,IS,US,USD,HR,Human Resources,ACTIVE,FULL_TIME,1.0,2023-08-12,,69068.18,0.2211,FALSE,0.0
E753354E1,NIG-300,300-405,D405,IS,US,USD,EXEC,Executive & Leadership,ACTIVE,FULL_TIME,1.0,2025-10-14,,171073.42,0.2161,TRUE,0.1562
E45DFA7DB,NIG-300,300-415,D415,IS,US,USD,SALES,Sales & Commercial,ACTIVE,FULL_TIME,1.0,2026-05-08,,111126.08,0.2071,TRUE,0.1909
E839D99B7,NIG-300,300-500,D500,IS,US,USD,HR,Human Resources,ACTIVE,FULL_TIME,1.0,2025-03-02,,88788.78,0.1911,FALSE,0.0
E5CE88931,NIG-300,300-400,D400,IS,US,USD,IT,Information Technology,ACTIVE,FULL_TIME,1.0,2024-03-16,,82994.07,0.1929,TRUE,0.343
EB9169960,NIG-300,300-405,D405,IS,US,USD,ADMIN,Administration,ACTIVE,FULL_TIME,1.0,2023-08-18,,66770.52,0.1789,FALSE,0.0
ED4459CAC,NIG-300,300-910,D910,IS,US,USD,FIN,Finance,ACTIVE,FULL_TIME,1.0,2025-04-15,,120123.29,0.213,TRUE,0.1407
E53AB958E,NIG-300,300-400,D400,IS,US,USD,FIN,Finance,ACTIVE,FULL_TIME,1.0,2024-08-11,,123531.51,0.2601,TRUE,0.1511
E4F013BC5,NIG-300,300-415,D415,IS,US,USD,ADMIN,Administration,ACTIVE,FULL_TIME,1.0,2023-12-18,,41901.31,0.2541,FALSE,0.0
EC2E23FDA,NIG-300,300-205,D205,IS,US,USD,FIELD,Field Service Technician,ACTIVE,FULL_TIME,1.0,2023-07-02,,47622.11,0.2686,FALSE,0.0
EDD853AB0,NIG-300,300-405,D405,IS,US,USD,FIN,Finance,ACTIVE,FULL_TIME,1.0,2026-04-13,,101228.56,0.2658,TRUE,0.0959
EC5E8F7B9,NIG-300,300-505,D505,IS,US,USD,FIN,Finance,ACTIVE,FULL_TIME,1.0,2023-08-16,,104019.21,0.2399,TRUE,0.0786
E778DA9B5,NIG-300,300-400,D400,IS,US,USD,ADMIN,Administration,ACTIVE,FULL_TIME,1.0,2024-06-19,,62117.79,0.1629,FALSE,0.0
ED7711D11,NIG-300,300-400,D400,IS,US,USD,FIN,Finance,ACTIVE,FULL_TIME,1.0,2023-10-17,,91477.11,0.1723,TRUE,0.0591
EC15829B2,NIG-300,300-415,D415,IS,US,USD,ADMIN,Administration,ACTIVE,FULL_TIME,1.0,2024-08-14,,55224.47,0.2523,FALSE,0.0
E42251F48,NIG-300,300-505,D505,IS,US,USD,EXEC,Executive & Leadership,ACTIVE,FULL_TIME,1.0,2023-09-05,,203107.03,0.2042,TRUE,0.2893
EE403A7F8,NIG-300,300-215,D215,IS,US,USD,SUPPLY,Supply Chain & Warehouse,ACTIVE,FULL_TIME,1.0,2024-04-20,,69256.11,0.2033,FALSE,0.0
E4BEF24FB,NIG-300,300-500,D500,IS,US,USD,HR,Human Resources,ACTIVE,PART_TIME,0.5,2026-03-12,,103432.84,0.2368,FALSE,0.0
E325A1519,NIG-300,300-910,D910,IS,US,USD,IT,Information Technology,ACTIVE,FULL_TIME,1.0,2023-10-11,,112989.21,0.2277,TRUE,0.3067
E6D76B8B5,NIG-300,300-200,D200,IS,US,USD,FIELD,Field Service Technician,ACTIVE,FULL_TIME,1.0,2023-03-14,,61125.37,0.1775,FALSE,0.0
EF53C5EAE,NIG-300,300-510,D510,IS,US,USD,SALES,Sales & Commercial,ACTIVE,FULL_TIME,1.0,2023-09-08,,62070.24,0.1804,TRUE,0.1505
E64926CD8,NIG-300,300-510,D510,IS,US,USD,EXEC,Executive & Leadership,ACTIVE,PART_TIME,0.5,2024-04-02,,162919.75,0.1981,TRUE,0.116
EFE01EBA1,NIG-300,300-400,D400,IS,US,USD,ADMIN,Administration,ACTIVE,FULL_TIME,1.0,2025-02-01,,69927.39,0.1779,FALSE,0.0
EDFCF8325,NIG-300,300-910,D910,IS,US,USD,FIN,Finance,ACTIVE,FULL_TIME,1.0,2026-04-08,,105596.34,0.2227,TRUE,0.1621
EEFF4D56B,NIG-300,300-510,D510,IS,US,USD,FIN,Finance,ACTIVE,FULL_TIME,1.0,2025-07-11,,99693.48,0.1701,TRUE,0.207
EFF6D6E15,NIG-300,300-205,D205,IS,US,USD,FIELD,Field Service Technician,ACTIVE,FULL_TIME,1.0,2024-12-13,,93397.86,0.2016,FALSE,0.0
ED5B6F3B0,NIG-300,300-415,D415,IS,US,USD,IT,Information Technology,ACTIVE,FULL_TIME,1.0,2024-05-15,,71287.03,0.1947,TRUE,0.1493
E709E3CF2,NIG-300,300-215,D215,IS,US,USD,QUAL,Quality & HSE,ACTIVE,FULL_TIME,1.0,2023-09-19,,78232.33,0.2446,FALSE,0.0
EAAFDA046,NIG-300,300-200,D200,IS,US,USD,FIELD,Field Service Technician,ACTIVE,FULL_TIME,1.0,2023-09-16,,77062.48,0.242,FALSE,0.0
EE541AAC1,NIG-300,300-200,D200,IS,US,USD,FIELD,Field Service Technician,ACTIVE,FULL_TIME,1.0,2025-01-14,,62496.77,0.1663,FALSE,0.0
E08327D2E,NIG-300,300-405,D405,IS,US,USD,SALES,Sales & Commercial,ACTIVE,FULL_TIME,1.0,2026-07-14,,94970.81,0.2211,TRUE,0.1049
E5FDF6B5A,NIG-300,300-400,D400,IS,US,USD,FIN,Finance,ACTIVE,FULL_TIME,1.0,2023-12-08,,128078.95,0.1958,TRUE,0.2137
ECBBC1FB2,NIG-300,300-505,D505,IS,US,USD,SALES,Sales & Commercial,ACTIVE,FULL_TIME,1.0,2024-06-06,,101784.94,0.1795,TRUE,0.1188
EE44249A4,NIG-300,300-400,D400,IS,US,USD,ADMIN,Administration,ACTIVE,FULL_TIME,1.0,2024-02-08,,77162.23,0.2507,FALSE,0.0
ED7FC6591,NIG-300,300-215,D215,IS,US,USD,QUAL,Quality & HSE,ACTIVE,FULL_TIME,1.0,2024-09-17,,73649.29,0.2678,FALSE,0.0
E205082A0,NIG-300,300-510,D510,IS,US,USD,ADMIN,Administration,ACTIVE,FULL_TIME,1.0,2026-06-13,,53375.63,0.1899,FALSE,0.0
EF499ED96,NIG-300,300-200,D200,IS,US,USD,FIELD,Field Service Technician,ACTIVE,FULL_TIME,1.0,2024-10-14,,74139.91,0.2402,FALSE,0.0
ED132DD17,NIG-300,300-505,D505,IS,US,USD,HR,Human Resources,ACTIVE,FULL_TIME,1.0,2023-04-15,,82471.08,0.1811,FALSE,0.0
E19CAEE85,NIG-300,300-910,D910,IS,US,USD,ADMIN,Administration,ACTIVE,FULL_TIME,1.0,2026-03-07,,73477.65,0.1612,FALSE,0.0
EC8F6592F,NIG-300,300-505,D505,IS,US,USD,SALES,Sales & Commercial,ACTIVE,FULL_TIME,1.0,2026-07-11,,103177.78,0.1683,TRUE,0.1558
E506EC6AA,NIG-300,300-415,D415,IS,US,USD,FIN,Finance,ACTIVE,FULL_TIME,1.0,2024-04-08,,86776.65,0.2487,TRUE,0.3312
E5A7C9A8B,NIG-300,300-510,D510,IS,US,USD,ADMIN,Administration,ACTIVE,FULL_TIME,1.0,2024-01-14,,68559.49,0.2476,FALSE,0.0
E62D2C53D,NIG-300,300-505,D505,IS,US,USD,ADMIN,Administration,ACTIVE,FULL_TIME,1.0,2024-01-16,,56323.86,0.1893,FALSE,0.0
E13029643,NIG-300,300-200,D200,IS,US,USD,FIELD,Field Service Technician,ACTIVE,FULL_TIME,1.0,2024-09-16,,87190.98,0.1851,FALSE,0.0
E77D51B68,NIG-300,300-405,D405,IS,US,USD,EXEC,Executive & Leadership,ACTIVE,FULL_TIME,1.0,2024-04-12,,217499.39,0.2198,TRUE,0.217
E98718FE0,NIG-300,300-205,D205,IS,US,USD,FIELD,Field Service Technician,ACTIVE,FULL_TIME,1.0,2023-05-05,,69322.85,0.2478,FALSE,0.0
E35191441,NIG-300,300-415,D415,IS,US,USD,FIN,Finance,ACTIVE,FULL_TIME,1.0,2024-05-18,,95739.62,0.2589,TRUE,0.3139
E4F99FD09,NIG-300,300-910,D910,IS,US,USD,SALES,Sales & Commercial,ACTIVE,FULL_TIME,1.0,2023-04-07,,102254.52,0.2437,TRUE,0.2206
EA8466065,NIG-300,300-405,D405,IS,US,USD,ADMIN,Administration,ACTIVE,FULL_TIME,1.0,2024-07-10,,45781.76,0.2073,FALSE,0.0
EFDA78FF8,NIG-300,300-415,D415,IS,US,USD,FIN,Finance,ACTIVE,PART_TIME,0.6,2024-11-14,,93855.91,0.2087,TRUE,0.1225
E6D63A53C,NIG-300,300-415,D415,IS,US,USD,ADMIN,Administration,ACTIVE,FULL_TIME,1.0,2024-09-07,,64635.81,0.1912,FALSE,0.0
EB28AC65D,NIG-300,300-500,D500,IS,US,USD,SALES,Sales & Commercial,ACTIVE,FULL_TIME,1.0,2025-12-10,,111262.91,0.1912,TRUE,0.1421
E32193E57,NIG-300,300-200,D200,IS,US,USD,FIELD,Field Service Technician,ACTIVE,FULL_TIME,1.0,2024-12-03,,70823.95,0.1908,FALSE,0.0
EAAE4E5F6,NIG-300,300-415,D415,IS,US,USD,FIN,Finance,ACTIVE,FULL_TIME,1.0,2026-07-11,,131317.14,0.2059,TRUE,0.3374
ED59D01DA,NIG-300,300-200,D200,IS,US,USD,FIELD,Field Service Technician,ACTIVE,FULL_TIME,1.0,2026-04-06,,65580.91,0.2285,FALSE,0.0
EA15741D6,NIG-300,300-500,D500,IS,US,USD,FIN,Finance,ACTIVE,FULL_TIME,1.0,2025-08-06,,102546.15,0.2107,TRUE,0.2619
ECB5D18FC,NIG-300,300-500,D500,IS,US,USD,HR,Human Resources,ACTIVE,FULL_TIME,1.0,2026-06-01,,104403.06,0.2192,FALSE,0.0
E40B8A208,NIG-300,300-500,D500,IS,US,USD,EXEC,Executive & Leadership,ACTIVE,FULL_TIME,1.0,2024-02-14,,212753.24,0.2406,TRUE,0.1168
EB7CB0AC6,NIG-300,300-510,D510,IS,US,USD,SALES,Sales & Commercial,ACTIVE,FULL_TIME,1.0,2025-01-08,,74566.76,0.2581,TRUE,0.2852
E63203130,NIG-300,300-505,D505,IS,US,USD,FIN,Finance,ACTIVE,FULL_TIME,1.0,2025-06-08,,90072.03,0.2057,TRUE,0.1759
ED07C7CEB,NIG-300,300-215,D215,IS,US,USD,SUPPLY,Supply Chain & Warehouse,ACTIVE,FULL_TIME,1.0,2024-04-03,,62636.52,0.233,FALSE,0.0
E9D7FE64B,NIG-300,300-910,D910,IS,US,USD,HR,Human Resources,ACTIVE,FULL_TIME,1.0,2025-10-08,,88229.54,0.1929,FALSE,0.0
EA06C2C91,NIG-300,300-415,D415,IS,US,USD,FIN,Finance,ACTIVE,FULL_TIME,1.0,2023-05-14,,112759.31,0.2064,TRUE,0.1555
EB2423D30,NIG-300,300-205,D205,IS,US,USD,FIELD,Field Service Technician,ACTIVE,FULL_TIME,1.0,2025-08-16,,42900.0,0.1835,FALSE,0.0
E442DEA80,NIG-300,300-510,D510,IS,US,USD,HR,Human Resources,ACTIVE,FULL_TIME,1.0,2026-06-19,,79709.16,0.174,FALSE,0.0
EF616700A,NIG-300,300-415,D415,IS,US,USD,FIN,Finance,ACTIVE,FULL_TIME,1.0,2025-10-11,,80769.6,0.2199,TRUE,0.1972
E8291A824,NIG-300,300-910,D910,IS,US,USD,SALES,Sales & Commercial,ACTIVE,FULL_TIME,1.0,2025-01-06,,103972.97,0.2401,TRUE,0.1429
E167920A3,NIG-300,300-500,D500,IS,US,USD,ADMIN,Administration,ACTIVE,FULL_TIME,1.0,2025-06-03,,50513.74,0.1882,FALSE,0.0
E74F12E0C,NIG-300,300-510,D510,IS,US,USD,SALES,Sales & Commercial,ACTIVE,FULL_TIME,1.0,2026-01-10,,80412.38,0.2324,TRUE,0.3233
EB55346C4,NIG-300,300-405,D405,IS,US,USD,IT,Information Technology,ACTIVE,FULL_TIME,1.0,2023-08-12,,87931.16,0.1833,TRUE,0.0785
E192BAA74,NIG-300,300-400,D400,IS,US,USD,EXEC,Executive & Leadership,ACTIVE,FULL_TIME,1.0,2026-06-03,,180002.73,0.2626,TRUE,0.1232
E9914EC46,NIG-300,300-405,D405,IS,US,USD,SALES,Sales & Commercial,ACTIVE,FULL_TIME,1.0,2026-04-18,,86443.62,0.1997,TRUE,0.2701
E6DE4866F,NIG-300,300-205,D205,IS,US,USD,FIELD,Field Service Technician,ACTIVE,FULL_TIME,1.0,2025-10-19,,78653.84,0.2097,FALSE,0.0
E1F0D2FDA,NIG-300,300-200,D200,IS,US,USD,FIELD,Field Service Technician,ACTIVE,FULL_TIME,1.0,2024-08-18,,62493.01,0.1658,FALSE,0.0
E1A129FA2,NIG-300,300-910,D910,IS,US,USD,SALES,Sales & Commercial,ACTIVE,FULL_TIME,1.0,2026-03-18,,93345.95,0.2105,TRUE,0.0959
E7B0433DD,NIG-300,300-215,D215,IS,US,USD,QUAL,Quality & HSE,ACTIVE,FULL_TIME,1.0,2023-12-01,,70358.69,0.2244,FALSE,0.0
E815A7A3E,NIG-300,300-510,D510,IS,US,USD,SALES,Sales & Commercial,ACTIVE,FULL_TIME,1.0,2025-06-15,,88150.95,0.2279,TRUE,0.3068
EA763AC7B,NIG-300,300-215,D215,IS,US,USD,QUAL,Quality & HSE,ACTIVE,FULL_TIME,1.0,2025-12-19,,62260.08,0.1821,FALSE,0.0
EA9FC567E,NIG-300,300-500,D500,IS,US,USD,ADMIN,Administration,ACTIVE,PART_TIME,0.5,2024-06-05,,42478.02,0.185,FALSE,0.0
ECCE5E2A2,NIG-300,300-910,D910,IS,US,USD,EXEC,Executive & Leadership,ACTIVE,FULL_TIME,1.0,2025-01-04,,166505.25,0.25,TRUE,0.2695
EA1B4B98F,NIG-300,300-200,D200,IS,US,USD,FIELD,Field Service Technician,ACTIVE,FULL_TIME,1.0,2025-09-20,,93502.01,0.2509,FALSE,0.0
E0E63BCB9,NIG-310,310-405,D405,IS,CA,CAD,FIN,Finance,TERMINATED,PART_TIME,0.6,2018-12-27,2025-06-30,87131.15,0.1922,TRUE,0.1701
EA7854F62,NIG-310,310-200,D200,IS,CA,CAD,FIELD,Field Service Technician,ACTIVE,FULL_TIME,1.0,2014-07-22,,74261.01,0.1935,FALSE,0.0
E04103756,NIG-310,310-200,D200,IS,CA,CAD,FIELD,Field Service Technician,ACTIVE,FULL_TIME,1.0,2019-03-18,,81167.51,0.2533,FALSE,0.0
E68DCB7DD,NIG-310,310-415,D415,IS,CA,CAD,EXEC,Executive & Leadership,TERMINATED,FULL_TIME,1.0,2014-05-21,2026-05-31,190757.83,0.1939,TRUE,0.3354
EA4BCA21A,NIG-310,310-500,D500,IS,CA,CAD,ADMIN,Administration,TERMINATED,FULL_TIME,1.0,2016-04-28,2024-07-31,45085.29,0.2686,FALSE,0.0
E9CFA3775,NIG-310,310-910,D910,IS,CA,CAD,SALES,Sales & Commercial,ACTIVE,FULL_TIME,1.0,2016-04-02,,75616.51,0.2578,TRUE,0.3036
E357E9241,NIG-310,310-415,D415,IS,CA,CAD,ADMIN,Administration,ACTIVE,FULL_TIME,1.0,2015-09-02,,60205.29,0.2171,FALSE,0.0
ED2DB85CB,NIG-310,310-500,D500,IS,CA,CAD,FIN,Finance,TERMINATED,FULL_TIME,1.0,2018-05-08,2023-06-30,51837.13,0.1616,TRUE,0.2124
EBBB58B78,NIG-310,310-510,D510,IS,CA,CAD,ADMIN,Administration,ACTIVE,FULL_TIME,1.0,2013-03-11,,53954.82,0.205,FALSE,0.0
E3CE7A0C4,NIG-310,310-200,D200,IS,CA,CAD,FIELD,Field Service Technician,ACTIVE,FULL_TIME,1.0,2018-10-17,,71957.3,0.1958,FALSE,0.0
E18D8204A,NIG-310,310-500,D500,IS,CA,CAD,ADMIN,Administration,ACTIVE,FULL_TIME,1.0,2016-08-30,,51937.77,0.2674,FALSE,0.0
E173AB7C8,NIG-310,310-505,D505,IS,CA,CAD,IT,Information Technology,ACTIVE,FULL_TIME,1.0,2018-10-08,,67264.87,0.1786,TRUE,0.2521
EE6FC733F,NIG-310,310-215,D215,IS,CA,CAD,QUAL,Quality & HSE,ACTIVE,FULL_TIME,1.0,2017-03-20,,48252.71,0.1797,FALSE,0.0
EBFC3C912,NIG-310,310-400,D400,IS,CA,CAD,ADMIN,Administration,ACTIVE,FULL_TIME,1.0,2015-12-18,,71560.75,0.2189,FALSE,0.0
E3656E76E,NIG-310,310-500,D500,IS,CA,CAD,IT,Information Technology,ACTIVE,FULL_TIME,1.0,2013-02-23,,102601.2,0.1834,TRUE,0.1199
E78AA4B82,NIG-310,310-215,D215,IS,CA,CAD,QUAL,Quality & HSE,ACTIVE,FULL_TIME,1.0,2018-08-09,,60211.73,0.1727,FALSE,0.0
E72431012,NIG-310,310-215,D215,IS,CA,CAD,SUPPLY,Supply Chain & Warehouse,TERMINATED,FULL_TIME,1.0,2018-02-03,2023-02-28,62677.04,0.1616,FALSE,0.0
E59B931C9,NIG-310,310-505,D505,IS,CA,CAD,IT,Information Technology,ACTIVE,FULL_TIME,1.0,2017-08-17,,89288.31,0.2526,TRUE,0.2284
E5BE6FF16,NIG-310,310-415,D415,IS,CA,CAD,SALES,Sales & Commercial,TERMINATED,FULL_TIME,1.0,2015-09-25,2025-03-31,87457.45,0.2337,TRUE,0.0652
E4FA704EE,NIG-310,310-505,D505,IS,CA,CAD,HR,Human Resources,ACTIVE,PART_TIME,0.8,2017-09-27,,58266.67,0.2688,FALSE,0.0
E372D5CD7,NIG-310,310-205,D205,IS,CA,CAD,FIELD,Field Service Technician,ACTIVE,FULL_TIME,1.0,2015-03-12,,70871.7,0.2272,FALSE,0.0
E08B2D358,NIG-310,310-500,D500,IS,CA,CAD,IT,Information Technology,ACTIVE,FULL_TIME,1.0,2018-01-20,,95350.02,0.2615,TRUE,0.1775
E729F09D5,NIG-310,310-215,D215,IS,CA,CAD,SUPPLY,Supply Chain & Warehouse,ACTIVE,FULL_TIME,1.0,2016-02-27,,50668.57,0.2267,FALSE,0.0
E85C49DE8,NIG-310,310-405,D405,IS,CA,CAD,SALES,Sales & Commercial,TERMINATED,FULL_TIME,1.0,2019-05-13,2024-04-30,91492.18,0.1969,TRUE,0.2997
EEC87CCD7,NIG-310,310-400,D400,IS,CA,CAD,ADMIN,Administration,TERMINATED,FULL_TIME,1.0,2013-09-15,2023-12-31,51969.79,0.2637,FALSE,0.0
E695A767D,NIG-310,310-405,D405,IS,CA,CAD,HR,Human Resources,ACTIVE,FULL_TIME,1.0,2017-10-03,,94222.99,0.1855,FALSE,0.0
ECFCF3A7A,NIG-310,310-910,D910,IS,CA,CAD,HR,Human Resources,ACTIVE,FULL_TIME,1.0,2020-06-07,,81336.57,0.1765,FALSE,0.0
EF48E4F6C,NIG-310,310-405,D405,IS,CA,CAD,ADMIN,Administration,ACTIVE,FULL_TIME,1.0,2018-11-26,,62386.91,0.2498,FALSE,0.0
E5F8699B4,NIG-310,310-405,D405,IS,CA,CAD,SALES,Sales & Commercial,ACTIVE,FULL_TIME,1.0,2013-02-19,,113235.68,0.2022,TRUE,0.1139
E2FC5898A,NIG-310,310-910,D910,IS,CA,CAD,ADMIN,Administration,ACTIVE,PART_TIME,0.5,2014-02-22,,64344.84,0.2385,FALSE,0.0
EED162A23,NIG-310,310-200,D200,IS,CA,CAD,FIELD,Field Service Technician,TERMINATED,FULL_TIME,1.0,2016-03-05,2025-10-31,70984.77,0.1681,FALSE,0.0
E68FF8370,NIG-310,310-405,D405,IS,CA,CAD,SALES,Sales & Commercial,ACTIVE,FULL_TIME,1.0,2013-06-03,,104834.47,0.1957,TRUE,0.1566
E7407C0BB,NIG-310,310-505,D505,IS,CA,CAD,ADMIN,Administration,ACTIVE,FULL_TIME,1.0,2017-04-09,,38994.63,0.1688,FALSE,0.0
E6767D335,NIG-310,310-400,D400,IS,CA,CAD,ADMIN,Administration,TERMINATED,FULL_TIME,1.0,2013-05-24,2025-09-30,57970.61,0.2406,FALSE,0.0
E0088FE6C,NIG-310,310-510,D510,IS,CA,CAD,EXEC,Executive & Leadership,ACTIVE,FULL_TIME,1.0,2017-06-21,,145228.98,0.1798,TRUE,0.2321
E58FE2C06,NIG-310,310-510,D510,IS,CA,CAD,IT,Information Technology,ACTIVE,FULL_TIME,1.0,2013-02-09,,87279.18,0.1779,TRUE,0.1228
E89EE322C,NIG-310,310-400,D400,IS,CA,CAD,IT,Information Technology,TERMINATED,FULL_TIME,1.0,2014-02-16,2026-03-31,81252.7,0.1831,TRUE,0.2616
E2674B9EE,NIG-310,310-415,D415,IS,CA,CAD,IT,Information Technology,ACTIVE,FULL_TIME,1.0,2014-09-22,,108296.29,0.2134,TRUE,0.3067
E0D65E77B,NIG-310,310-910,D910,IS,CA,CAD,EXEC,Executive & Leadership,ACTIVE,FULL_TIME,1.0,2019-01-24,,193428.97,0.2512,TRUE,0.1467
E77DB10F7,NIG-310,310-400,D400,IS,CA,CAD,HR,Human Resources,ACTIVE,FULL_TIME,1.0,2020-02-14,,59167.69,0.212,FALSE,0.0
E3CB1DC75,NIG-310,310-505,D505,IS,CA,CAD,SALES,Sales & Commercial,ACTIVE,FULL_TIME,1.0,2019-06-01,,79283.05,0.2103,TRUE,0.2407
EA3F08FE5,NIG-310,310-510,D510,IS,CA,CAD,ADMIN,Administration,ACTIVE,FULL_TIME,1.0,2014-01-16,,46768.79,0.1676,FALSE,0.0
EB184473B,NIG-310,310-415,D415,IS,CA,CAD,ADMIN,Administration,ACTIVE,PART_TIME,0.6,2017-08-13,,49372.8,0.2247,FALSE,0.0
E97C0E978,NIG-310,310-400,D400,IS,CA,CAD,FIN,Finance,ACTIVE,FULL_TIME,1.0,2013-01-17,,86444.32,0.1654,TRUE,0.1343
E5D680A54,NIG-310,310-215,D215,IS,CA,CAD,SUPPLY,Supply Chain & Warehouse,ACTIVE,FULL_TIME,1.0,2013-08-08,,50061.89,0.1934,FALSE,0.0
E9733376B,NIG-310,310-510,D510,IS,CA,CAD,EXEC,Executive & Leadership,ACTIVE,FULL_TIME,1.0,2017-07-27,,168014.72,0.1953,TRUE,0.3348
E255C4C0F,NIG-310,310-415,D415,IS,CA,CAD,SALES,Sales & Commercial,TERMINATED,FULL_TIME,1.0,2016-11-06,2023-04-30,115968.83,0.184,TRUE,0.3478
E8508FBD7,NIG-310,310-910,D910,IS,CA,CAD,EXEC,Executive & Leadership,ACTIVE,FULL_TIME,1.0,2013-08-20,,225199.85,0.1613,TRUE,0.3451
E6B385EAA,NIG-310,310-200,D200,IS,CA,CAD,FIELD,Field Service Technician,ACTIVE,FULL_TIME,1.0,2020-06-07,,55583.62,0.1911,FALSE,0.0
EDC44E691,NIG-310,310-215,D215,IS,CA,CAD,QUAL,Quality & HSE,TERMINATED,FULL_TIME,1.0,2014-09-15,2024-12-31,77724.32,0.2076,FALSE,0.0
E7BA42272,NIG-310,310-400,D400,IS,CA,CAD,EXEC,Executive & Leadership,TERMINATED,FULL_TIME,1.0,2019-08-25,2023-11-30,236884.23,0.2298,TRUE,0.2095
E30645E8A,NIG-310,310-910,D910,IS,CA,CAD,HR,Human Resources,ACTIVE,FULL_TIME,1.0,2014-01-14,,46834.58,0.2604,FALSE,0.0
E4DD0B1AB,NIG-310,310-510,D510,IS,CA,CAD,SALES,Sales & Commercial,TERMINATED,FULL_TIME,1.0,2014-03-08,2026-04-30,103135.19,0.1974,TRUE,0.0865
ED9A4C8F0,NIG-310,310-205,D205,IS,CA,CAD,FIELD,Field Service Technician,ACTIVE,FULL_TIME,1.0,2014-08-09,,56797.09,0.207,FALSE,0.0
E2DA36CC8,NIG-310,310-910,D910,IS,CA,CAD,EXEC,Executive & Leadership,ACTIVE,FULL_TIME,1.0,2014-07-18,,232777.43,0.2409,TRUE,0.2237
EEC636537,NIG-310,310-400,D400,IS,CA,CAD,SALES,Sales & Commercial,ACTIVE,FULL_TIME,1.0,2013-09-27,,78845.65,0.2227,TRUE,0.1342
E0F378D34,NIG-310,310-415,D415,IS,CA,CAD,FIN,Finance,ACTIVE,FULL_TIME,1.0,2017-04-18,,99980.77,0.2177,TRUE,0.2283
E2DCA24DE,NIG-310,310-200,D200,IS,CA,CAD,FIELD,Field Service Technician,ACTIVE,FULL_TIME,1.0,2015-05-17,,74079.32,0.204,FALSE,0.0
E2272EEA0,NIG-310,310-205,D205,IS,CA,CAD,FIELD,Field Service Technician,ACTIVE,FULL_TIME,1.0,2017-10-01,,62036.99,0.1878,FALSE,0.0
EE7DDC25F,NIG-310,310-200,D200,IS,CA,CAD,FIELD,Field Service Technician,ACTIVE,FULL_TIME,1.0,2014-09-13,,56687.49,0.2224,FALSE,0.0
EAF6B617B,NIG-310,310-500,D500,IS,CA,CAD,FIN,Finance,ACTIVE,FULL_TIME,1.0,2018-01-16,,86099.06,0.2173,TRUE,0.2858
EFF2FF379,NIG-310,310-910,D910,IS,CA,CAD,SALES,Sales & Commercial,ACTIVE,FULL_TIME,1.0,2013-05-10,,64727.99,0.1686,TRUE,0.3301
ED43136C4,NIG-310,310-205,D205,IS,CA,CAD,FIELD,Field Service Technician,ACTIVE,FULL_TIME,1.0,2014-09-15,,80106.26,0.2071,FALSE,0.0
EF565E1E2,NIG-310,310-505,D505,IS,CA,CAD,IT,Information Technology,ACTIVE,FULL_TIME,1.0,2020-01-06,,106440.81,0.2011,TRUE,0.3248
EFEB25F39,NIG-310,310-500,D500,IS,CA,CAD,ADMIN,Administration,ACTIVE,FULL_TIME,1.0,2012-12-22,,53411.7,0.2432,FALSE,0.0
EE99A5323,NIG-310,310-500,D500,IS,CA,CAD,FIN,Finance,ACTIVE,FULL_TIME,1.0,2014-12-17,,107135.83,0.2425,TRUE,0.1047
EDA124465,NIG-310,310-510,D510,IS,CA,CAD,FIN,Finance,ACTIVE,FULL_TIME,1.0,2016-07-18,,66829.98,0.1981,TRUE,0.2663
EABF9E56C,NIG-310,310-910,D910,IS,CA,CAD,FIN,Finance,ACTIVE,FULL_TIME,1.0,2013-12-27,,89922.34,0.2509,TRUE,0.1274
EB1F93F15,NIG-310,310-405,D405,IS,CA,CAD,IT,Information Technology,ACTIVE,FULL_TIME,1.0,2020-01-02,,89718.72,0.1887,TRUE,0.2946
E1E5B204A,NIG-310,310-910,D910,IS,CA,CAD,IT,Information Technology,ACTIVE,PART_TIME,0.8,2015-12-22,,89043.47,0.1694,TRUE,0.3455
EB9EF01AD,NIG-310,310-910,D910,IS,CA,CAD,EXEC,Executive & Leadership,ACTIVE,FULL_TIME,1.0,2019-02-14,,195233.91,0.2611,TRUE,0.0634
E71874BF2,NIG-310,310-405,D405,IS,CA,CAD,EXEC,Executive & Leadership,ACTIVE,FULL_TIME,1.0,2016-04-30,,191814.67,0.1899,TRUE,0.0723
E1F881CE7,NIG-310,310-910,D910,IS,CA,CAD,ADMIN,Administration,TERMINATED,FULL_TIME,1.0,2014-03-24,2024-09-30,63285.89,0.1703,FALSE,0.0
EA0460D1F,NIG-310,310-510,D510,IS,CA,CAD,SALES,Sales & Commercial,ACTIVE,FULL_TIME,1.0,2017-03-31,,70822.37,0.1706,TRUE,0.1193
E597CDFE8,NIG-310,310-405,D405,IS,CA,CAD,ADMIN,Administration,ACTIVE,FULL_TIME,1.0,2017-06-16,,45484.51,0.2515,FALSE,0.0
E8D950058,NIG-310,310-910,D910,IS,CA,CAD,EXEC,Executive & Leadership,ACTIVE,FULL_TIME,1.0,2013-01-17,,209102.37,0.2173,TRUE,0.314
E939851CE,NIG-310,310-405,D405,IS,CA,CAD,IT,Information Technology,ACTIVE,FULL_TIME,1.0,2017-02-14,,120675.05,0.2391,TRUE,0.0601
E21688F5F,NIG-310,310-405,D405,IS,CA,CAD,EXEC,Executive & Leadership,ACTIVE,FULL_TIME,1.0,2014-12-31,,128688.82,0.2319,TRUE,0.0872
E333FA72A,NIG-310,310-400,D400,IS,CA,CAD,EXEC,Executive & Leadership,TERMINATED,FULL_TIME,1.0,2013-07-06,2026-05-31,178053.97,0.2013,TRUE,0.3296
E24DF1A22,NIG-310,310-400,D400,IS,CA,CAD,EXEC,Executive & Leadership,ACTIVE,FULL_TIME,1.0,2018-02-22,,200888.29,0.1614,TRUE,0.2219
EBA96C07C,NIG-310,310-910,D910,IS,CA,CAD,SALES,Sales & Commercial,ACTIVE,FULL_TIME,1.0,2014-04-01,,70223.94,0.1738,TRUE,0.2582
EA0D79F50,NIG-310,310-505,D505,IS,CA,CAD,SALES,Sales & Commercial,ACTIVE,FULL_TIME,1.0,2015-07-29,,65750.23,0.1739,TRUE,0.1343
E102283F3,NIG-310,310-400,D400,IS,CA,CAD,SALES,Sales & Commercial,ACTIVE,FULL_TIME,1.0,2014-02-23,,98371.97,0.2389,TRUE,0.254
E9EE2E631,NIG-310,310-500,D500,IS,CA,CAD,IT,Information Technology,ACTIVE,FULL_TIME,1.0,2020-03-05,,87781.22,0.2532,TRUE,0.284
ED8566B8F,NIG-310,310-910,D910,IS,CA,CAD,ADMIN,Administration,ACTIVE,FULL_TIME,1.0,2015-06-09,,48225.21,0.2397,FALSE,0.0
E16A4E135,NIG-310,310-405,D405,IS,CA,CAD,FIN,Finance,ACTIVE,FULL_TIME,1.0,2018-04-01,,97056.14,0.2099,TRUE,0.1366
E952622A0,NIG-310,310-505,D505,IS,CA,CAD,HR,Human Resources,ACTIVE,FULL_TIME,1.0,2017-09-10,,65586.93,0.1945,FALSE,0.0
E3127E821,NIG-310,310-200,D200,IS,CA,CAD,FIELD,Field Service Technician,ACTIVE,FULL_TIME,1.0,2019-06-01,,69690.05,0.2089,FALSE,0.0
E35CD87EB,NIG-310,310-505,D505,IS,CA,CAD,EXEC,Executive & Leadership,ACTIVE,FULL_TIME,1.0,2016-10-31,,166462.96,0.2149,TRUE,0.2192
E42224C54,NIG-310,310-415,D415,IS,CA,CAD,FIN,Finance,ACTIVE,FULL_TIME,1.0,2020-07-04,,87723.95,0.2199,TRUE,0.2712
EE4D50EFF,NIG-310,310-510,D510,IS,CA,CAD,EXEC,Executive & Leadership,ACTIVE,FULL_TIME,1.0,2019-04-06,,126410.26,0.2687,TRUE,0.1481
E5D779AC3,NIG-310,310-415,D415,IS,CA,CAD,IT,Information Technology,ACTIVE,FULL_TIME,1.0,2016-09-28,,120711.6,0.1787,TRUE,0.1841
EAC9EC62A,NIG-310,310-415,D415,IS,CA,CAD,IT,Information Technology,ACTIVE,FULL_TIME,1.0,2018-10-13,,96248.33,0.1859,TRUE,0.0707
E39542776,NIG-310,310-200,D200,IS,CA,CAD,FIELD,Field Service Technician,TERMINATED,FULL_TIME,1.0,2014-04-12,2025-08-31,67407.99,0.1783,FALSE,0.0
EFFC966D7,NIG-310,310-415,D415,IS,CA,CAD,SALES,Sales & Commercial,ACTIVE,FULL_TIME,1.0,2013-09-11,,112908.7,0.2595,TRUE,0.328
EE050FB27,NIG-310,310-500,D500,IS,CA,CAD,HR,Human Resources,ACTIVE,FULL_TIME,1.0,2019-03-29,,65209.69,0.2077,FALSE,0.0
E7B976B90,NIG-310,310-400,D400,IS,CA,CAD,EXEC,Executive & Leadership,ACTIVE,FULL_TIME,1.0,2019-11-20,,138641.66,0.2212,TRUE,0.053
E80195327,NIG-310,310-510,D510,IS,CA,CAD,EXEC,Executive & Leadership,ACTIVE,PART_TIME,0.6,2015-05-23,,191511.83,0.2342,TRUE,0.2945
E86DFA006,NIG-310,310-415,D415,IS,CA,CAD,EXEC,Executive & Leadership,ACTIVE,FULL_TIME,1.0,2014-07-08,,251978.49,0.2359,TRUE,0.2098
E59386E30,NIG-310,310-500,D500,IS,CA,CAD,ADMIN,Administration,ACTIVE,FULL_TIME,1.0,2015-01-25,,50500.01,0.1907,FALSE,0.0
E59A102E9,NIG-310,310-405,D405,IS,CA,CAD,SALES,Sales & Commercial,ACTIVE,FULL_TIME,1.0,2016-03-21,,87328.83,0.2211,TRUE,0.1901
E2875B4B1,NIG-310,310-510,D510,IS,CA,CAD,SALES,Sales & Commercial,ACTIVE,FULL_TIME,1.0,2020-02-13,,99322.95,0.2504,TRUE,0.1584
E5C41FE97,NIG-310,310-405,D405,IS,CA,CAD,FIN,Finance,TERMINATED,FULL_TIME,1.0,2014-04-08,2025-08-31,76421.44,0.2008,TRUE,0.1482
E14CF2AF3,NIG-310,310-200,D200,IS,CA,CAD,FIELD,Field Service Technician,TERMINATED,FULL_TIME,1.0,2016-01-12,2024-12-31,68413.81,0.2323,FALSE,0.0
EF157E07E,NIG-310,310-400,D400,IS,CA,CAD,ADMIN,Administration,TERMINATED,FULL_TIME,1.0,2017-01-16,2026-04-30,50836.13,0.2666,FALSE,0.0
E7347D8FE,NIG-310,310-910,D910,IS,CA,CAD,HR,Human Resources,ACTIVE,FULL_TIME,1.0,2019-05-25,,59061.23,0.2249,FALSE,0.0
E9948E18A,NIG-310,310-200,D200,IS,CA,CAD,FIELD,Field Service Technician,ACTIVE,PART_TIME,0.5,2016-01-27,,83516.7,0.2324,FALSE,0.0
E2B0BE38F,NIG-310,310-215,D215,IS,CA,CAD,QUAL,Quality & HSE,TERMINATED,FULL_TIME,1.0,2016-04-27,2025-03-31,55821.56,0.1939,FALSE,0.0
ED44FB2E7,NIG-310,310-205,D205,IS,CA,CAD,FIELD,Field Service Technician,ACTIVE,FULL_TIME,1.0,2012-12-22,,63268.39,0.2323,FALSE,0.0
E9D722892,NIG-310,310-415,D415,IS,CA,CAD,IT,Information Technology,ACTIVE,FULL_TIME,1.0,2013-06-09,,113257.37,0.2373,TRUE,0.2772
EE6F4F64E,NIG-310,310-510,D510,IS,CA,CAD,HR,Human Resources,ACTIVE,FULL_TIME,1.0,2014-01-17,,88802.8,0.2627,FALSE,0.0
E6F3323CF,NIG-310,310-505,D505,IS,CA,CAD,IT,Information Technology,ACTIVE,FULL_TIME,1.0,2016-03-24,,83112.75,0.2367,TRUE,0.0642
E37CBA879,NIG-310,310-215,D215,IS,CA,CAD,QUAL,Quality & HSE,ACTIVE,FULL_TIME,1.0,2018-10-21,,87753.93,0.2639,FALSE,0.0
EA1E11C7F,NIG-310,310-910,D910,IS,CA,CAD,SALES,Sales & Commercial,ACTIVE,FULL_TIME,1.0,2019-12-12,,92449.3,0.2024,TRUE,0.1291
E42FAD358,NIG-310,310-910,D910,IS,CA,CAD,EXEC,Executive & Leadership,ACTIVE,FULL_TIME,1.0,2016-10-19,,170781.42,0.2299,TRUE,0.3298
E9CBFF49D,NIG-310,310-500,D500,IS,CA,CAD,HR,Human Resources,ACTIVE,FULL_TIME,1.0,2018-10-03,,78996.72,0.1817,FALSE,0.0
EB3CA3408,NIG-310,310-200,D200,IS,CA,CAD,FIELD,Field Service Technician,ACTIVE,FULL_TIME,1.0,2015-06-05,,70748.38,0.2249,FALSE,0.0
E4D04DAF8,NIG-310,310-510,D510,IS,CA,CAD,HR,Human Resources,ACTIVE,FULL_TIME,1.0,2015-02-07,,75524.79,0.2649,FALSE,0.0
E98A165DA,NIG-310,310-200,D200,IS,CA,CAD,FIELD,Field Service Technician,ACTIVE,FULL_TIME,1.0,2013-02-23,,55436.91,0.2079,FALSE,0.0
E4E66BDFA,NIG-310,310-200,D200,IS,CA,CAD,FIELD,Field Service Technician,ACTIVE,FULL_TIME,1.0,2013-04-16,,53154.48,0.2315,FALSE,0.0
E36D5E547,NIG-310,310-415,D415,IS,CA,CAD,HR,Human Resources,ACTIVE,FULL_TIME,1.0,2017-10-30,,60717.06,0.1796,FALSE,0.0
E216221F0,NIG-310,310-215,D215,IS,CA,CAD,QUAL,Quality & HSE,ACTIVE,FULL_TIME,1.0,2015-12-04,,59063.99,0.2621,FALSE,0.0
E87E5AA7A,NIG-310,310-910,D910,IS,CA,CAD,FIN,Finance,ACTIVE,FULL_TIME,1.0,2014-10-18,,99657.5,0.1792,TRUE,0.1195
E2DFE32AB,NIG-310,310-405,D405,IS,CA,CAD,ADMIN,Administration,ACTIVE,FULL_TIME,1.0,2013-07-18,,36624.02,0.1818,FALSE,0.0
E99A99FE0,NIG-310,310-910,D910,IS,CA,CAD,HR,Human Resources,ACTIVE,FULL_TIME,1.0,2013-07-23,,61136.78,0.1637,FALSE,0.0
EBB1C7501,NIG-310,310-500,D500,IS,CA,CAD,IT,Information Technology,ACTIVE,FULL_TIME,1.0,2019-01-10,,96504.5,0.2114,TRUE,0.1832
EDE5DFEF3,NIG-310,310-500,D500,IS,CA,CAD,SALES,Sales & Commercial,ACTIVE,FULL_TIME,1.0,2016-08-17,,70178.93,0.1687,TRUE,0.3011
E2A7B83A5,NIG-310,310-405,D405,IS,CA,CAD,HR,Human Resources,ACTIVE,FULL_TIME,1.0,2014-01-10,,93567.87,0.268,FALSE,0.0
E2E6F2F9E,NIG-310,310-215,D215,IS,CA,CAD,SUPPLY,Supply Chain & Warehouse,ACTIVE,FULL_TIME,1.0,2013-07-01,,57744.56,0.2228,FALSE,0.0
EF4C08EE7,NIG-310,310-400,D400,IS,CA,CAD,EXEC,Executive & Leadership,ACTIVE,FULL_TIME,1.0,2014-12-24,,187202.8,0.2159,TRUE,0.2067
E8A7ACB08,NIG-310,310-215,D215,IS,CA,CAD,QUAL,Quality & HSE,ACTIVE,FULL_TIME,1.0,2017-01-07,,77819.6,0.2285,FALSE,0.0
EA8BD23C5,NIG-310,310-215,D215,IS,CA,CAD,SUPPLY,Supply Chain & Warehouse,TERMINATED,FULL_TIME,1.0,2018-04-19,2024-04-30,42781.35,0.1706,FALSE,0.0
E64749AE7,NIG-310,310-405,D405,IS,CA,CAD,HR,Human Resources,TERMINATED,FULL_TIME,1.0,2019-12-04,2025-10-31,54841.2,0.2253,FALSE,0.0
E351EE131,NIG-310,310-510,D510,IS,CA,CAD,FIN,Finance,TERMINATED,FULL_TIME,1.0,2016-01-20,2024-06-30,91553.3,0.2274,TRUE,0.1369
EE183A69A,NIG-310,310-500,D500,IS,CA,CAD,FIN,Finance,TERMINATED,FULL_TIME,1.0,2017-11-06,2024-08-31,63343.86,0.2581,TRUE,0.0951
E7C9F539F,NIG-310,310-405,D405,IS,CA,CAD,HR,Human Resources,TERMINATED,PART_TIME,0.5,2015-01-17,2025-10-31,77195.47,0.2017,FALSE,0.0
E6E33C07B,NIG-310,310-400,D400,IS,CA,CAD,IT,Information Technology,ACTIVE,FULL_TIME,1.0,2015-12-23,,102444.33,0.2534,TRUE,0.3128
E5DAD4989,NIG-310,310-205,D205,IS,CA,CAD,FIELD,Field Service Technician,ACTIVE,FULL_TIME,1.0,2019-10-23,,86330.81,0.177,FALSE,0.0
ECCBFDCA9,NIG-310,310-500,D500,IS,CA,CAD,IT,Information Technology,ACTIVE,FULL_TIME,1.0,2018-04-08,,109496.48,0.1726,TRUE,0.1112
E64E9B31B,NIG-310,310-910,D910,IS,CA,CAD,FIN,Finance,ACTIVE,FULL_TIME,1.0,2016-08-02,,93991.16,0.2204,TRUE,0.3293
EF6A5FDBA,NIG-310,310-505,D505,IS,CA,CAD,FIN,Finance,ACTIVE,FULL_TIME,1.0,2013-03-09,,60099.44,0.2079,TRUE,0.1519
EF1D4AFD1,NIG-310,310-405,D405,IS,CA,CAD,HR,Human Resources,TERMINATED,PART_TIME,0.5,2019-12-19,2025-10-31,62079.08,0.2625,FALSE,0.0
EC1CAA4B9,NIG-310,310-400,D400,IS,CA,CAD,FIN,Finance,ACTIVE,FULL_TIME,1.0,2013-04-04,,74773.45,0.2562,TRUE,0.0965
E570CAEC2,NIG-310,310-205,D205,IS,CA,CAD,FIELD,Field Service Technician,ACTIVE,FULL_TIME,1.0,2016-11-16,,74532.63,0.2171,FALSE,0.0
E59967B1C,NIG-310,310-405,D405,IS,CA,CAD,IT,Information Technology,ACTIVE,FULL_TIME,1.0,2015-10-02,,86298.48,0.2374,TRUE,0.2401
E2C9BFD48,NIG-310,310-400,D400,IS,CA,CAD,FIN,Finance,TERMINATED,FULL_TIME,1.0,2019-10-24,2025-04-30,93861.41,0.252,TRUE,0.2226
EC99BF4D9,NIG-310,310-400,D400,IS,CA,CAD,IT,Information Technology,TERMINATED,FULL_TIME,1.0,2014-01-31,2025-08-31,106078.08,0.1985,TRUE,0.1342
EF1325D4E,NIG-310,310-505,D505,IS,CA,CAD,HR,Human Resources,ACTIVE,FULL_TIME,1.0,2014-02-26,,59891.56,0.1717,FALSE,0.0
EECF5CF64,NIG-310,310-505,D505,IS,CA,CAD,EXEC,Executive & Leadership,ACTIVE,FULL_TIME,1.0,2014-08-19,,188410.05,0.1619,TRUE,0.2987
E6120A304,NIG-310,310-510,D510,IS,CA,CAD,SALES,Sales & Commercial,ACTIVE,FULL_TIME,1.0,2017-01-28,,61037.07,0.1882,TRUE,0.3175
E2250B139,NIG-310,310-400,D400,IS,CA,CAD,HR,Human Resources,ACTIVE,FULL_TIME,1.0,2016-12-27,,72820.4,0.2337,FALSE,0.0
E6BADCE9C,NIG-310,310-205,D205,IS,CA,CAD,FIELD,Field Service Technician,ACTIVE,FULL_TIME,1.0,2018-06-29,,79415.05,0.2478,FALSE,0.0
EAAE20B78,NIG-310,310-910,D910,IS,CA,CAD,SALES,Sales & Commercial,TERMINATED,FULL_TIME,1.0,2020-05-22,2023-12-31,89627.75,0.2249,TRUE,0.2883
E6A498CEC,NIG-310,310-215,D215,IS,CA,CAD,SUPPLY,Supply Chain & Warehouse,ACTIVE,FULL_TIME,1.0,2016-01-18,,59037.7,0.1831,FALSE,0.0
E1AA7A4EB,NIG-310,310-405,D405,IS,CA,CAD,SALES,Sales & Commercial,TERMINATED,FULL_TIME,1.0,2020-05-25,2023-03-31,94351.96,0.2157,TRUE,0.2805
E1761C331,NIG-310,310-200,D200,IS,CA,CAD,FIELD,Field Service Technician,TERMINATED,FULL_TIME,1.0,2016-07-05,2024-03-31,83600.26,0.238,FALSE,0.0
E2D5FAF48,NIG-310,310-205,D205,IS,CA,CAD,FIELD,Field Service Technician,ACTIVE,FULL_TIME,1.0,2013-05-13,,72834.94,0.2219,FALSE,0.0
E7766DFAD,NIG-310,310-405,D405,IS,CA,CAD,IT,Information Technology,ACTIVE,FULL_TIME,1.0,2017-10-17,,73499.94,0.2204,TRUE,0.1459
ECF022131,NIG-310,310-910,D910,IS,CA,CAD,ADMIN,Administration,ACTIVE,FULL_TIME,1.0,2017-03-04,,47491.15,0.2168,FALSE,0.0
E7C95CAAE,NIG-310,310-510,D510,IS,CA,CAD,SALES,Sales & Commercial,ACTIVE,PART_TIME,0.8,2018-11-22,,88793.29,0.1908,TRUE,0.3243
EB3091204,NIG-310,310-415,D415,IS,CA,CAD,ADMIN,Administration,ACTIVE,FULL_TIME,1.0,2017-12-14,,47628.59,0.183,FALSE,0.0
E1ACE9F4D,NIG-310,310-910,D910,IS,CA,CAD,FIN,Finance,ACTIVE,FULL_TIME,1.0,2014-06-24,,74855.27,0.1979,TRUE,0.0767
EEE69A831,NIG-310,310-400,D400,IS,CA,CAD,HR,Human Resources,TERMINATED,FULL_TIME,1.0,2013-12-31,2026-03-31,108527.58,0.1785,FALSE,0.0
EEEEB9354,NIG-310,310-405,D405,IS,CA,CAD,HR,Human Resources,ACTIVE,FULL_TIME,1.0,2019-07-04,,51997.26,0.2167,FALSE,0.0
E79E57301,NIG-310,310-405,D405,IS,CA,CAD,SALES,Sales & Commercial,ACTIVE,FULL_TIME,1.0,2013-11-21,,81015.83,0.2366,TRUE,0.2109
E06920CCE,NIG-310,310-500,D500,IS,CA,CAD,FIN,Finance,ACTIVE,FULL_TIME,1.0,2019-03-30,,91147.6,0.2478,TRUE,0.3336
E50952602,NIG-310,310-215,D215,IS,CA,CAD,SUPPLY,Supply Chain & Warehouse,ACTIVE,FULL_TIME,1.0,2016-05-18,,63386.94,0.2584,FALSE,0.0
E2DB8177E,NIG-310,310-500,D500,IS,CA,CAD,FIN,Finance,ACTIVE,FULL_TIME,1.0,2020-07-24,,81938.59,0.2518,TRUE,0.2635
E57EC0AED,NIG-310,310-510,D510,IS,CA,CAD,EXEC,Executive & Leadership,ACTIVE,FULL_TIME,1.0,2019-10-09,,177877.92,0.1791,TRUE,0.327
E66F77EED,NIG-310,310-910,D910,IS,CA,CAD,ADMIN,Administration,ACTIVE,FULL_TIME,1.0,2015-12-20,,60557.15,0.1915,FALSE,0.0
EE1AF52B2,NIG-310,310-500,D500,IS,CA,CAD,HR,Human Resources,ACTIVE,FULL_TIME,1.0,2016-06-05,,71557.79,0.239,FALSE,0.0
EB8625002,NIG-310,310-500,D500,IS,CA,CAD,FIN,Finance,ACTIVE,FULL_TIME,1.0,2020-05-09,,89275.89,0.2175,TRUE,0.2156
EB2E05FB0,NIG-310,310-215,D215,IS,CA,CAD,QUAL,Quality & HSE,ACTIVE,FULL_TIME,1.0,2015-08-13,,72480.29,0.2076,FALSE,0.0
E11A888DD,NIG-310,310-505,D505,IS,CA,CAD,FIN,Finance,ACTIVE,FULL_TIME,1.0,2018-05-18,,79299.51,0.2024,TRUE,0.2081
E2F3E223B,NIG-310,310-205,D205,IS,CA,CAD,FIELD,Field Service Technician,ACTIVE,FULL_TIME,1.0,2018-01-28,,44798.84,0.1892,FALSE,0.0
EA8236981,NIG-310,310-215,D215,IS,CA,CAD,QUAL,Quality & HSE,ACTIVE,FULL_TIME,1.0,2018-04-24,,79749.02,0.1842,FALSE,0.0
E95B94D30,NIG-310,310-415,D415,IS,CA,CAD,SALES,Sales & Commercial,TERMINATED,FULL_TIME,1.0,2016-08-28,2024-06-30,58056.46,0.1869,TRUE,0.2256
E85B7E53A,NIG-310,310-205,D205,IS,CA,CAD,FIELD,Field Service Technician,ACTIVE,FULL_TIME,1.0,2014-08-28,,82570.01,0.248,FALSE,0.0
E79A9943E,NIG-310,310-200,D200,IS,CA,CAD,FIELD,Field Service Technician,ACTIVE,FULL_TIME,1.0,2018-10-08,,77553.61,0.2084,FALSE,0.0
E8B62FD93,NIG-310,310-505,D505,IS,CA,CAD,HR,Human Resources,ACTIVE,FULL_TIME,1.0,2019-08-30,,75846.32,0.2095,FALSE,0.0
E68AD9A51,NIG-310,310-910,D910,IS,CA,CAD,FIN,Finance,TERMINATED,FULL_TIME,1.0,2016-09-25,2024-09-30,94321.98,0.2397,TRUE,0.3485
E1B0DD82F,NIG-310,310-205,D205,IS,CA,CAD,FIELD,Field Service Technician,ACTIVE,PART_TIME,0.8,2013-04-23,,85474.33,0.2195,FALSE,0.0
E0F777D69,NIG-310,310-510,D510,IS,CA,CAD,EXEC,Executive & Leadership,ACTIVE,FULL_TIME,1.0,2018-03-11,,172500.99,0.2051,TRUE,0.3225
EFB7EB87F,NIG-310,310-505,D505,IS,CA,CAD,ADMIN,Administration,ACTIVE,FULL_TIME,1.0,2016-05-23,,40253.42,0.1759,FALSE,0.0
E7E5FEA78,NIG-310,310-510,D510,IS,CA,CAD,FIN,Finance,TERMINATED,FULL_TIME,1.0,2020-03-17,2024-08-31,64352.88,0.2247,TRUE,0.3138
E4E0F4608,NIG-310,310-505,D505,IS,CA,CAD,IT,Information Technology,TERMINATED,FULL_TIME,1.0,2018-02-26,2024-10-31,91311.91,0.1651,TRUE,0.261
E1DBE34A5,NIG-310,310-415,D415,IS,CA,CAD,HR,Human Resources,ACTIVE,PART_TIME,0.5,2019-02-20,,67280.81,0.2041,FALSE,0.0
E1188238F,NIG-310,310-405,D405,IS,CA,CAD,ADMIN,Administration,ACTIVE,FULL_TIME,1.0,2018-11-12,,42624.02,0.2012,FALSE,0.0
EFF1C068C,NIG-310,310-200,D200,IS,CA,CAD,FIELD,Field Service Technician,ACTIVE,FULL_TIME,1.0,2017-08-31,,42593.37,0.2411,FALSE,0.0
EA5EBE63A,NIG-310,310-400,D400,IS,CA,CAD,SALES,Sales & Commercial,ACTIVE,FULL_TIME,1.0,2013-11-26,,111229.64,0.2698,TRUE,0.12
E50BAE8EC,NIG-310,310-500,D500,IS,CA,CAD,IT,Information Technology,ACTIVE,FULL_TIME,1.0,2014-02-06,,124329.07,0.2054,TRUE,0.1681
ECE1C3A76,NIG-310,310-400,D400,IS,CA,CAD,EXEC,Executive & Leadership,ACTIVE,FULL_TIME,1.0,2017-07-23,,126508.34,0.2491,TRUE,0.1506
E5A02DB79,NIG-310,310-400,D400,IS,CA,CAD,ADMIN,Administration,ACTIVE,FULL_TIME,1.0,2017-12-23,,44568.45,0.1796,FALSE,0.0
E2B29F41A,NIG-310,310-510,D510,IS,CA,CAD,HR,Human Resources,ACTIVE,FULL_TIME,1.0,2018-03-03,,46210.04,0.2549,FALSE,0.0
E0FEFBED5,NIG-310,310-510,D510,IS,CA,CAD,FIN,Finance,ACTIVE,FULL_TIME,1.0,2016-11-19,,64561.88,0.2173,TRUE,0.2312
E31EE1363,NIG-310,310-910,D910,IS,CA,CAD,FIN,Finance,TERMINATED,FULL_TIME,1.0,2019-04-10,2023-01-31,57528.68,0.2484,TRUE,0.2603
E343194E3,NIG-310,310-405,D405,IS,CA,CAD,IT,Information Technology,ACTIVE,FULL_TIME,1.0,2015-04-19,,121624.85,0.1613,TRUE,0.1409
E3C1F67D3,NIG-310,310-205,D205,IS,CA,CAD,FIELD,Field Service Technician,TERMINATED,FULL_TIME,1.0,2017-11-19,2025-08-31,67066.4,0.211,FALSE,0.0
E8A845E02,NIG-310,310-910,D910,IS,CA,CAD,ADMIN,Administration,ACTIVE,FULL_TIME,1.0,2015-09-03,,56179.43,0.2591,FALSE,0.0
E55BA70C6,NIG-310,310-200,D200,IS,CA,CAD,FIELD,Field Service Technician,ACTIVE,FULL_TIME,1.0,2016-11-06,,61215.35,0.1763,FALSE,0.0
E44196FBD,NIG-310,310-215,D215,IS,CA,CAD,QUAL,Quality & HSE,ACTIVE,FULL_TIME,1.0,2014-04-20,,73772.65,0.2035,FALSE,0.0
E483D627C,NIG-310,310-910,D910,IS,CA,CAD,EXEC,Executive & Leadership,ACTIVE,FULL_TIME,1.0,2015-12-29,,219368.3,0.2625,TRUE,0.194
E844914C4,NIG-310,310-510,D510,IS,CA,CAD,IT,Information Technology,ACTIVE,FULL_TIME,1.0,2019-07-05,,95142.21,0.2004,TRUE,0.2058
ED594974D,NIG-310,310-400,D400,IS,CA,CAD,SALES,Sales & Commercial,ACTIVE,FULL_TIME,1.0,2015-10-06,,85072.63,0.2358,TRUE,0.3219
EFC6B4B7A,NIG-310,310-200,D200,IS,CA,CAD,FIELD,Field Service Technician,ACTIVE,FULL_TIME,1.0,2013-04-24,,78083.35,0.2284,FALSE,0.0
E010B42AF,NIG-310,310-910,D910,IS,CA,CAD,HR,Human Resources,TERMINATED,FULL_TIME,1.0,2016-05-31,2023-04-30,68056.2,0.1777,FALSE,0.0
E2BA05698,NIG-310,310-910,D910,IS,CA,CAD,FIN,Finance,ACTIVE,FULL_TIME,1.0,2013-06-04,,88464.81,0.2242,TRUE,0.3407
E3B0C20FC,NIG-310,310-415,D415,IS,CA,CAD,HR,Human Resources,ACTIVE,FULL_TIME,1.0,2023-02-15,,74204.49,0.2321,FALSE,0.0
EB22E393A,NIG-310,310-215,D215,IS,CA,CAD,QUAL,Quality & HSE,ACTIVE,FULL_TIME,1.0,2023-03-16,,86246.44,0.1802,FALSE,0.0
E39031006,NIG-310,310-215,D215,IS,CA,CAD,QUAL,Quality & HSE,ACTIVE,FULL_TIME,1.0,2023-04-02,,66543.17,0.2624,FALSE,0.0
EFC4E61D3,NIG-310,310-205,D205,IS,CA,CAD,FIELD,Field Service Technician,ACTIVE,FULL_TIME,1.0,2023-05-17,,57127.14,0.2363,FALSE,0.0
E8AD1F65D,NIG-310,310-205,D205,IS,CA,CAD,FIELD,Field Service Technician,TERMINATED,FULL_TIME,1.0,2023-07-10,2023-08-31,56479.63,0.2354,FALSE,0.0
E128887F0,NIG-310,310-505,D505,IS,CA,CAD,IT,Information Technology,ACTIVE,FULL_TIME,1.0,2023-08-21,,93391.4,0.2635,TRUE,0.2735
E79BF36D8,NIG-310,310-400,D400,IS,CA,CAD,HR,Human Resources,TERMINATED,FULL_TIME,1.0,2023-09-16,2024-08-31,69068.5,0.1651,FALSE,0.0
E46B019C2,NIG-310,310-400,D400,IS,CA,CAD,FIN,Finance,ACTIVE,FULL_TIME,1.0,2023-10-27,,96481.84,0.1754,TRUE,0.1599
E37E05CC5,NIG-310,310-415,D415,IS,CA,CAD,IT,Information Technology,TERMINATED,FULL_TIME,1.0,2023-11-12,2024-03-31,89697.46,0.2478,TRUE,0.2919
E57B8A0C3,NIG-310,310-400,D400,IS,CA,CAD,IT,Information Technology,ACTIVE,PART_TIME,0.8,2023-12-06,,111117.12,0.1657,TRUE,0.2004
E3002DB18,NIG-310,310-415,D415,IS,CA,CAD,EXEC,Executive & Leadership,ACTIVE,FULL_TIME,1.0,2024-02-07,,162084.18,0.1719,TRUE,0.3052
E22AC2646,NIG-310,310-405,D405,IS,CA,CAD,EXEC,Executive & Leadership,ACTIVE,FULL_TIME,1.0,2024-03-25,,177528.82,0.1843,TRUE,0.0512
E1958ED0D,NIG-310,310-500,D500,IS,CA,CAD,FIN,Finance,ACTIVE,FULL_TIME,1.0,2024-05-15,,86883.66,0.2283,TRUE,0.1644
E318F98C9,NIG-310,310-205,D205,IS,CA,CAD,FIELD,Field Service Technician,ACTIVE,FULL_TIME,1.0,2024-06-22,,62302.3,0.176,FALSE,0.0
E3C416431,NIG-310,310-505,D505,IS,CA,CAD,FIN,Finance,ACTIVE,FULL_TIME,1.0,2024-08-16,,84734.07,0.1837,TRUE,0.2363
E881647E9,NIG-310,310-400,D400,IS,CA,CAD,IT,Information Technology,ACTIVE,FULL_TIME,1.0,2024-10-28,,51304.0,0.2397,TRUE,0.1514
E8C221AAC,NIG-310,310-505,D505,IS,CA,CAD,EXEC,Executive & Leadership,ACTIVE,PART_TIME,0.6,2024-11-16,,256571.21,0.2419,TRUE,0.1163
EB0BC4F5D,NIG-310,310-400,D400,IS,CA,CAD,IT,Information Technology,TERMINATED,FULL_TIME,1.0,2025-02-24,2025-07-31,89541.39,0.198,TRUE,0.2285
E0E817C35,NIG-310,310-510,D510,IS,CA,CAD,EXEC,Executive & Leadership,ACTIVE,FULL_TIME,1.0,2025-09-22,,183240.55,0.1607,TRUE,0.3233
E3A4E4D7A,NIG-310,310-215,D215,IS,CA,CAD,SUPPLY,Supply Chain & Warehouse,ACTIVE,FULL_TIME,1.0,2024-04-02,,72169.83,0.1603,FALSE,0.0
EC8416323,NIG-310,310-215,D215,IS,CA,CAD,SUPPLY,Supply Chain & Warehouse,ACTIVE,FULL_TIME,1.0,2024-05-01,,57706.73,0.1632,FALSE,0.0
E720AC989,NIG-310,310-405,D405,IS,CA,CAD,FIN,Finance,ACTIVE,FULL_TIME,1.0,2025-01-17,,81930.93,0.2558,TRUE,0.2688
E70281B3D,NIG-310,310-415,D415,IS,CA,CAD,HR,Human Resources,ACTIVE,FULL_TIME,1.0,2025-04-06,,55506.87,0.1984,FALSE,0.0
E29863849,NIG-310,310-910,D910,IS,CA,CAD,SALES,Sales & Commercial,ACTIVE,FULL_TIME,1.0,2024-09-20,,83019.69,0.2317,TRUE,0.0878
E17D915FC,NIG-310,310-510,D510,IS,CA,CAD,SALES,Sales & Commercial,ACTIVE,FULL_TIME,1.0,2026-05-18,,103495.62,0.2508,TRUE,0.2552
E288C8967,NIG-310,310-200,D200,IS,CA,CAD,FIELD,Field Service Technician,ACTIVE,FULL_TIME,1.0,2023-07-14,,82581.06,0.242,FALSE,0.0
EAAB3DE58,NIG-310,310-405,D405,IS,CA,CAD,ADMIN,Administration,ACTIVE,FULL_TIME,1.0,2026-06-18,,46650.25,0.2235,FALSE,0.0
E58D02583,NIG-310,310-405,D405,IS,CA,CAD,HR,Human Resources,ACTIVE,FULL_TIME,1.0,2024-07-15,,46462.58,0.2532,FALSE,0.0
E3D610220,NIG-310,310-405,D405,IS,CA,CAD,ADMIN,Administration,ACTIVE,FULL_TIME,1.0,2025-11-15,,50455.78,0.1785,FALSE,0.0
ECDA5D719,NIG-310,310-500,D500,IS,CA,CAD,ADMIN,Administration,ACTIVE,FULL_TIME,1.0,2025-08-18,,54612.14,0.1752,FALSE,0.0
EC25FF8E4,NIG-310,310-415,D415,IS,CA,CAD,SALES,Sales & Commercial,ACTIVE,FULL_TIME,1.0,2024-05-17,,67710.9,0.2148,TRUE,0.2071
E7FAF67A2,NIG-310,310-415,D415,IS,CA,CAD,EXEC,Executive & Leadership,ACTIVE,FULL_TIME,1.0,2024-10-11,,146783.44,0.1867,TRUE,0.2371
E32A892AB,NIG-310,310-415,D415,IS,CA,CAD,IT,Information Technology,ACTIVE,FULL_TIME,1.0,2024-09-08,,66545.04,0.2639,TRUE,0.2975
E65F9ED69,NIG-310,310-400,D400,IS,CA,CAD,FIN,Finance,ACTIVE,FULL_TIME,1.0,2024-10-15,,90687.93,0.2312,TRUE,0.1245
E31D9EC97,NIG-310,310-910,D910,IS,CA,CAD,IT,Information Technology,ACTIVE,FULL_TIME,1.0,2026-04-13,,93427.31,0.2618,TRUE,0.2259
E0EB2194D,NIG-310,310-405,D405,IS,CA,CAD,EXEC,Executive & Leadership,ACTIVE,FULL_TIME,1.0,2026-05-20,,233256.31,0.1767,TRUE,0.1801
E06D819B5,NIG-310,310-405,D405,IS,CA,CAD,IT,Information Technology,ACTIVE,FULL_TIME,1.0,2025-05-16,,73309.72,0.2038,TRUE,0.2948
EC520B059,NIG-310,310-400,D400,IS,CA,CAD,EXEC,Executive & Leadership,ACTIVE,FULL_TIME,1.0,2024-07-14,,219469.72,0.2509,TRUE,0.1704
E3D95B9F6,NIG-310,310-415,D415,IS,CA,CAD,FIN,Finance,ACTIVE,FULL_TIME,1.0,2025-04-09,,92228.39,0.2291,TRUE,0.1368
E7306D984,NIG-310,310-205,D205,IS,CA,CAD,FIELD,Field Service Technician,ACTIVE,FULL_TIME,1.0,2023-04-04,,69907.58,0.2149,FALSE,0.0
E0A4E37D4,NIG-310,310-215,D215,IS,CA,CAD,QUAL,Quality & HSE,ACTIVE,FULL_TIME,1.0,2023-03-12,,89698.79,0.1994,FALSE,0.0
E79AC1869,NIG-310,310-505,D505,IS,CA,CAD,HR,Human Resources,ACTIVE,FULL_TIME,1.0,2024-04-16,,98637.95,0.1676,FALSE,0.0
E24044B10,NIG-310,310-510,D510,IS,CA,CAD,SALES,Sales & Commercial,ACTIVE,FULL_TIME,1.0,2024-08-04,,102066.57,0.2662,TRUE,0.1961
E572CC0B6,NIG-310,310-910,D910,IS,CA,CAD,EXEC,Executive & Leadership,ACTIVE,FULL_TIME,1.0,2025-09-14,,147016.07,0.2443,TRUE,0.1345
E5677E9B7,NIG-310,310-910,D910,IS,CA,CAD,FIN,Finance,ACTIVE,PART_TIME,0.8,2024-11-07,,77799.32,0.2308,TRUE,0.3251
EDB6D68A4,NIG-310,310-200,D200,IS,CA,CAD,FIELD,Field Service Technician,ACTIVE,FULL_TIME,1.0,2025-10-11,,81630.33,0.1861,FALSE,0.0
E46012318,NIG-310,310-510,D510,IS,CA,CAD,FIN,Finance,ACTIVE,FULL_TIME,1.0,2025-11-09,,94111.56,0.1778,TRUE,0.0898
E7AD824E1,NIG-310,310-500,D500,IS,CA,CAD,IT,Information Technology,ACTIVE,FULL_TIME,1.0,2023-05-04,,103586.68,0.1955,TRUE,0.2713
E20241E37,NIG-310,310-505,D505,IS,CA,CAD,ADMIN,Administration,ACTIVE,FULL_TIME,1.0,2026-04-05,,45671.65,0.1797,FALSE,0.0
EBC9971AF,NIG-310,310-205,D205,IS,CA,CAD,FIELD,Field Service Technician,ACTIVE,FULL_TIME,1.0,2023-05-09,,82079.28,0.1716,FALSE,0.0
E2717FCF2,NIG-310,310-910,D910,IS,CA,CAD,EXEC,Executive & Leadership,ACTIVE,FULL_TIME,1.0,2026-06-09,,162141.41,0.2038,TRUE,0.1063
E914BB916,NIG-310,310-505,D505,IS,CA,CAD,SALES,Sales & Commercial,ACTIVE,FULL_TIME,1.0,2025-01-09,,69948.5,0.2469,TRUE,0.0791
EA54E231F,NIG-310,310-500,D500,IS,CA,CAD,FIN,Finance,ACTIVE,FULL_TIME,1.0,2024-01-19,,85253.91,0.1678,TRUE,0.2072
E0AF1CB89,NIG-310,310-400,D400,IS,CA,CAD,IT,Information Technology,ACTIVE,FULL_TIME,1.0,2024-09-04,,95507.36,0.2597,TRUE,0.3271
ECEE9C805,NIG-310,310-200,D200,IS,CA,CAD,FIELD,Field Service Technician,ACTIVE,FULL_TIME,1.0,2023-02-11,,52482.8,0.2077,FALSE,0.0
EC58A1E50,NIG-310,310-400,D400,IS,CA,CAD,EXEC,Executive & Leadership,ACTIVE,FULL_TIME,1.0,2025-07-20,,188114.81,0.1782,TRUE,0.1814
EC870EF1B,NIG-310,310-415,D415,IS,CA,CAD,SALES,Sales & Commercial,ACTIVE,FULL_TIME,1.0,2025-09-16,,82578.62,0.196,TRUE,0.2399
E6B53DB6F,NIG-310,310-500,D500,IS,CA,CAD,IT,Information Technology,ACTIVE,FULL_TIME,1.0,2025-11-05,,83461.54,0.2332,TRUE,0.2338
ECF331F8A,NIG-310,310-200,D200,IS,CA,CAD,FIELD,Field Service Technician,ACTIVE,FULL_TIME,1.0,2025-11-10,,64196.01,0.2478,FALSE,0.0
EF68FBEED,NIG-310,310-505,D505,IS,CA,CAD,HR,Human Resources,ACTIVE,FULL_TIME,1.0,2023-09-02,,69472.33,0.1675,FALSE,0.0
ECBDEA975,NIG-310,310-505,D505,IS,CA,CAD,EXEC,Executive & Leadership,ACTIVE,FULL_TIME,1.0,2023-12-15,,143578.25,0.2344,TRUE,0.2641
E4BE96A4F,NIG-310,310-910,D910,IS,CA,CAD,ADMIN,Administration,ACTIVE,FULL_TIME,1.0,2025-09-13,,40361.87,0.2429,FALSE,0.0
E525645F1,NIG-310,310-405,D405,IS,CA,CAD,SALES,Sales & Commercial,ACTIVE,FULL_TIME,1.0,2024-01-08,,105602.16,0.1727,TRUE,0.2609
E3A5BDF0E,NIG-310,310-405,D405,IS,CA,CAD,FIN,Finance,ACTIVE,FULL_TIME,1.0,2025-09-07,,111561.61,0.2058,TRUE,0.2107
EB5FC402E,NIG-320,320-500,D500,IS,GB,GBP,EXEC,Executive & Leadership,ACTIVE,FULL_TIME,1.0,2014-07-02,,112659.65,0.2613,TRUE,0.2908
E07B0D94D,NIG-320,320-500,D500,IS,GB,GBP,SALES,Sales & Commercial,ACTIVE,FULL_TIME,1.0,2021-06-22,,94040.61,0.2266,TRUE,0.0877
E666C6758,NIG-320,320-415,D415,IS,GB,GBP,SALES,Sales & Commercial,ACTIVE,FULL_TIME,1.0,2016-03-11,,72405.12,0.2433,TRUE,0.2147
E89AA3994,NIG-320,320-505,D505,IS,GB,GBP,SALES,Sales & Commercial,ACTIVE,FULL_TIME,1.0,2020-12-22,,73208.53,0.1859,TRUE,0.3209
EBF8C8ECE,NIG-320,320-415,D415,IS,GB,GBP,SALES,Sales & Commercial,ACTIVE,FULL_TIME,1.0,2015-03-01,,94047.26,0.216,TRUE,0.269
EC09842FE,NIG-320,320-205,D205,IS,GB,GBP,FIELD,Field Service Technician,ACTIVE,FULL_TIME,1.0,2018-03-21,,50325.24,0.1642,FALSE,0.0
EEF2B265A,NIG-320,320-405,D405,IS,GB,GBP,SALES,Sales & Commercial,ACTIVE,FULL_TIME,1.0,2016-06-21,,82217.15,0.2691,TRUE,0.3457
E4F65A094,NIG-320,320-405,D405,IS,GB,GBP,FIN,Finance,TERMINATED,FULL_TIME,1.0,2018-02-10,2023-09-30,80768.63,0.2154,TRUE,0.2966
EBF867483,NIG-320,320-910,D910,IS,GB,GBP,FIN,Finance,ACTIVE,FULL_TIME,1.0,2016-03-02,,73611.75,0.2158,TRUE,0.213
E12CA14EF,NIG-320,320-400,D400,IS,GB,GBP,EXEC,Executive & Leadership,ACTIVE,PART_TIME,0.5,2017-09-05,,233654.72,0.2219,TRUE,0.3291
EC313FEB4,NIG-320,320-405,D405,IS,GB,GBP,FIN,Finance,ACTIVE,FULL_TIME,1.0,2014-08-18,,82594.97,0.1761,TRUE,0.1084
E29A8B6E5,NIG-320,320-500,D500,IS,GB,GBP,FIN,Finance,TERMINATED,FULL_TIME,1.0,2019-01-22,2026-01-31,83886.03,0.213,TRUE,0.2066
E4A456F7C,NIG-320,320-405,D405,IS,GB,GBP,EXEC,Executive & Leadership,ACTIVE,FULL_TIME,1.0,2021-03-02,,162016.42,0.2522,TRUE,0.1937
E0E75F366,NIG-320,320-205,D205,IS,GB,GBP,FIELD,Field Service Technician,ACTIVE,FULL_TIME,1.0,2017-03-14,,68649.65,0.1676,FALSE,0.0
E9F4707BB,NIG-320,320-200,D200,IS,GB,GBP,FIELD,Field Service Technician,ACTIVE,FULL_TIME,1.0,2018-08-01,,76451.3,0.2415,FALSE,0.0
EDB4B59B5,NIG-320,320-405,D405,IS,GB,GBP,SALES,Sales & Commercial,ACTIVE,FULL_TIME,1.0,2016-04-22,,68009.35,0.2361,TRUE,0.3321
E536CBA81,NIG-320,320-205,D205,IS,GB,GBP,FIELD,Field Service Technician,TERMINATED,FULL_TIME,1.0,2015-08-02,2024-06-30,82846.13,0.2306,FALSE,0.0
E7F883A2C,NIG-320,320-400,D400,IS,GB,GBP,ADMIN,Administration,TERMINATED,FULL_TIME,1.0,2018-09-08,2023-05-31,57853.33,0.2407,FALSE,0.0
E9ED96CB2,NIG-320,320-505,D505,IS,GB,GBP,FIN,Finance,TERMINATED,FULL_TIME,1.0,2015-06-19,2023-02-28,88565.49,0.2207,TRUE,0.2838
EB6F73F64,NIG-320,320-200,D200,IS,GB,GBP,FIELD,Field Service Technician,ACTIVE,FULL_TIME,1.0,2021-07-15,,72781.41,0.2176,FALSE,0.0
E487C2751,NIG-320,320-505,D505,IS,GB,GBP,EXEC,Executive & Leadership,ACTIVE,FULL_TIME,1.0,2015-09-20,,170573.22,0.2696,TRUE,0.2578
E71032BE7,NIG-320,320-500,D500,IS,GB,GBP,SALES,Sales & Commercial,ACTIVE,FULL_TIME,1.0,2014-09-05,,79425.94,0.1998,TRUE,0.2361
E03052707,NIG-320,320-505,D505,IS,GB,GBP,EXEC,Executive & Leadership,ACTIVE,FULL_TIME,1.0,2014-09-16,,111879.47,0.166,TRUE,0.1876
E48983A97,NIG-320,320-910,D910,IS,GB,GBP,EXEC,Executive & Leadership,ACTIVE,FULL_TIME,1.0,2020-06-22,,205057.34,0.1812,TRUE,0.0929
E03CF5774,NIG-320,320-415,D415,IS,GB,GBP,SALES,Sales & Commercial,TERMINATED,FULL_TIME,1.0,2015-02-01,2025-11-30,75808.25,0.2566,TRUE,0.0953
EE19A0654,NIG-320,320-910,D910,IS,GB,GBP,ADMIN,Administration,TERMINATED,FULL_TIME,1.0,2014-04-23,2024-07-31,40138.71,0.1898,FALSE,0.0
ED50219DB,NIG-320,320-400,D400,IS,GB,GBP,ADMIN,Administration,ACTIVE,FULL_TIME,1.0,2017-05-20,,49907.11,0.2315,FALSE,0.0
E6C353B6E,NIG-320,320-205,D205,IS,GB,GBP,FIELD,Field Service Technician,ACTIVE,FULL_TIME,1.0,2018-02-03,,49119.24,0.1764,FALSE,0.0
EF15FEDFA,NIG-320,320-415,D415,IS,GB,GBP,SALES,Sales & Commercial,ACTIVE,FULL_TIME,1.0,2021-03-08,,68105.64,0.2082,TRUE,0.2644
E1DCAB8CD,NIG-320,320-500,D500,IS,GB,GBP,EXEC,Executive & Leadership,TERMINATED,FULL_TIME,1.0,2017-07-15,2023-11-30,154755.45,0.2634,TRUE,0.1245
E3A52331C,NIG-320,320-910,D910,IS,GB,GBP,HR,Human Resources,ACTIVE,FULL_TIME,1.0,2020-09-26,,78530.37,0.2268,FALSE,0.0
E72223FBB,NIG-320,320-200,D200,IS,GB,GBP,FIELD,Field Service Technician,ACTIVE,FULL_TIME,1.0,2014-02-10,,58124.84,0.2273,FALSE,0.0
E7A8145E6,NIG-320,320-200,D200,IS,GB,GBP,FIELD,Field Service Technician,TERMINATED,FULL_TIME,1.0,2018-02-28,2026-05-31,52270.93,0.2405,FALSE,0.0
E5EB9FC8F,NIG-320,320-505,D505,IS,GB,GBP,FIN,Finance,TERMINATED,FULL_TIME,1.0,2018-07-16,2024-11-30,75157.87,0.1979,TRUE,0.2478
ED7C25C45,NIG-320,320-405,D405,IS,GB,GBP,IT,Information Technology,TERMINATED,FULL_TIME,1.0,2016-02-10,2025-06-30,109347.38,0.1813,TRUE,0.0811
E9B659A22,NIG-320,320-910,D910,IS,GB,GBP,ADMIN,Administration,ACTIVE,FULL_TIME,1.0,2015-08-29,,61573.45,0.1699,FALSE,0.0
ED8FFC88F,NIG-320,320-400,D400,IS,GB,GBP,EXEC,Executive & Leadership,ACTIVE,FULL_TIME,1.0,2018-07-19,,152943.48,0.2112,TRUE,0.1902
E4FC7ABE6,NIG-320,320-510,D510,IS,GB,GBP,SALES,Sales & Commercial,ACTIVE,FULL_TIME,1.0,2014-06-01,,94966.82,0.2632,TRUE,0.2468
E0B25D701,NIG-320,320-505,D505,IS,GB,GBP,HR,Human Resources,ACTIVE,FULL_TIME,1.0,2021-05-20,,66155.48,0.2452,FALSE,0.0
EF5F9A4B8,NIG-320,320-405,D405,IS,GB,GBP,FIN,Finance,TERMINATED,FULL_TIME,1.0,2019-08-01,2025-04-30,88757.95,0.1605,TRUE,0.1408
E47D6E83B,NIG-320,320-205,D205,IS,GB,GBP,FIELD,Field Service Technician,ACTIVE,FULL_TIME,1.0,2017-08-08,,57312.84,0.2316,FALSE,0.0
E6A2932C1,NIG-320,320-215,D215,IS,GB,GBP,QUAL,Quality & HSE,ACTIVE,FULL_TIME,1.0,2020-02-08,,63973.03,0.2013,FALSE,0.0
EB1FE0D0A,NIG-320,320-910,D910,IS,GB,GBP,SALES,Sales & Commercial,ACTIVE,FULL_TIME,1.0,2021-07-15,,69810.5,0.2689,TRUE,0.3191
EBC5ACC5E,NIG-320,320-510,D510,IS,GB,GBP,IT,Information Technology,ACTIVE,PART_TIME,0.6,2017-01-30,,86806.88,0.2674,TRUE,0.2891
EC429D721,NIG-320,320-200,D200,IS,GB,GBP,FIELD,Field Service Technician,ACTIVE,FULL_TIME,1.0,2019-11-24,,58661.73,0.1977,FALSE,0.0
E4E5426D2,NIG-320,320-405,D405,IS,GB,GBP,ADMIN,Administration,ACTIVE,FULL_TIME,1.0,2018-09-19,,58020.5,0.2301,FALSE,0.0
E522EB288,NIG-320,320-505,D505,IS,GB,GBP,IT,Information Technology,ACTIVE,FULL_TIME,1.0,2017-05-17,,90370.86,0.2531,TRUE,0.2846
E5E881B7B,NIG-320,320-215,D215,IS,GB,GBP,QUAL,Quality & HSE,ACTIVE,FULL_TIME,1.0,2014-07-18,,57943.0,0.2115,FALSE,0.0
E4E5FE771,NIG-320,320-500,D500,IS,GB,GBP,FIN,Finance,ACTIVE,FULL_TIME,1.0,2020-09-19,,59887.89,0.2596,TRUE,0.0628
E4E0E1452,NIG-320,320-405,D405,IS,GB,GBP,FIN,Finance,ACTIVE,FULL_TIME,1.0,2017-12-31,,88471.4,0.2636,TRUE,0.1737
E424A5262,NIG-320,320-415,D415,IS,GB,GBP,HR,Human Resources,ACTIVE,FULL_TIME,1.0,2015-02-11,,56016.78,0.2052,FALSE,0.0
E72FF3B05,NIG-320,320-400,D400,IS,GB,GBP,HR,Human Resources,ACTIVE,FULL_TIME,1.0,2016-04-25,,77418.66,0.27,FALSE,0.0
E6E626277,NIG-320,320-910,D910,IS,GB,GBP,HR,Human Resources,ACTIVE,FULL_TIME,1.0,2015-12-20,,71501.63,0.2014,FALSE,0.0
E49156B0B,NIG-320,320-405,D405,IS,GB,GBP,IT,Information Technology,ACTIVE,FULL_TIME,1.0,2020-03-31,,105843.83,0.2657,TRUE,0.312
E0C28CA60,NIG-320,320-405,D405,IS,GB,GBP,IT,Information Technology,ACTIVE,FULL_TIME,1.0,2014-04-06,,91832.21,0.189,TRUE,0.1609
EBC63CA63,NIG-320,320-500,D500,IS,GB,GBP,ADMIN,Administration,ACTIVE,FULL_TIME,1.0,2016-05-09,,57709.83,0.2567,FALSE,0.0
EC3D37CF7,NIG-320,320-215,D215,IS,GB,GBP,SUPPLY,Supply Chain & Warehouse,ACTIVE,FULL_TIME,1.0,2016-07-09,,48114.09,0.1662,FALSE,0.0
E28112875,NIG-320,320-215,D215,IS,GB,GBP,SUPPLY,Supply Chain & Warehouse,ACTIVE,FULL_TIME,1.0,2014-02-16,,52268.31,0.1931,FALSE,0.0
E71DA68C9,NIG-320,320-200,D200,IS,GB,GBP,FIELD,Field Service Technician,ACTIVE,FULL_TIME,1.0,2015-03-29,,78762.4,0.1757,FALSE,0.0
E2F5970AC,NIG-320,320-205,D205,IS,GB,GBP,FIELD,Field Service Technician,ACTIVE,FULL_TIME,1.0,2020-04-03,,64208.1,0.185,FALSE,0.0
E7FDF84D2,NIG-320,320-205,D205,IS,GB,GBP,FIELD,Field Service Technician,ACTIVE,FULL_TIME,1.0,2015-06-23,,74611.57,0.1986,FALSE,0.0
EB0572FFB,NIG-320,320-205,D205,IS,GB,GBP,FIELD,Field Service Technician,ACTIVE,FULL_TIME,1.0,2014-09-05,,70593.09,0.1757,FALSE,0.0
E4880D877,NIG-320,320-505,D505,IS,GB,GBP,IT,Information Technology,TERMINATED,FULL_TIME,1.0,2018-11-28,2026-06-30,119588.22,0.1817,TRUE,0.1994
E57FE17EA,NIG-320,320-200,D200,IS,GB,GBP,FIELD,Field Service Technician,ACTIVE,FULL_TIME,1.0,2014-02-19,,61079.78,0.2694,FALSE,0.0
EE90C19CA,NIG-320,320-205,D205,IS,GB,GBP,FIELD,Field Service Technician,ACTIVE,FULL_TIME,1.0,2020-02-29,,58752.92,0.2668,FALSE,0.0
EC97D0CD9,NIG-320,320-505,D505,IS,GB,GBP,SALES,Sales & Commercial,ACTIVE,PART_TIME,0.5,2018-07-06,,89100.13,0.1886,TRUE,0.0642
ED3D81F19,NIG-320,320-400,D400,IS,GB,GBP,FIN,Finance,ACTIVE,FULL_TIME,1.0,2015-03-15,,66590.46,0.2021,TRUE,0.302
EB1685718,NIG-320,320-205,D205,IS,GB,GBP,FIELD,Field Service Technician,TERMINATED,FULL_TIME,1.0,2018-07-09,2024-06-30,64024.98,0.1736,FALSE,0.0
E69A616D4,NIG-320,320-405,D405,IS,GB,GBP,HR,Human Resources,TERMINATED,FULL_TIME,1.0,2016-07-21,2025-10-31,63016.39,0.1938,FALSE,0.0
E49935974,NIG-320,320-510,D510,IS,GB,GBP,IT,Information Technology,ACTIVE,FULL_TIME,1.0,2018-03-08,,82520.31,0.257,TRUE,0.2439
E5831F283,NIG-320,320-415,D415,IS,GB,GBP,ADMIN,Administration,ACTIVE,FULL_TIME,1.0,2017-03-30,,54651.44,0.2539,FALSE,0.0
E5D741671,NIG-320,320-415,D415,IS,GB,GBP,SALES,Sales & Commercial,ACTIVE,FULL_TIME,1.0,2016-12-24,,78711.6,0.1957,TRUE,0.0576
E72E1931F,NIG-320,320-500,D500,IS,GB,GBP,EXEC,Executive & Leadership,ACTIVE,FULL_TIME,1.0,2019-07-06,,160867.3,0.1837,TRUE,0.3202
E980F4C33,NIG-320,320-205,D205,IS,GB,GBP,FIELD,Field Service Technician,TERMINATED,FULL_TIME,1.0,2015-03-16,2023-11-30,40319.8,0.223,FALSE,0.0
E5A4BE903,NIG-320,320-510,D510,IS,GB,GBP,IT,Information Technology,ACTIVE,FULL_TIME,1.0,2017-01-07,,101951.77,0.1877,TRUE,0.1183
E7F5BD3A4,NIG-320,320-400,D400,IS,GB,GBP,ADMIN,Administration,ACTIVE,FULL_TIME,1.0,2014-01-23,,49675.56,0.2218,FALSE,0.0
EF42AF602,NIG-320,320-405,D405,IS,GB,GBP,FIN,Finance,TERMINATED,FULL_TIME,1.0,2020-12-02,2024-01-31,71110.12,0.2064,TRUE,0.2723
EEB2ED2F4,NIG-320,320-415,D415,IS,GB,GBP,ADMIN,Administration,ACTIVE,FULL_TIME,1.0,2015-06-13,,49772.02,0.1714,FALSE,0.0
E52B3EB33,NIG-320,320-415,D415,IS,GB,GBP,HR,Human Resources,ACTIVE,FULL_TIME,1.0,2021-02-16,,77273.77,0.2253,FALSE,0.0
E14BC92B3,NIG-320,320-205,D205,IS,GB,GBP,FIELD,Field Service Technician,ACTIVE,FULL_TIME,1.0,2018-02-07,,71952.84,0.1658,FALSE,0.0
E868E32DB,NIG-320,320-200,D200,IS,GB,GBP,FIELD,Field Service Technician,ACTIVE,FULL_TIME,1.0,2016-11-06,,72385.48,0.1795,FALSE,0.0
EF7184C56,NIG-320,320-415,D415,IS,GB,GBP,IT,Information Technology,ACTIVE,FULL_TIME,1.0,2021-01-31,,47806.0,0.2462,TRUE,0.0838
EDCB21FC0,NIG-320,320-415,D415,IS,GB,GBP,ADMIN,Administration,ACTIVE,FULL_TIME,1.0,2017-05-25,,52600.16,0.2365,FALSE,0.0
EB16E02EF,NIG-320,320-505,D505,IS,GB,GBP,ADMIN,Administration,ACTIVE,FULL_TIME,1.0,2020-09-05,,50139.19,0.2376,FALSE,0.0
EB0766C22,NIG-320,320-505,D505,IS,GB,GBP,HR,Human Resources,ACTIVE,FULL_TIME,1.0,2017-06-20,,58629.46,0.2453,FALSE,0.0
E91C83D63,NIG-320,320-400,D400,IS,GB,GBP,FIN,Finance,TERMINATED,PART_TIME,0.8,2016-08-07,2023-03-31,63518.12,0.1627,TRUE,0.2051
E239E1442,NIG-320,320-200,D200,IS,GB,GBP,FIELD,Field Service Technician,ACTIVE,FULL_TIME,1.0,2014-09-18,,57833.91,0.2039,FALSE,0.0
E66A7B9FB,NIG-320,320-205,D205,IS,GB,GBP,FIELD,Field Service Technician,ACTIVE,FULL_TIME,1.0,2017-06-29,,47797.33,0.2388,FALSE,0.0
E6DA444E9,NIG-320,320-910,D910,IS,GB,GBP,ADMIN,Administration,ACTIVE,FULL_TIME,1.0,2015-06-09,,44870.83,0.2317,FALSE,0.0
E0F56B98E,NIG-320,320-500,D500,IS,GB,GBP,FIN,Finance,ACTIVE,FULL_TIME,1.0,2015-05-16,,77437.96,0.2161,TRUE,0.225
E3A3267E8,NIG-320,320-405,D405,IS,GB,GBP,SALES,Sales & Commercial,ACTIVE,FULL_TIME,1.0,2018-10-13,,83196.75,0.1712,TRUE,0.1786
E1F71AAD1,NIG-320,320-505,D505,IS,GB,GBP,IT,Information Technology,ACTIVE,FULL_TIME,1.0,2015-07-04,,89412.83,0.2179,TRUE,0.1862
E7CEBDDFF,NIG-320,320-910,D910,IS,GB,GBP,HR,Human Resources,ACTIVE,FULL_TIME,1.0,2020-04-01,,55982.14,0.2298,FALSE,0.0
E5E332E29,NIG-320,320-405,D405,IS,GB,GBP,ADMIN,Administration,ACTIVE,FULL_TIME,1.0,2015-11-21,,58197.38,0.1837,FALSE,0.0
E5278B474,NIG-320,320-510,D510,IS,GB,GBP,HR,Human Resources,TERMINATED,FULL_TIME,1.0,2015-11-04,2026-03-31,54291.06,0.1962,FALSE,0.0
E01DF8081,NIG-320,320-400,D400,IS,GB,GBP,IT,Information Technology,TERMINATED,FULL_TIME,1.0,2018-06-16,2026-04-30,69303.9,0.21,TRUE,0.2002
EE9976B67,NIG-320,320-400,D400,IS,GB,GBP,IT,Information Technology,ACTIVE,FULL_TIME,1.0,2018-10-20,,48340.38,0.1973,TRUE,0.3113
E1BE60623,NIG-320,320-505,D505,IS,GB,GBP,FIN,Finance,ACTIVE,FULL_TIME,1.0,2020-04-26,,64123.79,0.2605,TRUE,0.2074
E597ED448,NIG-320,320-215,D215,IS,GB,GBP,SUPPLY,Supply Chain & Warehouse,ACTIVE,FULL_TIME,1.0,2021-03-04,,66425.48,0.2284,FALSE,0.0
EE1385D21,NIG-320,320-415,D415,IS,GB,GBP,FIN,Finance,ACTIVE,FULL_TIME,1.0,2020-12-04,,88283.92,0.2396,TRUE,0.3087
EB0B17EED,NIG-320,320-200,D200,IS,GB,GBP,FIELD,Field Service Technician,ACTIVE,FULL_TIME,1.0,2017-01-05,,57520.1,0.2624,FALSE,0.0
EC0102094,NIG-320,320-500,D500,IS,GB,GBP,HR,Human Resources,ACTIVE,FULL_TIME,1.0,2015-09-10,,63476.87,0.1716,FALSE,0.0
EB18CB76B,NIG-320,320-400,D400,IS,GB,GBP,ADMIN,Administration,ACTIVE,FULL_TIME,1.0,2019-09-21,,57339.9,0.225,FALSE,0.0
E360B7539,NIG-320,320-510,D510,IS,GB,GBP,ADMIN,Administration,ACTIVE,FULL_TIME,1.0,2016-12-18,,48594.13,0.241,FALSE,0.0
ECE00C8E8,NIG-320,320-910,D910,IS,GB,GBP,ADMIN,Administration,ACTIVE,FULL_TIME,1.0,2015-11-20,,48535.71,0.2418,FALSE,0.0
EC2292FC1,NIG-320,320-510,D510,IS,GB,GBP,HR,Human Resources,ACTIVE,FULL_TIME,1.0,2014-05-19,,62006.93,0.2386,FALSE,0.0
EE07B6BE4,NIG-320,320-415,D415,IS,GB,GBP,FIN,Finance,ACTIVE,FULL_TIME,1.0,2016-12-18,,78045.97,0.1695,TRUE,0.2692
E70F75230,NIG-320,320-215,D215,IS,GB,GBP,SUPPLY,Supply Chain & Warehouse,ACTIVE,FULL_TIME,1.0,2014-10-02,,68801.95,0.2476,FALSE,0.0
E4221BCCF,NIG-320,320-505,D505,IS,GB,GBP,SALES,Sales & Commercial,ACTIVE,FULL_TIME,1.0,2014-09-20,,71596.05,0.1961,TRUE,0.2708
ED4E70713,NIG-320,320-415,D415,IS,GB,GBP,SALES,Sales & Commercial,ACTIVE,FULL_TIME,1.0,2014-12-19,,66817.12,0.2324,TRUE,0.3075
E695059B1,NIG-320,320-405,D405,IS,GB,GBP,IT,Information Technology,ACTIVE,FULL_TIME,1.0,2020-12-15,,106202.38,0.2022,TRUE,0.3118
EF55B38B7,NIG-320,320-510,D510,IS,GB,GBP,HR,Human Resources,ACTIVE,FULL_TIME,1.0,2017-01-28,,74188.19,0.2443,FALSE,0.0
E5831B131,NIG-320,320-200,D200,IS,GB,GBP,FIELD,Field Service Technician,TERMINATED,PART_TIME,0.6,2015-05-27,2023-02-28,49193.01,0.1652,FALSE,0.0
E3F626E4A,NIG-320,320-910,D910,IS,GB,GBP,IT,Information Technology,TERMINATED,FULL_TIME,1.0,2016-06-20,2026-03-31,97839.62,0.2085,TRUE,0.3067
EFC08C0E8,NIG-320,320-910,D910,IS,GB,GBP,EXEC,Executive & Leadership,ACTIVE,FULL_TIME,1.0,2015-08-27,,188022.73,0.1795,TRUE,0.1594
E852D6202,NIG-320,320-205,D205,IS,GB,GBP,FIELD,Field Service Technician,ACTIVE,FULL_TIME,1.0,2021-05-04,,45482.08,0.2422,FALSE,0.0
E56869E14,NIG-320,320-205,D205,IS,GB,GBP,FIELD,Field Service Technician,TERMINATED,FULL_TIME,1.0,2017-11-02,2026-03-31,88833.45,0.2613,FALSE,0.0
E5520AEBB,NIG-320,320-415,D415,IS,GB,GBP,IT,Information Technology,ACTIVE,FULL_TIME,1.0,2015-11-14,,96501.22,0.2659,TRUE,0.3478
E3D1DB1FB,NIG-320,320-910,D910,IS,GB,GBP,IT,Information Technology,ACTIVE,FULL_TIME,1.0,2014-06-03,,83162.17,0.2568,TRUE,0.3463
E436F0EE5,NIG-320,320-505,D505,IS,GB,GBP,HR,Human Resources,ACTIVE,FULL_TIME,1.0,2019-01-05,,61250.04,0.2001,FALSE,0.0
EA7C60418,NIG-320,320-910,D910,IS,GB,GBP,EXEC,Executive & Leadership,ACTIVE,FULL_TIME,1.0,2018-11-02,,126551.91,0.2591,TRUE,0.1607
EF8A3C236,NIG-320,320-215,D215,IS,GB,GBP,QUAL,Quality & HSE,ACTIVE,FULL_TIME,1.0,2019-01-15,,66989.94,0.2144,FALSE,0.0
E4104A533,NIG-320,320-500,D500,IS,GB,GBP,EXEC,Executive & Leadership,ACTIVE,FULL_TIME,1.0,2018-08-26,,170267.88,0.2367,TRUE,0.2697
EC1BDCF4E,NIG-320,320-500,D500,IS,GB,GBP,IT,Information Technology,ACTIVE,PART_TIME,0.5,2019-10-31,,113982.01,0.24,TRUE,0.2879
E35C490A1,NIG-320,320-200,D200,IS,GB,GBP,FIELD,Field Service Technician,ACTIVE,FULL_TIME,1.0,2017-10-04,,69599.3,0.2029,FALSE,0.0
E094D9240,NIG-320,320-415,D415,IS,GB,GBP,IT,Information Technology,TERMINATED,FULL_TIME,1.0,2018-06-23,2024-10-31,91783.53,0.2629,TRUE,0.166
E52B0F6BA,NIG-320,320-510,D510,IS,GB,GBP,FIN,Finance,ACTIVE,FULL_TIME,1.0,2015-02-26,,88444.77,0.1608,TRUE,0.0519
E84464BB3,NIG-320,320-910,D910,IS,GB,GBP,EXEC,Executive & Leadership,ACTIVE,FULL_TIME,1.0,2016-01-27,,165735.22,0.206,TRUE,0.0625
EAA8BF2E2,NIG-320,320-505,D505,IS,GB,GBP,SALES,Sales & Commercial,TERMINATED,FULL_TIME,1.0,2020-10-28,2024-02-29,60808.09,0.2033,TRUE,0.0752
E8BE27D2F,NIG-320,320-415,D415,IS,GB,GBP,HR,Human Resources,ACTIVE,FULL_TIME,1.0,2014-05-02,,70592.53,0.2682,FALSE,0.0
EA666CE5B,NIG-320,320-205,D205,IS,GB,GBP,FIELD,Field Service Technician,ACTIVE,FULL_TIME,1.0,2018-01-05,,60286.72,0.1729,FALSE,0.0
ECFE24D7D,NIG-320,320-405,D405,IS,GB,GBP,EXEC,Executive & Leadership,ACTIVE,FULL_TIME,1.0,2019-11-02,,92455.0,0.1932,TRUE,0.0522
EE13D07FC,NIG-320,320-200,D200,IS,GB,GBP,FIELD,Field Service Technician,ACTIVE,PART_TIME,0.6,2017-08-21,,50605.85,0.1605,FALSE,0.0
EE8C015E8,NIG-320,320-215,D215,IS,GB,GBP,SUPPLY,Supply Chain & Warehouse,TERMINATED,FULL_TIME,1.0,2019-08-13,2025-05-31,52669.76,0.1861,FALSE,0.0
E510276DC,NIG-320,320-205,D205,IS,GB,GBP,FIELD,Field Service Technician,ACTIVE,FULL_TIME,1.0,2014-12-31,,51733.93,0.2619,FALSE,0.0
E9C1D7886,NIG-320,320-400,D400,IS,GB,GBP,HR,Human Resources,ACTIVE,FULL_TIME,1.0,2014-05-30,,65703.14,0.2587,FALSE,0.0
E7A80F230,NIG-320,320-205,D205,IS,GB,GBP,FIELD,Field Service Technician,ACTIVE,FULL_TIME,1.0,2019-05-18,,67999.93,0.2635,FALSE,0.0
E1CAFE901,NIG-320,320-910,D910,IS,GB,GBP,IT,Information Technology,ACTIVE,FULL_TIME,1.0,2020-08-25,,94319.83,0.2597,TRUE,0.0841
EA68F1EBC,NIG-320,320-510,D510,IS,GB,GBP,SALES,Sales & Commercial,TERMINATED,FULL_TIME,1.0,2014-08-22,2024-03-31,67422.27,0.2657,TRUE,0.1307
EC30C0866,NIG-320,320-505,D505,IS,GB,GBP,IT,Information Technology,ACTIVE,FULL_TIME,1.0,2018-08-26,,81173.7,0.1965,TRUE,0.3075
EFA459C87,NIG-320,320-405,D405,IS,GB,GBP,EXEC,Executive & Leadership,ACTIVE,FULL_TIME,1.0,2018-03-09,,181422.18,0.1907,TRUE,0.2105
E5199DF12,NIG-320,320-215,D215,IS,GB,GBP,SUPPLY,Supply Chain & Warehouse,ACTIVE,FULL_TIME,1.0,2018-03-18,,60077.11,0.2669,FALSE,0.0
EF6037876,NIG-320,320-215,D215,IS,GB,GBP,QUAL,Quality & HSE,ACTIVE,FULL_TIME,1.0,2016-06-27,,64018.6,0.1734,FALSE,0.0
EA072FC7C,NIG-320,320-910,D910,IS,GB,GBP,FIN,Finance,TERMINATED,FULL_TIME,1.0,2021-06-28,2025-10-31,78885.6,0.2027,TRUE,0.2855
E395B6DF6,NIG-320,320-415,D415,IS,GB,GBP,ADMIN,Administration,ACTIVE,FULL_TIME,1.0,2014-04-28,,53249.13,0.2543,FALSE,0.0
E027B7B30,NIG-320,320-510,D510,IS,GB,GBP,FIN,Finance,ACTIVE,FULL_TIME,1.0,2021-07-14,,79456.07,0.1785,TRUE,0.3396
ECCD8569E,NIG-320,320-910,D910,IS,GB,GBP,IT,Information Technology,ACTIVE,FULL_TIME,1.0,2016-01-11,,62491.3,0.1988,TRUE,0.282
E57DB1219,NIG-320,320-405,D405,IS,GB,GBP,IT,Information Technology,ACTIVE,FULL_TIME,1.0,2016-03-26,,105211.72,0.2094,TRUE,0.154
E5BBEEB78,NIG-320,320-415,D415,IS,GB,GBP,HR,Human Resources,TERMINATED,FULL_TIME,1.0,2014-08-07,2025-12-31,71834.95,0.2427,FALSE,0.0
E2BEA5598,NIG-320,320-200,D200,IS,GB,GBP,FIELD,Field Service Technician,ACTIVE,FULL_TIME,1.0,2017-04-17,,90892.99,0.1769,FALSE,0.0
E223F681D,NIG-320,320-215,D215,IS,GB,GBP,SUPPLY,Supply Chain & Warehouse,ACTIVE,FULL_TIME,1.0,2017-07-15,,50933.66,0.2532,FALSE,0.0
E31216000,NIG-320,320-505,D505,IS,GB,GBP,EXEC,Executive & Leadership,ACTIVE,FULL_TIME,1.0,2014-11-27,,131435.1,0.1919,TRUE,0.2561
E571CFA9B,NIG-320,320-910,D910,IS,GB,GBP,FIN,Finance,TERMINATED,FULL_TIME,1.0,2021-02-09,2023-12-31,64906.14,0.2573,TRUE,0.1687
EC0CE8086,NIG-320,320-205,D205,IS,GB,GBP,FIELD,Field Service Technician,ACTIVE,FULL_TIME,1.0,2017-09-17,,78534.65,0.1776,FALSE,0.0
E4C3151C2,NIG-320,320-200,D200,IS,GB,GBP,FIELD,Field Service Technician,TERMINATED,PART_TIME,0.8,2021-05-05,2023-04-30,70996.44,0.1795,FALSE,0.0
E30D89F1D,NIG-320,320-415,D415,IS,GB,GBP,ADMIN,Administration,ACTIVE,FULL_TIME,1.0,2016-12-29,,48645.39,0.2294,FALSE,0.0
EDD12F666,NIG-320,320-405,D405,IS,GB,GBP,SALES,Sales & Commercial,ACTIVE,FULL_TIME,1.0,2015-10-24,,71075.01,0.2395,TRUE,0.2819
E74296A9C,NIG-320,320-205,D205,IS,GB,GBP,FIELD,Field Service Technician,ACTIVE,FULL_TIME,1.0,2015-09-16,,66148.14,0.1936,FALSE,0.0
E6F02C09B,NIG-320,320-400,D400,IS,GB,GBP,EXEC,Executive & Leadership,ACTIVE,FULL_TIME,1.0,2014-07-10,,201284.26,0.2554,TRUE,0.3242
E3815E7FA,NIG-320,320-510,D510,IS,GB,GBP,EXEC,Executive & Leadership,ACTIVE,PART_TIME,0.8,2015-01-15,,191873.91,0.2605,TRUE,0.2019
EDA094CDB,NIG-320,320-505,D505,IS,GB,GBP,EXEC,Executive & Leadership,ACTIVE,FULL_TIME,1.0,2014-03-19,,176447.41,0.1663,TRUE,0.2537
EA09E6267,NIG-320,320-200,D200,IS,GB,GBP,FIELD,Field Service Technician,ACTIVE,FULL_TIME,1.0,2017-08-29,,92961.48,0.1735,FALSE,0.0
ECAB41113,NIG-320,320-415,D415,IS,GB,GBP,SALES,Sales & Commercial,ACTIVE,FULL_TIME,1.0,2014-12-23,,65838.71,0.2648,TRUE,0.2867
E90202659,NIG-320,320-505,D505,IS,GB,GBP,FIN,Finance,ACTIVE,FULL_TIME,1.0,2015-10-01,,75657.09,0.2651,TRUE,0.112
E740AC91D,NIG-320,320-400,D400,IS,GB,GBP,SALES,Sales & Commercial,ACTIVE,FULL_TIME,1.0,2016-08-12,,93064.06,0.2116,TRUE,0.1183
E036E9D67,NIG-320,320-510,D510,IS,GB,GBP,SALES,Sales & Commercial,ACTIVE,FULL_TIME,1.0,2016-01-20,,92953.69,0.2242,TRUE,0.2255
E7B2C288A,NIG-320,320-910,D910,IS,GB,GBP,FIN,Finance,ACTIVE,FULL_TIME,1.0,2016-08-21,,69905.11,0.1909,TRUE,0.2712
E60A8DF2D,NIG-320,320-200,D200,IS,GB,GBP,FIELD,Field Service Technician,ACTIVE,FULL_TIME,1.0,2017-01-13,,61025.22,0.1615,FALSE,0.0
E59F63032,NIG-320,320-910,D910,IS,GB,GBP,FIN,Finance,ACTIVE,FULL_TIME,1.0,2020-11-06,,74717.26,0.2544,TRUE,0.1472
E9C269170,NIG-320,320-400,D400,IS,GB,GBP,ADMIN,Administration,ACTIVE,FULL_TIME,1.0,2017-02-08,,28359.29,0.1993,FALSE,0.0
EB78B6971,NIG-320,320-505,D505,IS,GB,GBP,FIN,Finance,ACTIVE,PART_TIME,0.8,2016-09-29,,90164.82,0.1923,TRUE,0.2586
ED5E0CB05,NIG-320,320-215,D215,IS,GB,GBP,QUAL,Quality & HSE,ACTIVE,FULL_TIME,1.0,2016-06-30,,62924.08,0.268,FALSE,0.0
ECC7E9453,NIG-320,320-400,D400,IS,GB,GBP,SALES,Sales & Commercial,ACTIVE,FULL_TIME,1.0,2021-04-30,,80218.64,0.2527,TRUE,0.3265
E421E7894,NIG-320,320-500,D500,IS,GB,GBP,ADMIN,Administration,TERMINATED,FULL_TIME,1.0,2013-12-26,2023-03-31,44574.06,0.2546,FALSE,0.0
E98BABCE3,NIG-320,320-505,D505,IS,GB,GBP,FIN,Finance,ACTIVE,FULL_TIME,1.0,2015-01-30,,102649.88,0.1876,TRUE,0.0534
EBC194F64,NIG-320,320-205,D205,IS,GB,GBP,FIELD,Field Service Technician,ACTIVE,FULL_TIME,1.0,2014-07-10,,63648.91,0.1831,FALSE,0.0
E004E4158,NIG-320,320-215,D215,IS,GB,GBP,QUAL,Quality & HSE,TERMINATED,PART_TIME,0.5,2019-12-13,2024-08-31,56437.38,0.2111,FALSE,0.0
E4D581B5B,NIG-320,320-415,D415,IS,GB,GBP,HR,Human Resources,TERMINATED,FULL_TIME,1.0,2019-10-29,2026-01-31,72501.51,0.1854,FALSE,0.0
EBCAF6AE8,NIG-320,320-500,D500,IS,GB,GBP,EXEC,Executive & Leadership,ACTIVE,FULL_TIME,1.0,2016-07-31,,179922.62,0.1871,TRUE,0.3198
E98D3CAD3,NIG-320,320-505,D505,IS,GB,GBP,EXEC,Executive & Leadership,ACTIVE,FULL_TIME,1.0,2016-04-21,,188819.99,0.2122,TRUE,0.2584
EDD80D99E,NIG-320,320-205,D205,IS,GB,GBP,FIELD,Field Service Technician,TERMINATED,FULL_TIME,1.0,2016-03-28,2023-06-30,54386.2,0.2512,FALSE,0.0
E374CC585,NIG-320,320-910,D910,IS,GB,GBP,FIN,Finance,ACTIVE,PART_TIME,0.8,2021-07-02,,82252.98,0.1715,TRUE,0.1906
E960E0CD3,NIG-320,320-200,D200,IS,GB,GBP,FIELD,Field Service Technician,ACTIVE,FULL_TIME,1.0,2017-07-08,,59863.18,0.2163,FALSE,0.0
EC877F55F,NIG-320,320-500,D500,IS,GB,GBP,EXEC,Executive & Leadership,ACTIVE,FULL_TIME,1.0,2016-12-22,,145795.52,0.2564,TRUE,0.1157
E5450E96B,NIG-320,320-910,D910,IS,GB,GBP,EXEC,Executive & Leadership,TERMINATED,FULL_TIME,1.0,2020-06-27,2025-02-28,179466.11,0.2052,TRUE,0.1707
EBE3A5B41,NIG-320,320-405,D405,IS,GB,GBP,IT,Information Technology,ACTIVE,PART_TIME,0.8,2014-12-14,,97133.36,0.2542,TRUE,0.2815
E5AFE911A,NIG-320,320-415,D415,IS,GB,GBP,FIN,Finance,ACTIVE,FULL_TIME,1.0,2019-12-10,,100508.78,0.1626,TRUE,0.1835
E0E922126,NIG-320,320-910,D910,IS,GB,GBP,IT,Information Technology,ACTIVE,FULL_TIME,1.0,2014-08-21,,118432.68,0.2565,TRUE,0.1649
E09A4A0AD,NIG-320,320-500,D500,IS,GB,GBP,IT,Information Technology,ACTIVE,FULL_TIME,1.0,2019-12-19,,107995.57,0.2238,TRUE,0.148
EB04E881B,NIG-320,320-205,D205,IS,GB,GBP,FIELD,Field Service Technician,ACTIVE,PART_TIME,0.5,2017-06-22,,71620.39,0.2615,FALSE,0.0
E82C5EFE7,NIG-320,320-400,D400,IS,GB,GBP,ADMIN,Administration,ACTIVE,FULL_TIME,1.0,2023-02-10,,57747.37,0.2482,FALSE,0.0
E12EFBF13,NIG-320,320-205,D205,IS,GB,GBP,FIELD,Field Service Technician,ACTIVE,FULL_TIME,1.0,2023-03-23,,62602.39,0.2431,FALSE,0.0
E2A936B9E,NIG-320,320-415,D415,IS,GB,GBP,HR,Human Resources,ACTIVE,FULL_TIME,1.0,2023-03-23,,55175.04,0.1989,FALSE,0.0
EA329FF54,NIG-320,320-200,D200,IS,GB,GBP,FIELD,Field Service Technician,ACTIVE,FULL_TIME,1.0,2023-04-03,,45180.16,0.2249,FALSE,0.0
EE619D3AF,NIG-320,320-200,D200,IS,GB,GBP,FIELD,Field Service Technician,ACTIVE,FULL_TIME,1.0,2023-04-06,,52695.91,0.2544,FALSE,0.0
EF894C360,NIG-320,320-910,D910,IS,GB,GBP,EXEC,Executive & Leadership,ACTIVE,FULL_TIME,1.0,2023-05-05,,183070.69,0.1843,TRUE,0.1584
E280DBB38,NIG-320,320-205,D205,IS,GB,GBP,FIELD,Field Service Technician,ACTIVE,FULL_TIME,1.0,2023-06-07,,81909.82,0.2652,FALSE,0.0
E194A95B4,NIG-320,320-405,D405,IS,GB,GBP,FIN,Finance,ACTIVE,FULL_TIME,1.0,2023-06-17,,75966.89,0.201,TRUE,0.2806
E9E4E370E,NIG-320,320-500,D500,IS,GB,GBP,EXEC,Executive & Leadership,ACTIVE,FULL_TIME,1.0,2023-07-28,,242761.56,0.2298,TRUE,0.3238
E313591B3,NIG-320,320-505,D505,IS,GB,GBP,FIN,Finance,ACTIVE,FULL_TIME,1.0,2023-07-17,,50103.7,0.2263,TRUE,0.1899
E214E2CCA,NIG-320,320-200,D200,IS,GB,GBP,FIELD,Field Service Technician,TERMINATED,FULL_TIME,1.0,2023-08-29,2025-08-31,51037.94,0.2567,FALSE,0.0
E65C37F04,NIG-320,320-205,D205,IS,GB,GBP,FIELD,Field Service Technician,ACTIVE,FULL_TIME,1.0,2023-09-14,,78777.17,0.2603,FALSE,0.0
EAFF3DC12,NIG-320,320-205,D205,IS,GB,GBP,FIELD,Field Service Technician,ACTIVE,FULL_TIME,1.0,2023-09-28,,67040.63,0.1663,FALSE,0.0
ED67B57A6,NIG-320,320-205,D205,IS,GB,GBP,FIELD,Field Service Technician,ACTIVE,FULL_TIME,1.0,2023-10-07,,75670.72,0.2423,FALSE,0.0
ED009229E,NIG-320,320-415,D415,IS,GB,GBP,EXEC,Executive & Leadership,ACTIVE,FULL_TIME,1.0,2023-10-29,,203367.5,0.2653,TRUE,0.2318
E9FFDB44A,NIG-320,320-205,D205,IS,GB,GBP,FIELD,Field Service Technician,ACTIVE,FULL_TIME,1.0,2023-11-01,,50311.9,0.2597,FALSE,0.0
EBBBBB27A,NIG-320,320-505,D505,IS,GB,GBP,SALES,Sales & Commercial,TERMINATED,FULL_TIME,1.0,2023-12-25,2026-01-31,92295.01,0.2013,TRUE,0.0772
E1ACB9BB9,NIG-320,320-200,D200,IS,GB,GBP,FIELD,Field Service Technician,TERMINATED,FULL_TIME,1.0,2023-12-17,2025-07-31,60878.84,0.1966,FALSE,0.0
EAE1DEA97,NIG-320,320-400,D400,IS,GB,GBP,SALES,Sales & Commercial,ACTIVE,FULL_TIME,1.0,2024-01-11,,74366.75,0.2522,TRUE,0.342
E442EF846,NIG-320,320-205,D205,IS,GB,GBP,FIELD,Field Service Technician,ACTIVE,FULL_TIME,1.0,2024-02-23,,83939.71,0.2488,FALSE,0.0
E82009518,NIG-320,320-505,D505,IS,GB,GBP,ADMIN,Administration,TERMINATED,FULL_TIME,1.0,2024-03-22,2026-06-30,49299.15,0.2049,FALSE,0.0
EA2AEC16F,NIG-320,320-500,D500,IS,GB,GBP,FIN,Finance,ACTIVE,FULL_TIME,1.0,2024-03-13,,101073.27,0.1752,TRUE,0.1313
EA8370B08,NIG-320,320-500,D500,IS,GB,GBP,SALES,Sales & Commercial,ACTIVE,FULL_TIME,1.0,2024-04-16,,105024.75,0.1691,TRUE,0.191
EC3341C12,NIG-320,320-215,D215,IS,GB,GBP,QUAL,Quality & HSE,TERMINATED,FULL_TIME,1.0,2024-05-06,2025-02-28,39121.25,0.2581,FALSE,0.0
ED2845AC8,NIG-320,320-215,D215,IS,GB,GBP,SUPPLY,Supply Chain & Warehouse,ACTIVE,FULL_TIME,1.0,2024-06-23,,52508.77,0.2438,FALSE,0.0
EE48BA168,NIG-320,320-405,D405,IS,GB,GBP,SALES,Sales & Commercial,ACTIVE,FULL_TIME,1.0,2024-07-08,,97577.43,0.1824,TRUE,0.1743
E97E464BD,NIG-320,320-910,D910,IS,GB,GBP,IT,Information Technology,TERMINATED,FULL_TIME,1.0,2024-08-01,2024-08-31,89684.19,0.1854,TRUE,0.2431
E275DBEA5,NIG-320,320-505,D505,IS,GB,GBP,FIN,Finance,ACTIVE,FULL_TIME,1.0,2024-08-30,,108016.01,0.1708,TRUE,0.1101
E6C378B65,NIG-320,320-205,D205,IS,GB,GBP,FIELD,Field Service Technician,ACTIVE,PART_TIME,0.8,2024-09-11,,70920.27,0.1701,FALSE,0.0
E4118F042,NIG-320,320-400,D400,IS,GB,GBP,FIN,Finance,TERMINATED,FULL_TIME,1.0,2024-10-31,2025-07-31,79319.93,0.2066,TRUE,0.3037
E6A1CC97D,NIG-320,320-415,D415,IS,GB,GBP,IT,Information Technology,ACTIVE,FULL_TIME,1.0,2024-11-17,,69799.47,0.2414,TRUE,0.2608
E0CDFEA6C,NIG-320,320-510,D510,IS,GB,GBP,ADMIN,Administration,ACTIVE,FULL_TIME,1.0,2024-12-29,,58085.0,0.2463,FALSE,0.0
E8B4273D4,NIG-320,320-910,D910,IS,GB,GBP,FIN,Finance,ACTIVE,FULL_TIME,1.0,2024-12-07,,73519.77,0.1909,TRUE,0.1562
ECA58CDC4,NIG-320,320-910,D910,IS,GB,GBP,HR,Human Resources,ACTIVE,FULL_TIME,1.0,2025-02-15,,64419.0,0.2106,FALSE,0.0
E3101DA85,NIG-320,320-910,D910,IS,GB,GBP,IT,Information Technology,ACTIVE,FULL_TIME,1.0,2025-04-08,,59343.27,0.2171,TRUE,0.3221
E68C0FEF8,NIG-320,320-415,D415,IS,GB,GBP,HR,Human Resources,TERMINATED,PART_TIME,0.5,2025-05-11,2025-07-31,61042.0,0.1781,FALSE,0.0
E0A9E6152,NIG-320,320-215,D215,IS,GB,GBP,QUAL,Quality & HSE,TERMINATED,FULL_TIME,1.0,2025-07-10,2025-09-30,70496.38,0.1882,FALSE,0.0
E0AB7AA56,NIG-320,320-205,D205,IS,GB,GBP,FIELD,Field Service Technician,ACTIVE,PART_TIME,0.5,2025-08-16,,54583.29,0.2438,FALSE,0.0
E9CA606DB,NIG-320,320-910,D910,IS,GB,GBP,SALES,Sales & Commercial,TERMINATED,FULL_TIME,1.0,2025-10-01,2026-04-30,84945.4,0.1663,TRUE,0.1802
E23DF5CE2,NIG-320,320-205,D205,IS,GB,GBP,FIELD,Field Service Technician,ACTIVE,FULL_TIME,1.0,2025-11-07,,48186.7,0.2577,FALSE,0.0
E707F013E,NIG-320,320-500,D500,IS,GB,GBP,EXEC,Executive & Leadership,ACTIVE,FULL_TIME,1.0,2024-07-14,,166527.93,0.2344,TRUE,0.0603
E845443FF,NIG-320,320-505,D505,IS,GB,GBP,EXEC,Executive & Leadership,ACTIVE,FULL_TIME,1.0,2025-07-01,,194339.87,0.2057,TRUE,0.1637
E6DE24FFF,NIG-320,320-910,D910,IS,GB,GBP,HR,Human Resources,ACTIVE,FULL_TIME,1.0,2025-03-12,,72089.2,0.2683,FALSE,0.0
E0C29B0E3,NIG-320,320-215,D215,IS,GB,GBP,SUPPLY,Supply Chain & Warehouse,ACTIVE,FULL_TIME,1.0,2024-04-09,,42259.68,0.1659,FALSE,0.0
EBD0C7BC8,NIG-320,320-405,D405,IS,GB,GBP,FIN,Finance,ACTIVE,FULL_TIME,1.0,2024-08-11,,72365.4,0.2027,TRUE,0.1288
E931916BB,NIG-320,320-500,D500,IS,GB,GBP,FIN,Finance,ACTIVE,FULL_TIME,1.0,2023-12-18,,73630.36,0.2263,TRUE,0.3126
EAEC8EE37,NIG-320,320-415,D415,IS,GB,GBP,SALES,Sales & Commercial,ACTIVE,FULL_TIME,1.0,2025-11-02,,65234.04,0.1688,TRUE,0.1617
E1A8DE1AA,NIG-320,320-415,D415,IS,GB,GBP,IT,Information Technology,ACTIVE,FULL_TIME,1.0,2025-11-04,,90209.87,0.2183,TRUE,0.2969
E3C7CBAE5,NIG-320,320-400,D400,IS,GB,GBP,ADMIN,Administration,ACTIVE,FULL_TIME,1.0,2026-01-02,,49950.89,0.2586,FALSE,0.0
E584493BE,NIG-320,320-205,D205,IS,GB,GBP,FIELD,Field Service Technician,ACTIVE,FULL_TIME,1.0,2026-02-15,,49927.72,0.1971,FALSE,0.0
E865530CC,NIG-320,320-215,D215,IS,GB,GBP,SUPPLY,Supply Chain & Warehouse,ACTIVE,FULL_TIME,1.0,2026-04-07,,47838.79,0.2455,FALSE,0.0
E0E628592,NIG-320,320-205,D205,IS,GB,GBP,FIELD,Field Service Technician,ACTIVE,FULL_TIME,1.0,2023-04-02,,76317.83,0.176,FALSE,0.0
E52EBED72,NIG-320,320-500,D500,IS,GB,GBP,HR,Human Resources,ACTIVE,FULL_TIME,1.0,2025-06-04,,61016.07,0.1889,FALSE,0.0
E604C8155,NIG-320,320-400,D400,IS,GB,GBP,SALES,Sales & Commercial,ACTIVE,FULL_TIME,1.0,2024-09-09,,64050.69,0.2132,TRUE,0.3323
E91444677,NIG-320,320-200,D200,IS,GB,GBP,FIELD,Field Service Technician,ACTIVE,FULL_TIME,1.0,2026-05-08,,69990.42,0.2428,FALSE,0.0
E05B09A7C,NIG-320,320-510,D510,IS,GB,GBP,HR,Human Resources,ACTIVE,FULL_TIME,1.0,2025-03-01,,51233.14,0.1812,FALSE,0.0
E4A2B63E1,NIG-320,320-405,D405,IS,GB,GBP,IT,Information Technology,ACTIVE,FULL_TIME,1.0,2024-02-16,,102934.97,0.1955,TRUE,0.1914
EFC438C03,NIG-320,320-415,D415,IS,GB,GBP,ADMIN,Administration,ACTIVE,FULL_TIME,1.0,2024-07-11,,57213.44,0.1772,FALSE,0.0
E5C41E7FC,NIG-320,320-505,D505,IS,GB,GBP,EXEC,Executive & Leadership,ACTIVE,FULL_TIME,1.0,2024-01-15,,166691.69,0.2375,TRUE,0.3344
EB07DAD85,NIG-320,320-910,D910,IS,GB,GBP,IT,Information Technology,ACTIVE,FULL_TIME,1.0,2025-10-20,,92383.68,0.2533,TRUE,0.2361
EC6D2571F,NIG-320,320-215,D215,IS,GB,GBP,QUAL,Quality & HSE,ACTIVE,FULL_TIME,1.0,2024-09-15,,56882.41,0.2247,FALSE,0.0
EF145136A,NIG-320,320-405,D405,IS,GB,GBP,SALES,Sales & Commercial,ACTIVE,FULL_TIME,1.0,2025-08-05,,87563.46,0.2085,TRUE,0.1167
E26838609,NIG-320,320-215,D215,IS,GB,GBP,QUAL,Quality & HSE,ACTIVE,PART_TIME,0.6,2023-07-09,,73379.09,0.2072,FALSE,0.0
E8B7FE678,NIG-320,320-205,D205,IS,GB,GBP,FIELD,Field Service Technician,ACTIVE,FULL_TIME,1.0,2025-05-17,,62854.85,0.1653,FALSE,0.0
E01CA1C6C,NIG-320,320-200,D200,IS,GB,GBP,FIELD,Field Service Technician,ACTIVE,FULL_TIME,1.0,2026-07-07,,58017.15,0.1813,FALSE,0.0
E1000A113,NIG-320,320-510,D510,IS,GB,GBP,IT,Information Technology,ACTIVE,FULL_TIME,1.0,2023-04-11,,81219.63,0.1639,TRUE,0.165
E69560D55,NIG-320,320-910,D910,IS,GB,GBP,SALES,Sales & Commercial,ACTIVE,FULL_TIME,1.0,2026-05-10,,78649.12,0.2087,TRUE,0.2297
EC56890C3,NIG-320,320-510,D510,IS,GB,GBP,EXEC,Executive & Leadership,ACTIVE,FULL_TIME,1.0,2026-07-14,,212046.67,0.2123,TRUE,0.3181
E0DF0EE75,NIG-320,320-215,D215,IS,GB,GBP,QUAL,Quality & HSE,ACTIVE,FULL_TIME,1.0,2023-12-08,,66576.48,0.2294,FALSE,0.0
E9747A368,NIG-320,320-505,D505,IS,GB,GBP,ADMIN,Administration,ACTIVE,FULL_TIME,1.0,2023-06-18,,39630.28,0.1744,FALSE,0.0
ECAC87805,NIG-320,320-205,D205,IS,GB,GBP,FIELD,Field Service Technician,ACTIVE,FULL_TIME,1.0,2025-08-02,,68885.61,0.1853,FALSE,0.0
ECDE8B202,NIG-320,320-405,D405,IS,GB,GBP,ADMIN,Administration,ACTIVE,FULL_TIME,1.0,2025-08-11,,41414.74,0.2368,FALSE,0.0
E98419A31,NIG-320,320-200,D200,IS,GB,GBP,FIELD,Field Service Technician,ACTIVE,FULL_TIME,1.0,2023-03-19,,52641.23,0.1694,FALSE,0.0
E9679DAD6,NIG-320,320-510,D510,IS,GB,GBP,SALES,Sales & Commercial,ACTIVE,PART_TIME,0.8,2026-06-08,,106655.56,0.1893,TRUE,0.3243
EA56669CC,NIG-320,320-910,D910,IS,GB,GBP,HR,Human Resources,ACTIVE,FULL_TIME,1.0,2025-09-10,,51011.29,0.1837,FALSE,0.0
EDF4BD365,NIG-320,320-400,D400,IS,GB,GBP,FIN,Finance,ACTIVE,FULL_TIME,1.0,2026-02-19,,82349.23,0.1894,TRUE,0.1127
E98391A55,NIG-320,320-510,D510,IS,GB,GBP,HR,Human Resources,ACTIVE,FULL_TIME,1.0,2026-04-17,,63618.65,0.1767,FALSE,0.0
EFA8EBD87,NIG-320,320-215,D215,IS,GB,GBP,SUPPLY,Supply Chain & Warehouse,ACTIVE,FULL_TIME,1.0,2025-12-06,,48883.57,0.1926,FALSE,0.0
E429180DC,NIG-320,320-910,D910,IS,GB,GBP,SALES,Sales & Commercial,ACTIVE,FULL_TIME,1.0,2023-03-19,,82497.87,0.1904,TRUE,0.2307
EE78CD625,NIG-320,320-405,D405,IS,GB,GBP,IT,Information Technology,ACTIVE,FULL_TIME,1.0,2023-10-19,,85832.4,0.1726,TRUE,0.0756
EA9A90699,NIG-320,320-215,D215,IS,GB,GBP,QUAL,Quality & HSE,ACTIVE,FULL_TIME,1.0,2024-12-08,,65314.47,0.2297,FALSE,0.0
EB6641435,NIG-320,320-205,D205,IS,GB,GBP,FIELD,Field Service Technician,ACTIVE,FULL_TIME,1.0,2026-02-18,,76378.43,0.2111,FALSE,0.0
E38FB7F23,NIG-320,320-205,D205,IS,GB,GBP,FIELD,Field Service Technician,ACTIVE,FULL_TIME,1.0,2026-04-12,,52293.86,0.2132,FALSE,0.0
ECA4D5873,NIG-320,320-205,D205,IS,GB,GBP,FIELD,Field Service Technician,ACTIVE,FULL_TIME,1.0,2024-11-04,,65450.48,0.2487,FALSE,0.0
EAE86DF98,NIG-320,320-500,D500,IS,GB,GBP,ADMIN,Administration,ACTIVE,FULL_TIME,1.0,2023-05-08,,36041.58,0.2333,FALSE,0.0
E34360C4B,NIG-320,320-400,D400,IS,GB,GBP,ADMIN,Administration,ACTIVE,FULL_TIME,1.0,2024-03-18,,48622.86,0.2052,FALSE,0.0
E86EA7565,NIG-400,400-300,D300,ES,US,USD,PROJ,Project Management,TERMINATED,FULL_TIME,1.0,2017-11-07,2023-12-31,73228.44,0.1826,TRUE,0.307
E79D19EA6,NIG-400,400-505,D505,ES,US,USD,EXEC,Executive & Leadership,ACTIVE,FULL_TIME,1.0,2014-09-12,,292511.29,0.2179,TRUE,0.1404
EB3791DAF,NIG-400,400-505,D505,ES,US,USD,HR,Human Resources,ACTIVE,FULL_TIME,1.0,2018-05-26,,88547.49,0.2623,FALSE,0.0
E6BECF5B1,NIG-400,400-110,D110,ES,US,USD,SUPPLY,Supply Chain & Warehouse,ACTIVE,PART_TIME,0.6,2019-06-07,,80317.68,0.1708,FALSE,0.0
E6DCED446,NIG-400,400-910,D910,ES,US,USD,EXEC,Executive & Leadership,ACTIVE,FULL_TIME,1.0,2018-02-05,,246242.75,0.2113,TRUE,0.2066
E6AB68627,NIG-400,400-505,D505,ES,US,USD,IT,Information Technology,ACTIVE,FULL_TIME,1.0,2014-08-19,,124960.39,0.1853,TRUE,0.1686
E4A94821F,NIG-400,400-400,D400,ES,US,USD,ADMIN,Administration,ACTIVE,PART_TIME,0.5,2017-06-17,,37263.93,0.1777,FALSE,0.0
E4302541B,NIG-400,400-510,D510,ES,US,USD,SALES,Sales & Commercial,ACTIVE,FULL_TIME,1.0,2014-10-30,,92586.7,0.2287,TRUE,0.3465
EFC9CD558,NIG-400,400-505,D505,ES,US,USD,SALES,Sales & Commercial,TERMINATED,FULL_TIME,1.0,2020-02-04,2024-08-31,101584.13,0.1721,TRUE,0.1043
E98E1CD78,NIG-400,400-405,D405,ES,US,USD,FIN,Finance,ACTIVE,FULL_TIME,1.0,2015-04-15,,96518.21,0.174,TRUE,0.2095
E2F05117C,NIG-400,400-415,D415,ES,US,USD,ADMIN,Administration,ACTIVE,FULL_TIME,1.0,2018-08-30,,61049.25,0.2378,FALSE,0.0
EDBC97095,NIG-400,400-110,D110,ES,US,USD,QUAL,Quality & HSE,ACTIVE,FULL_TIME,1.0,2019-03-28,,59919.6,0.2538,FALSE,0.0
EC8E8FA85,NIG-400,400-215,D215,ES,US,USD,QUAL,Quality & HSE,ACTIVE,FULL_TIME,1.0,2014-09-01,,66102.71,0.1929,FALSE,0.0
E5D96378D,NIG-400,400-115,D115,ES,US,USD,QUAL,Quality & HSE,ACTIVE,FULL_TIME,1.0,2015-08-30,,70127.26,0.2305,FALSE,0.0
E00C84F26,NIG-400,400-115,D115,ES,US,USD,SUPPLY,Supply Chain & Warehouse,ACTIVE,FULL_TIME,1.0,2020-07-31,,56264.21,0.2083,FALSE,0.0
EF2E5A2B4,NIG-400,400-405,D405,ES,US,USD,IT,Information Technology,ACTIVE,FULL_TIME,1.0,2020-04-06,,79734.69,0.1707,TRUE,0.3326
EFBEA217A,NIG-400,400-505,D505,ES,US,USD,IT,Information Technology,ACTIVE,FULL_TIME,1.0,2016-04-08,,138514.94,0.1923,TRUE,0.1895
E0663BC07,NIG-400,400-505,D505,ES,US,USD,IT,Information Technology,ACTIVE,FULL_TIME,1.0,2015-10-24,,132651.98,0.2575,TRUE,0.2738
EAF21BAD1,NIG-400,400-400,D400,ES,US,USD,SALES,Sales & Commercial,TERMINATED,FULL_TIME,1.0,2021-03-03,2024-10-31,88703.92,0.2088,TRUE,0.2803
ECD8C4DFF,NIG-400,400-310,D310,ES,US,USD,ENGR,Engineering,TERMINATED,FULL_TIME,1.0,2021-09-22,2023-04-30,119132.97,0.2044,FALSE,0.0
E02BB1412,NIG-400,400-910,D910,ES,US,USD,FIN,Finance,ACTIVE,FULL_TIME,1.0,2015-06-23,,107405.09,0.2503,TRUE,0.2639
E02ED6C5B,NIG-400,400-405,D405,ES,US,USD,SALES,Sales & Commercial,ACTIVE,FULL_TIME,1.0,2019-10-26,,81500.46,0.2042,TRUE,0.2007
EC1C908EC,NIG-400,400-910,D910,ES,US,USD,HR,Human Resources,ACTIVE,PART_TIME,0.8,2019-07-28,,103180.17,0.2667,FALSE,0.0
EEE37CC78,NIG-400,400-500,D500,ES,US,USD,EXEC,Executive & Leadership,ACTIVE,PART_TIME,0.5,2016-03-18,,214621.82,0.1662,TRUE,0.1542
ECD31D83A,NIG-400,400-500,D500,ES,US,USD,EXEC,Executive & Leadership,ACTIVE,FULL_TIME,1.0,2016-09-16,,229044.3,0.2536,TRUE,0.2069
E88B6FE47,NIG-400,400-105,D105,ES,US,USD,QUAL,Quality & HSE,TERMINATED,FULL_TIME,1.0,2017-07-22,2023-01-31,70650.95,0.2371,FALSE,0.0
ECB5CD8C9,NIG-400,400-505,D505,ES,US,USD,ADMIN,Administration,ACTIVE,FULL_TIME,1.0,2016-10-25,,72635.18,0.2247,FALSE,0.0
E252EF656,NIG-400,400-105,D105,ES,US,USD,SUPPLY,Supply Chain & Warehouse,ACTIVE,PART_TIME,0.5,2021-05-18,,69555.29,0.2492,FALSE,0.0
E060E658B,NIG-400,400-405,D405,ES,US,USD,ADMIN,Administration,ACTIVE,FULL_TIME,1.0,2021-12-07,,55789.43,0.2595,FALSE,0.0
EAA3C4A8B,NIG-400,400-500,D500,ES,US,USD,FIN,Finance,TERMINATED,FULL_TIME,1.0,2020-06-07,2024-10-31,98912.68,0.2564,TRUE,0.1815
E15ECBEE6,NIG-400,400-415,D415,ES,US,USD,IT,Information Technology,TERMINATED,FULL_TIME,1.0,2017-03-01,2024-05-31,71279.28,0.2608,TRUE,0.3119
ECA874E94,NIG-400,400-305,D305,ES,US,USD,ENGR,Engineering,ACTIVE,PART_TIME,0.8,2019-04-08,,113436.58,0.221,FALSE,0.0
EA91BEEAB,NIG-400,400-115,D115,ES,US,USD,QUAL,Quality & HSE,TERMINATED,FULL_TIME,1.0,2016-06-20,2023-05-31,57288.38,0.1686,FALSE,0.0
E03C4022D,NIG-400,400-110,D110,ES,US,USD,SUPPLY,Supply Chain & Warehouse,ACTIVE,FULL_TIME,1.0,2015-11-06,,81171.47,0.1953,FALSE,0.0
E75881075,NIG-400,400-910,D910,ES,US,USD,HR,Human Resources,ACTIVE,FULL_TIME,1.0,2015-12-06,,95028.96,0.1881,FALSE,0.0
E460EE28B,NIG-400,400-215,D215,ES,US,USD,QUAL,Quality & HSE,TERMINATED,FULL_TIME,1.0,2014-12-20,2024-01-31,92415.83,0.1999,FALSE,0.0
E8E4101C5,NIG-400,400-510,D510,ES,US,USD,FIN,Finance,ACTIVE,FULL_TIME,1.0,2021-08-22,,102374.38,0.2624,TRUE,0.0917
EE7ECBA19,NIG-400,400-110,D110,ES,US,USD,QUAL,Quality & HSE,TERMINATED,FULL_TIME,1.0,2019-02-10,2025-04-30,62939.29,0.2489,FALSE,0.0
E1BFF8069,NIG-400,400-115,D115,ES,US,USD,QUAL,Quality & HSE,TERMINATED,FULL_TIME,1.0,2020-06-22,2024-07-31,86486.33,0.2147,FALSE,0.0
E8CF0AA9F,NIG-400,400-510,D510,ES,US,USD,IT,Information Technology,ACTIVE,FULL_TIME,1.0,2021-09-20,,148865.58,0.1929,TRUE,0.205
EDCB7F637,NIG-400,400-505,D505,ES,US,USD,HR,Human Resources,ACTIVE,FULL_TIME,1.0,2021-02-28,,100236.83,0.189,FALSE,0.0
E7F2A9648,NIG-400,400-300,D300,ES,US,USD,PROJ,Project Management,ACTIVE,FULL_TIME,1.0,2016-01-02,,103732.7,0.1867,TRUE,0.2886
E1EC046C4,NIG-400,400-115,D115,ES,US,USD,QUAL,Quality & HSE,ACTIVE,PART_TIME,0.5,2019-07-16,,92649.88,0.2084,FALSE,0.0
EFD5473CC,NIG-400,400-105,D105,ES,US,USD,SUPPLY,Supply Chain & Warehouse,ACTIVE,FULL_TIME,1.0,2019-02-23,,80334.08,0.1896,FALSE,0.0
E8845BA47,NIG-400,400-300,D300,ES,US,USD,PROJ,Project Management,ACTIVE,FULL_TIME,1.0,2019-04-22,,84491.77,0.2398,TRUE,0.2594
E7500E1C5,NIG-400,400-115,D115,ES,US,USD,SUPPLY,Supply Chain & Warehouse,ACTIVE,PART_TIME,0.8,2017-01-15,,57344.02,0.1788,FALSE,0.0
E651F00A3,NIG-400,400-510,D510,ES,US,USD,EXEC,Executive & Leadership,ACTIVE,FULL_TIME,1.0,2020-05-03,,252733.26,0.2213,TRUE,0.2144
EE4E42D3F,NIG-400,400-510,D510,ES,US,USD,ADMIN,Administration,ACTIVE,FULL_TIME,1.0,2014-12-29,,65537.9,0.1781,FALSE,0.0
E15A1E6A6,NIG-400,400-310,D310,ES,US,USD,ENGR,Engineering,ACTIVE,FULL_TIME,1.0,2019-04-25,,81173.88,0.1786,FALSE,0.0
E3ADC0F5B,NIG-400,400-415,D415,ES,US,USD,EXEC,Executive & Leadership,TERMINATED,FULL_TIME,1.0,2019-06-17,2023-10-31,215011.75,0.2263,TRUE,0.1668
ED07DC187,NIG-400,400-510,D510,ES,US,USD,EXEC,Executive & Leadership,ACTIVE,FULL_TIME,1.0,2019-02-08,,267845.92,0.2165,TRUE,0.0646
ECF520198,NIG-400,400-115,D115,ES,US,USD,QUAL,Quality & HSE,ACTIVE,FULL_TIME,1.0,2021-08-03,,84166.11,0.2364,FALSE,0.0
E321D7122,NIG-400,400-415,D415,ES,US,USD,ADMIN,Administration,TERMINATED,FULL_TIME,1.0,2022-01-03,2025-12-31,54917.55,0.1821,FALSE,0.0
E4E76773E,NIG-400,400-405,D405,ES,US,USD,HR,Human Resources,ACTIVE,FULL_TIME,1.0,2020-10-16,,69121.97,0.2353,FALSE,0.0
E72632AA9,NIG-400,400-300,D300,ES,US,USD,ENGR,Engineering,TERMINATED,FULL_TIME,1.0,2015-07-30,2025-04-30,90139.89,0.2448,FALSE,0.0
EDB500601,NIG-400,400-415,D415,ES,US,USD,ADMIN,Administration,TERMINATED,FULL_TIME,1.0,2016-07-07,2023-06-30,41753.18,0.223,FALSE,0.0
EA172FC76,NIG-400,400-510,D510,ES,US,USD,FIN,Finance,ACTIVE,PART_TIME,0.5,2021-07-07,,107672.52,0.2192,TRUE,0.092
E52162C40,NIG-400,400-405,D405,ES,US,USD,FIN,Finance,TERMINATED,FULL_TIME,1.0,2017-09-27,2023-01-31,113927.52,0.2464,TRUE,0.3499
E1E2B94E4,NIG-400,400-105,D105,ES,US,USD,QUAL,Quality & HSE,TERMINATED,FULL_TIME,1.0,2018-12-12,2025-06-30,69570.53,0.2351,FALSE,0.0
EAB43E48B,NIG-400,400-215,D215,ES,US,USD,SUPPLY,Supply Chain & Warehouse,ACTIVE,FULL_TIME,1.0,2019-12-15,,61908.74,0.1841,FALSE,0.0
ED924662F,NIG-400,400-415,D415,ES,US,USD,ADMIN,Administration,ACTIVE,FULL_TIME,1.0,2017-11-11,,62514.06,0.2252,FALSE,0.0
EE8C01766,NIG-400,400-415,D415,ES,US,USD,IT,Information Technology,ACTIVE,FULL_TIME,1.0,2015-09-14,,99504.04,0.2411,TRUE,0.1076
EE45C43C9,NIG-400,400-300,D300,ES,US,USD,PROJ,Project Management,ACTIVE,FULL_TIME,1.0,2016-08-12,,112994.15,0.2193,TRUE,0.1175
EB122F965,NIG-400,400-110,D110,ES,US,USD,SUPPLY,Supply Chain & Warehouse,ACTIVE,FULL_TIME,1.0,2016-09-16,,68519.75,0.1972,FALSE,0.0
E6DDD6905,NIG-400,400-415,D415,ES,US,USD,SALES,Sales & Commercial,ACTIVE,FULL_TIME,1.0,2021-11-12,,127087.04,0.2544,TRUE,0.0849
E4956353F,NIG-400,400-310,D310,ES,US,USD,ENGR,Engineering,ACTIVE,PART_TIME,0.8,2015-01-26,,128069.87,0.2636,FALSE,0.0
ED637CE21,NIG-400,400-415,D415,ES,US,USD,SALES,Sales & Commercial,ACTIVE,FULL_TIME,1.0,2015-05-28,,124474.53,0.2464,TRUE,0.0849
EE2E7B7B7,NIG-400,400-415,D415,ES,US,USD,IT,Information Technology,ACTIVE,FULL_TIME,1.0,2016-08-13,,100525.71,0.2315,TRUE,0.0628
E423970A6,NIG-400,400-115,D115,ES,US,USD,SUPPLY,Supply Chain & Warehouse,TERMINATED,FULL_TIME,1.0,2020-02-22,2026-03-31,55293.07,0.2211,FALSE,0.0
ED7E33FCC,NIG-400,400-110,D110,ES,US,USD,QUAL,Quality & HSE,TERMINATED,FULL_TIME,1.0,2018-02-16,2024-08-31,74430.11,0.2672,FALSE,0.0
EA9EB274E,NIG-400,400-300,D300,ES,US,USD,PROJ,Project Management,ACTIVE,PART_TIME,0.8,2017-03-09,,126557.53,0.2379,TRUE,0.139
EA11D82FA,NIG-400,400-215,D215,ES,US,USD,QUAL,Quality & HSE,ACTIVE,FULL_TIME,1.0,2021-01-09,,75642.9,0.2272,FALSE,0.0
EF64AEA9A,NIG-400,400-105,D105,ES,US,USD,QUAL,Quality & HSE,ACTIVE,FULL_TIME,1.0,2021-04-22,,54168.91,0.2537,FALSE,0.0
E2A5B3821,NIG-400,400-310,D310,ES,US,USD,ENGR,Engineering,ACTIVE,FULL_TIME,1.0,2016-08-31,,130234.88,0.2242,FALSE,0.0
E31C16AEE,NIG-400,400-305,D305,ES,US,USD,ENGR,Engineering,ACTIVE,FULL_TIME,1.0,2020-11-27,,96486.06,0.2338,FALSE,0.0
EF822385B,NIG-400,400-310,D310,ES,US,USD,ENGR,Engineering,ACTIVE,FULL_TIME,1.0,2019-10-22,,121541.09,0.1619,FALSE,0.0
E1D95A9F2,NIG-400,400-505,D505,ES,US,USD,SALES,Sales & Commercial,ACTIVE,FULL_TIME,1.0,2021-05-17,,133445.55,0.2306,TRUE,0.1094
E1D6105A7,NIG-400,400-910,D910,ES,US,USD,FIN,Finance,ACTIVE,FULL_TIME,1.0,2015-02-19,,76582.08,0.1768,TRUE,0.1198
E7EEC9911,NIG-400,400-910,D910,ES,US,USD,HR,Human Resources,ACTIVE,PART_TIME,0.6,2021-09-16,,122759.09,0.1999,FALSE,0.0
EF05B5F8D,NIG-400,400-510,D510,ES,US,USD,IT,Information Technology,TERMINATED,PART_TIME,0.6,2020-02-26,2023-06-30,109088.95,0.1859,TRUE,0.2354
E14F0A3E9,NIG-400,400-910,D910,ES,US,USD,EXEC,Executive & Leadership,ACTIVE,FULL_TIME,1.0,2016-11-23,,246795.81,0.1849,TRUE,0.1574
E26B3EEAD,NIG-400,400-110,D110,ES,US,USD,QUAL,Quality & HSE,TERMINATED,FULL_TIME,1.0,2014-12-11,2023-08-31,105834.91,0.2466,FALSE,0.0
EAE0A3785,NIG-400,400-110,D110,ES,US,USD,QUAL,Quality & HSE,ACTIVE,FULL_TIME,1.0,2018-02-14,,84691.47,0.1638,FALSE,0.0
E7B56903A,NIG-400,400-510,D510,ES,US,USD,FIN,Finance,TERMINATED,FULL_TIME,1.0,2015-08-15,2025-06-30,119491.24,0.188,TRUE,0.337
E3A514510,NIG-400,400-405,D405,ES,US,USD,FIN,Finance,ACTIVE,FULL_TIME,1.0,2015-08-21,,92603.36,0.1903,TRUE,0.1871
E4EEB203F,NIG-400,400-910,D910,ES,US,USD,IT,Information Technology,ACTIVE,FULL_TIME,1.0,2020-12-12,,117245.41,0.2109,TRUE,0.1016
E57F9A997,NIG-400,400-310,D310,ES,US,USD,ENGR,Engineering,ACTIVE,FULL_TIME,1.0,2016-08-11,,97340.06,0.2243,FALSE,0.0
E1319F4D6,NIG-400,400-105,D105,ES,US,USD,SUPPLY,Supply Chain & Warehouse,ACTIVE,FULL_TIME,1.0,2018-08-22,,50672.39,0.256,FALSE,0.0
E6AB20332,NIG-400,400-910,D910,ES,US,USD,EXEC,Executive & Leadership,ACTIVE,FULL_TIME,1.0,2020-12-14,,178386.09,0.187,TRUE,0.2682
EFD8E8919,NIG-400,400-110,D110,ES,US,USD,SUPPLY,Supply Chain & Warehouse,ACTIVE,FULL_TIME,1.0,2018-02-23,,75344.01,0.1822,FALSE,0.0
E6CC042F7,NIG-400,400-400,D400,ES,US,USD,HR,Human Resources,TERMINATED,FULL_TIME,1.0,2017-12-23,2025-09-30,89210.56,0.185,FALSE,0.0
EC4C364A1,NIG-400,400-415,D415,ES,US,USD,IT,Information Technology,ACTIVE,FULL_TIME,1.0,2015-06-06,,82633.15,0.2178,TRUE,0.2654
E95D74E9A,NIG-400,400-105,D105,ES,US,USD,SUPPLY,Supply Chain & Warehouse,TERMINATED,FULL_TIME,1.0,2015-11-19,2023-01-31,89308.97,0.1714,FALSE,0.0
E8A13A250,NIG-400,400-415,D415,ES,US,USD,EXEC,Executive & Leadership,ACTIVE,FULL_TIME,1.0,2019-12-01,,201028.62,0.2452,TRUE,0.2947
E1F2387C4,NIG-400,400-510,D510,ES,US,USD,SALES,Sales & Commercial,ACTIVE,FULL_TIME,1.0,2015-11-23,,104312.6,0.2341,TRUE,0.2804
E476B0BED,NIG-400,400-215,D215,ES,US,USD,SUPPLY,Supply Chain & Warehouse,ACTIVE,FULL_TIME,1.0,2017-08-15,,64503.56,0.1899,FALSE,0.0
E98DB7C92,NIG-400,400-105,D105,ES,US,USD,SUPPLY,Supply Chain & Warehouse,ACTIVE,FULL_TIME,1.0,2015-03-19,,63931.1,0.2275,FALSE,0.0
E810EDAD0,NIG-400,400-400,D400,ES,US,USD,FIN,Finance,ACTIVE,FULL_TIME,1.0,2016-03-28,,123893.09,0.2029,TRUE,0.3393
EAB138AF5,NIG-400,400-215,D215,ES,US,USD,QUAL,Quality & HSE,ACTIVE,FULL_TIME,1.0,2015-12-31,,66957.35,0.2003,FALSE,0.0
EC6DBBCDD,NIG-400,400-505,D505,ES,US,USD,FIN,Finance,TERMINATED,FULL_TIME,1.0,2020-10-23,2025-02-28,120352.77,0.1891,TRUE,0.0651
E70943993,NIG-400,400-110,D110,ES,US,USD,QUAL,Quality & HSE,ACTIVE,FULL_TIME,1.0,2021-01-02,,63808.58,0.2523,FALSE,0.0
E8812190E,NIG-400,400-510,D510,ES,US,USD,FIN,Finance,ACTIVE,FULL_TIME,1.0,2016-08-21,,67234.21,0.2177,TRUE,0.0805
EB20A42CA,NIG-400,400-505,D505,ES,US,USD,SALES,Sales & Commercial,ACTIVE,FULL_TIME,1.0,2020-06-19,,91151.74,0.2693,TRUE,0.3182
E8CFCADA8,NIG-400,400-305,D305,ES,US,USD,ENGR,Engineering,ACTIVE,FULL_TIME,1.0,2016-11-26,,90513.52,0.1776,FALSE,0.0
E0BCF6E2B,NIG-400,400-300,D300,ES,US,USD,ENGR,Engineering,ACTIVE,FULL_TIME,1.0,2020-06-04,,107409.61,0.1878,FALSE,0.0
ECAAF1BB3,NIG-400,400-115,D115,ES,US,USD,QUAL,Quality & HSE,ACTIVE,FULL_TIME,1.0,2020-10-20,,63301.78,0.2115,FALSE,0.0
E778603F4,NIG-400,400-415,D415,ES,US,USD,FIN,Finance,TERMINATED,FULL_TIME,1.0,2016-11-26,2026-01-31,97940.21,0.2419,TRUE,0.3351
EFD11C80B,NIG-400,400-115,D115,ES,US,USD,QUAL,Quality & HSE,ACTIVE,FULL_TIME,1.0,2019-09-17,,86818.68,0.2082,FALSE,0.0
E95F89621,NIG-400,400-910,D910,ES,US,USD,FIN,Finance,ACTIVE,FULL_TIME,1.0,2016-05-15,,82837.31,0.1602,TRUE,0.2003
E086DE73D,NIG-400,400-510,D510,ES,US,USD,HR,Human Resources,ACTIVE,PART_TIME,0.6,2021-11-22,,68865.45,0.25,FALSE,0.0
ED951E190,NIG-400,400-300,D300,ES,US,USD,ENGR,Engineering,ACTIVE,FULL_TIME,1.0,2018-10-21,,86826.63,0.2224,FALSE,0.0
E5EB77AE0,NIG-400,400-405,D405,ES,US,USD,IT,Information Technology,ACTIVE,PART_TIME,0.8,2014-10-19,,113710.95,0.2511,TRUE,0.1218
E47CD50D9,NIG-400,400-110,D110,ES,US,USD,QUAL,Quality & HSE,ACTIVE,PART_TIME,0.6,2018-08-07,,64442.86,0.251,FALSE,0.0
E34701414,NIG-400,400-510,D510,ES,US,USD,IT,Information Technology,ACTIVE,FULL_TIME,1.0,2018-12-10,,126309.46,0.237,TRUE,0.1165
E6BE2A1B5,NIG-400,400-910,D910,ES,US,USD,ADMIN,Administration,ACTIVE,FULL_TIME,1.0,2022-01-23,,53862.26,0.2229,FALSE,0.0
E91A0BA67,NIG-400,400-400,D400,ES,US,USD,ADMIN,Administration,ACTIVE,FULL_TIME,1.0,2019-02-10,,50332.79,0.2344,FALSE,0.0
E2F1FD1C6,NIG-400,400-215,D215,ES,US,USD,QUAL,Quality & HSE,ACTIVE,FULL_TIME,1.0,2020-07-15,,75849.68,0.1744,FALSE,0.0
E9E7FF6B2,NIG-400,400-505,D505,ES,US,USD,HR,Human Resources,TERMINATED,PART_TIME,0.5,2021-10-15,2025-05-31,104161.64,0.202,FALSE,0.0
E14509562,NIG-400,400-105,D105,ES,US,USD,QUAL,Quality & HSE,ACTIVE,FULL_TIME,1.0,2019-06-13,,93587.65,0.2306,FALSE,0.0
ED3E5A3A3,NIG-400,400-415,D415,ES,US,USD,EXEC,Executive & Leadership,ACTIVE,FULL_TIME,1.0,2015-12-11,,205009.05,0.2179,TRUE,0.0948
E1BEA6464,NIG-400,400-110,D110,ES,US,USD,SUPPLY,Supply Chain & Warehouse,ACTIVE,FULL_TIME,1.0,2020-04-01,,60511.98,0.2562,FALSE,0.0
ED03C16AF,NIG-400,400-115,D115,ES,US,USD,SUPPLY,Supply Chain & Warehouse,TERMINATED,FULL_TIME,1.0,2017-10-15,2026-05-31,59475.84,0.1658,FALSE,0.0
EFEB6AC31,NIG-400,400-300,D300,ES,US,USD,PROJ,Project Management,TERMINATED,FULL_TIME,1.0,2020-12-07,2025-01-31,80990.79,0.2117,TRUE,0.2095
EC3C093B8,NIG-400,400-305,D305,ES,US,USD,PROJ,Project Management,ACTIVE,FULL_TIME,1.0,2021-07-30,,121761.44,0.1758,TRUE,0.2001
EE923C828,NIG-400,400-505,D505,ES,US,USD,SALES,Sales & Commercial,ACTIVE,FULL_TIME,1.0,2019-06-25,,82192.43,0.2677,TRUE,0.2271
E637D2B03,NIG-400,400-310,D310,ES,US,USD,PROJ,Project Management,TERMINATED,FULL_TIME,1.0,2017-01-13,2024-09-30,67835.3,0.2133,TRUE,0.1733
E4B711E52,NIG-400,400-500,D500,ES,US,USD,FIN,Finance,TERMINATED,FULL_TIME,1.0,2014-11-17,2023-11-30,88917.04,0.2603,TRUE,0.1
E8080B879,NIG-400,400-105,D105,ES,US,USD,SUPPLY,Supply Chain & Warehouse,ACTIVE,FULL_TIME,1.0,2016-09-24,,65321.48,0.2335,FALSE,0.0
E734FABC4,NIG-400,400-500,D500,ES,US,USD,IT,Information Technology,ACTIVE,FULL_TIME,1.0,2015-11-13,,124925.57,0.239,TRUE,0.0656
E767D79AD,NIG-400,400-110,D110,ES,US,USD,QUAL,Quality & HSE,ACTIVE,FULL_TIME,1.0,2014-11-11,,66874.13,0.1784,FALSE,0.0
E6E053F45,NIG-400,400-505,D505,ES,US,USD,EXEC,Executive & Leadership,ACTIVE,FULL_TIME,1.0,2017-04-08,,199776.48,0.1918,TRUE,0.1998
EFC599D30,NIG-400,400-110,D110,ES,US,USD,SUPPLY,Supply Chain & Warehouse,ACTIVE,PART_TIME,0.6,2020-01-02,,40993.55,0.1795,FALSE,0.0
E50BB9AA2,NIG-400,400-305,D305,ES,US,USD,ENGR,Engineering,ACTIVE,FULL_TIME,1.0,2017-04-19,,82050.8,0.1917,FALSE,0.0
E21A48503,NIG-400,400-910,D910,ES,US,USD,IT,Information Technology,ACTIVE,FULL_TIME,1.0,2015-07-04,,122758.29,0.2567,TRUE,0.0886
E09EB7D31,NIG-400,400-215,D215,ES,US,USD,SUPPLY,Supply Chain & Warehouse,TERMINATED,FULL_TIME,1.0,2015-08-09,2025-08-31,64229.31,0.1886,FALSE,0.0
E44CC5704,NIG-400,400-305,D305,ES,US,USD,ENGR,Engineering,ACTIVE,FULL_TIME,1.0,2021-01-26,,88672.86,0.2115,FALSE,0.0
EB5B48681,NIG-400,400-305,D305,ES,US,USD,PROJ,Project Management,ACTIVE,FULL_TIME,1.0,2020-10-03,,86007.75,0.222,TRUE,0.241
E5E1DAFA2,NIG-400,400-115,D115,ES,US,USD,SUPPLY,Supply Chain & Warehouse,ACTIVE,FULL_TIME,1.0,2021-11-23,,41027.82,0.2643,FALSE,0.0
EF1C8C9FC,NIG-400,400-400,D400,ES,US,USD,SALES,Sales & Commercial,TERMINATED,FULL_TIME,1.0,2016-04-26,2025-03-31,94915.07,0.1657,TRUE,0.3379
E52F36DD6,NIG-400,400-910,D910,ES,US,USD,SALES,Sales & Commercial,ACTIVE,FULL_TIME,1.0,2019-01-25,,72530.25,0.1621,TRUE,0.0764
E16B1F7E8,NIG-400,400-110,D110,ES,US,USD,SUPPLY,Supply Chain & Warehouse,ACTIVE,FULL_TIME,1.0,2015-05-30,,62200.73,0.2078,FALSE,0.0
EDD5064C8,NIG-400,400-400,D400,ES,US,USD,IT,Information Technology,TERMINATED,FULL_TIME,1.0,2014-11-11,2026-05-31,90968.22,0.2534,TRUE,0.2352
E5E2390A6,NIG-400,400-405,D405,ES,US,USD,ADMIN,Administration,ACTIVE,FULL_TIME,1.0,2019-12-09,,58500.09,0.1763,FALSE,0.0
E0B469756,NIG-400,400-110,D110,ES,US,USD,QUAL,Quality & HSE,ACTIVE,PART_TIME,0.8,2017-09-20,,70481.52,0.2489,FALSE,0.0
EB63D9754,NIG-400,400-300,D300,ES,US,USD,ENGR,Engineering,ACTIVE,FULL_TIME,1.0,2015-03-09,,81398.91,0.1818,FALSE,0.0
ECCB52234,NIG-400,400-300,D300,ES,US,USD,ENGR,Engineering,TERMINATED,FULL_TIME,1.0,2015-11-12,2024-10-31,100701.47,0.1818,FALSE,0.0
E1D58BED5,NIG-400,400-110,D110,ES,US,USD,SUPPLY,Supply Chain & Warehouse,ACTIVE,PART_TIME,0.6,2015-08-25,,78227.56,0.2023,FALSE,0.0
E238C93BB,NIG-400,400-300,D300,ES,US,USD,ENGR,Engineering,ACTIVE,FULL_TIME,1.0,2019-03-03,,90066.64,0.1774,FALSE,0.0
E5021C883,NIG-400,400-510,D510,ES,US,USD,HR,Human Resources,ACTIVE,FULL_TIME,1.0,2016-12-04,,80700.48,0.2093,FALSE,0.0
E922F4186,NIG-400,400-415,D415,ES,US,USD,HR,Human Resources,ACTIVE,FULL_TIME,1.0,2014-08-03,,74059.42,0.1823,FALSE,0.0
EA38EC625,NIG-400,400-910,D910,ES,US,USD,HR,Human Resources,ACTIVE,FULL_TIME,1.0,2018-12-20,,76608.37,0.1886,FALSE,0.0
E9B2891F8,NIG-400,400-115,D115,ES,US,USD,SUPPLY,Supply Chain & Warehouse,ACTIVE,FULL_TIME,1.0,2019-08-16,,49632.14,0.1678,FALSE,0.0
EC40E184D,NIG-400,400-505,D505,ES,US,USD,ADMIN,Administration,ACTIVE,FULL_TIME,1.0,2018-02-22,,54987.53,0.1804,FALSE,0.0
EAE38BF9A,NIG-400,400-305,D305,ES,US,USD,PROJ,Project Management,TERMINATED,FULL_TIME,1.0,2014-12-01,2024-08-31,91161.34,0.2303,TRUE,0.3163
E8F126AC7,NIG-400,400-300,D300,ES,US,USD,PROJ,Project Management,ACTIVE,FULL_TIME,1.0,2019-02-11,,118531.69,0.1652,TRUE,0.1728
E1882C66C,NIG-400,400-415,D415,ES,US,USD,FIN,Finance,ACTIVE,FULL_TIME,1.0,2015-09-19,,129083.88,0.223,TRUE,0.1263
ED46C025E,NIG-400,400-110,D110,ES,US,USD,SUPPLY,Supply Chain & Warehouse,ACTIVE,FULL_TIME,1.0,2021-05-29,,68018.26,0.2575,FALSE,0.0
E72DFE9C7,NIG-400,400-505,D505,ES,US,USD,ADMIN,Administration,TERMINATED,FULL_TIME,1.0,2019-09-22,2025-10-31,73066.07,0.2168,FALSE,0.0
EAC289673,NIG-400,400-215,D215,ES,US,USD,QUAL,Quality & HSE,ACTIVE,FULL_TIME,1.0,2019-06-11,,71753.04,0.2147,FALSE,0.0
E5C9AF3BB,NIG-400,400-400,D400,ES,US,USD,FIN,Finance,ACTIVE,FULL_TIME,1.0,2017-10-29,,70660.73,0.2206,TRUE,0.2817
EB2A73E41,NIG-400,400-500,D500,ES,US,USD,FIN,Finance,ACTIVE,FULL_TIME,1.0,2017-05-25,,128288.28,0.164,TRUE,0.2207
EDE53666E,NIG-400,400-400,D400,ES,US,USD,HR,Human Resources,ACTIVE,FULL_TIME,1.0,2018-04-29,,102079.34,0.164,FALSE,0.0
EBBEBED87,NIG-400,400-305,D305,ES,US,USD,ENGR,Engineering,ACTIVE,FULL_TIME,1.0,2016-06-07,,118865.88,0.253,FALSE,0.0
EADBE20A4,NIG-400,400-105,D105,ES,US,USD,SUPPLY,Supply Chain & Warehouse,ACTIVE,FULL_TIME,1.0,2017-03-17,,80955.94,0.1607,FALSE,0.0
E3671A2E2,NIG-400,400-110,D110,ES,US,USD,QUAL,Quality & HSE,ACTIVE,FULL_TIME,1.0,2017-11-04,,65442.34,0.2429,FALSE,0.0
E5957AB4E,NIG-400,400-510,D510,ES,US,USD,ADMIN,Administration,TERMINATED,FULL_TIME,1.0,2020-01-27,2023-11-30,57096.16,0.2658,FALSE,0.0
E40093C3B,NIG-400,400-215,D215,ES,US,USD,QUAL,Quality & HSE,ACTIVE,FULL_TIME,1.0,2016-02-03,,60024.78,0.1952,FALSE,0.0
EA2C12373,NIG-400,400-910,D910,ES,US,USD,FIN,Finance,ACTIVE,FULL_TIME,1.0,2020-08-07,,62447.44,0.2087,TRUE,0.2565
E09A72EB0,NIG-400,400-115,D115,ES,US,USD,QUAL,Quality & HSE,ACTIVE,FULL_TIME,1.0,2015-01-07,,72703.52,0.2515,FALSE,0.0
E8993FD83,NIG-400,400-310,D310,ES,US,USD,PROJ,Project Management,TERMINATED,FULL_TIME,1.0,2021-04-26,2026-04-30,136091.85,0.2311,TRUE,0.1639
EF9A5EBD8,NIG-400,400-300,D300,ES,US,USD,PROJ,Project Management,ACTIVE,FULL_TIME,1.0,2016-12-10,,99641.88,0.1788,TRUE,0.0872
E50097494,NIG-400,400-310,D310,ES,US,USD,PROJ,Project Management,TERMINATED,FULL_TIME,1.0,2017-08-09,2024-12-31,64881.17,0.1965,TRUE,0.1357
E178C21A6,NIG-400,400-105,D105,ES,US,USD,SUPPLY,Supply Chain & Warehouse,ACTIVE,FULL_TIME,1.0,2016-06-09,,67691.95,0.1805,FALSE,0.0
EC0E9B451,NIG-400,400-910,D910,ES,US,USD,FIN,Finance,ACTIVE,FULL_TIME,1.0,2017-02-09,,76855.35,0.1903,TRUE,0.0609
EF16951DD,NIG-400,400-305,D305,ES,US,USD,ENGR,Engineering,ACTIVE,FULL_TIME,1.0,2018-05-28,,106360.3,0.183,FALSE,0.0
E7CBB6791,NIG-400,400-105,D105,ES,US,USD,SUPPLY,Supply Chain & Warehouse,ACTIVE,FULL_TIME,1.0,2020-08-07,,49324.5,0.2572,FALSE,0.0
E30584267,NIG-400,400-115,D115,ES,US,USD,QUAL,Quality & HSE,ACTIVE,FULL_TIME,1.0,2020-05-31,,70453.49,0.2642,FALSE,0.0
E36468E2A,NIG-400,400-500,D500,ES,US,USD,IT,Information Technology,ACTIVE,PART_TIME,0.6,2017-07-23,,78087.19,0.2349,TRUE,0.2483
E3C0F9D73,NIG-400,400-415,D415,ES,US,USD,FIN,Finance,ACTIVE,FULL_TIME,1.0,2021-10-26,,117571.66,0.2133,TRUE,0.1727
E51C5A255,NIG-400,400-500,D500,ES,US,USD,HR,Human Resources,ACTIVE,FULL_TIME,1.0,2016-06-22,,60002.57,0.1912,FALSE,0.0
E32AACF57,NIG-400,400-105,D105,ES,US,USD,QUAL,Quality & HSE,ACTIVE,PART_TIME,0.5,2016-09-06,,71537.02,0.1871,FALSE,0.0
E8D5F083C,NIG-400,400-215,D215,ES,US,USD,QUAL,Quality & HSE,ACTIVE,FULL_TIME,1.0,2016-09-16,,59784.37,0.1843,FALSE,0.0
E53191FFE,NIG-400,400-105,D105,ES,US,USD,SUPPLY,Supply Chain & Warehouse,ACTIVE,FULL_TIME,1.0,2016-06-11,,61409.85,0.2126,FALSE,0.0
E61CB103B,NIG-400,400-405,D405,ES,US,USD,SALES,Sales & Commercial,ACTIVE,FULL_TIME,1.0,2015-11-26,,110843.49,0.1917,TRUE,0.1819
E44943A59,NIG-400,400-115,D115,ES,US,USD,SUPPLY,Supply Chain & Warehouse,ACTIVE,FULL_TIME,1.0,2019-03-04,,52733.86,0.2406,FALSE,0.0
E8DA1844F,NIG-400,400-300,D300,ES,US,USD,PROJ,Project Management,ACTIVE,FULL_TIME,1.0,2014-12-10,,80859.64,0.1606,TRUE,0.3092
E69D7846A,NIG-400,400-105,D105,ES,US,USD,QUAL,Quality & HSE,ACTIVE,FULL_TIME,1.0,2018-12-13,,53646.42,0.192,FALSE,0.0
E69D0ED2C,NIG-400,400-405,D405,ES,US,USD,HR,Human Resources,TERMINATED,FULL_TIME,1.0,2017-10-13,2025-11-30,106342.08,0.2504,FALSE,0.0
EDD5B1C8F,NIG-400,400-415,D415,ES,US,USD,EXEC,Executive & Leadership,ACTIVE,FULL_TIME,1.0,2014-11-17,,214357.05,0.1967,TRUE,0.2302
E57F83873,NIG-400,400-110,D110,ES,US,USD,SUPPLY,Supply Chain & Warehouse,ACTIVE,FULL_TIME,1.0,2021-12-04,,46300.14,0.18,FALSE,0.0
E384B6F41,NIG-400,400-110,D110,ES,US,USD,QUAL,Quality & HSE,ACTIVE,FULL_TIME,1.0,2016-10-10,,83656.18,0.2047,FALSE,0.0
E5879AB14,NIG-400,400-910,D910,ES,US,USD,HR,Human Resources,ACTIVE,FULL_TIME,1.0,2018-09-16,,106608.71,0.2242,FALSE,0.0
EB8DC85F3,NIG-400,400-400,D400,ES,US,USD,ADMIN,Administration,ACTIVE,FULL_TIME,1.0,2015-09-17,,64657.91,0.2322,FALSE,0.0
E22162B1C,NIG-400,400-505,D505,ES,US,USD,HR,Human Resources,ACTIVE,FULL_TIME,1.0,2015-08-27,,87350.44,0.1842,FALSE,0.0
E4FE37539,NIG-400,400-305,D305,ES,US,USD,ENGR,Engineering,ACTIVE,FULL_TIME,1.0,2018-09-26,,125349.18,0.2108,FALSE,0.0
EADEDCBDE,NIG-400,400-115,D115,ES,US,USD,SUPPLY,Supply Chain & Warehouse,ACTIVE,FULL_TIME,1.0,2021-10-31,,43362.62,0.249,FALSE,0.0
EC5BB2F48,NIG-400,400-105,D105,ES,US,USD,QUAL,Quality & HSE,TERMINATED,FULL_TIME,1.0,2021-06-21,2026-03-31,87930.88,0.1752,FALSE,0.0
E1DF77D80,NIG-400,400-910,D910,ES,US,USD,EXEC,Executive & Leadership,ACTIVE,FULL_TIME,1.0,2021-11-23,,196511.8,0.2486,TRUE,0.2717
E6531C605,NIG-400,400-300,D300,ES,US,USD,PROJ,Project Management,ACTIVE,FULL_TIME,1.0,2015-11-18,,112039.06,0.2323,TRUE,0.1288
E90341743,NIG-400,400-510,D510,ES,US,USD,FIN,Finance,TERMINATED,FULL_TIME,1.0,2020-06-19,2025-12-31,59531.89,0.2635,TRUE,0.1098
E070C1074,NIG-400,400-500,D500,ES,US,USD,FIN,Finance,ACTIVE,FULL_TIME,1.0,2020-12-13,,104745.08,0.2265,TRUE,0.15
E1CEBBE3B,NIG-400,400-310,D310,ES,US,USD,PROJ,Project Management,ACTIVE,FULL_TIME,1.0,2017-06-09,,152611.66,0.2314,TRUE,0.3057
E2D8A40F7,NIG-400,400-215,D215,ES,US,USD,SUPPLY,Supply Chain & Warehouse,ACTIVE,FULL_TIME,1.0,2021-07-01,,72508.18,0.2309,FALSE,0.0
EF3639BFC,NIG-400,400-110,D110,ES,US,USD,SUPPLY,Supply Chain & Warehouse,ACTIVE,FULL_TIME,1.0,2019-06-14,,73993.58,0.2636,FALSE,0.0
EA06655FA,NIG-400,400-310,D310,ES,US,USD,PROJ,Project Management,ACTIVE,FULL_TIME,1.0,2020-04-22,,76555.25,0.2571,TRUE,0.1152
E49B17F2C,NIG-400,400-910,D910,ES,US,USD,IT,Information Technology,ACTIVE,FULL_TIME,1.0,2018-01-02,,65986.62,0.1918,TRUE,0.112
E6F42666C,NIG-400,400-105,D105,ES,US,USD,QUAL,Quality & HSE,ACTIVE,FULL_TIME,1.0,2018-12-05,,85459.57,0.2542,FALSE,0.0
E3BB221C5,NIG-400,400-910,D910,ES,US,USD,SALES,Sales & Commercial,ACTIVE,FULL_TIME,1.0,2017-04-23,,68476.73,0.2554,TRUE,0.2713
E3AEEA8ED,NIG-400,400-115,D115,ES,US,USD,QUAL,Quality & HSE,TERMINATED,FULL_TIME,1.0,2017-10-31,2024-05-31,74929.88,0.1871,FALSE,0.0
E7129B55C,NIG-400,400-910,D910,ES,US,USD,SALES,Sales & Commercial,ACTIVE,FULL_TIME,1.0,2015-12-12,,87524.53,0.2072,TRUE,0.1102
EC376E0EF,NIG-400,400-115,D115,ES,US,USD,SUPPLY,Supply Chain & Warehouse,ACTIVE,FULL_TIME,1.0,2020-12-01,,56972.66,0.1969,FALSE,0.0
E8AE4CBF9,NIG-400,400-300,D300,ES,US,USD,ENGR,Engineering,TERMINATED,FULL_TIME,1.0,2016-07-31,2026-03-31,91947.72,0.1885,FALSE,0.0
E4FDD138E,NIG-400,400-110,D110,ES,US,USD,SUPPLY,Supply Chain & Warehouse,ACTIVE,FULL_TIME,1.0,2019-06-15,,60249.4,0.1721,FALSE,0.0
E71F6B2F6,NIG-400,400-305,D305,ES,US,USD,ENGR,Engineering,ACTIVE,FULL_TIME,1.0,2020-09-23,,113543.01,0.2055,FALSE,0.0
E6B20F500,NIG-400,400-910,D910,ES,US,USD,IT,Information Technology,TERMINATED,FULL_TIME,1.0,2016-11-30,2023-06-30,82482.94,0.2041,TRUE,0.0781
E5AC44019,NIG-400,400-910,D910,ES,US,USD,HR,Human Resources,ACTIVE,FULL_TIME,1.0,2017-12-04,,76885.08,0.2326,FALSE,0.0
E08A4A2D7,NIG-400,400-310,D310,ES,US,USD,PROJ,Project Management,ACTIVE,FULL_TIME,1.0,2016-09-11,,123898.14,0.2594,TRUE,0.2162
EF3B86C50,NIG-400,400-310,D310,ES,US,USD,PROJ,Project Management,ACTIVE,FULL_TIME,1.0,2019-12-14,,61600.0,0.261,TRUE,0.24
EC3B8B7C0,NIG-400,400-910,D910,ES,US,USD,ADMIN,Administration,ACTIVE,FULL_TIME,1.0,2015-10-08,,60596.85,0.1624,FALSE,0.0
E4922E76E,NIG-400,400-215,D215,ES,US,USD,SUPPLY,Supply Chain & Warehouse,ACTIVE,FULL_TIME,1.0,2016-11-11,,46917.42,0.2253,FALSE,0.0
E7630B5ED,NIG-400,400-215,D215,ES,US,USD,QUAL,Quality & HSE,ACTIVE,PART_TIME,0.8,2018-05-05,,73013.64,0.1641,FALSE,0.0
ED9F99ECB,NIG-400,400-105,D105,ES,US,USD,QUAL,Quality & HSE,ACTIVE,FULL_TIME,1.0,2016-04-10,,94824.08,0.2664,FALSE,0.0
E671517DA,NIG-400,400-910,D910,ES,US,USD,ADMIN,Administration,TERMINATED,FULL_TIME,1.0,2016-08-07,2023-08-31,53420.95,0.1938,FALSE,0.0
EBE94953F,NIG-400,400-405,D405,ES,US,USD,HR,Human Resources,ACTIVE,FULL_TIME,1.0,2021-04-06,,73031.77,0.2672,FALSE,0.0
E8304790E,NIG-400,400-510,D510,ES,US,USD,FIN,Finance,ACTIVE,FULL_TIME,1.0,2017-08-02,,84093.61,0.2378,TRUE,0.1869
E3D92C97E,NIG-400,400-310,D310,ES,US,USD,PROJ,Project Management,TERMINATED,FULL_TIME,1.0,2021-07-15,2023-01-31,103486.9,0.2384,TRUE,0.0774
EAA447174,NIG-400,400-305,D305,ES,US,USD,ENGR,Engineering,TERMINATED,FULL_TIME,1.0,2020-12-22,2024-04-30,75960.55,0.1842,FALSE,0.0
E14C5A343,NIG-400,400-300,D300,ES,US,USD,ENGR,Engineering,ACTIVE,FULL_TIME,1.0,2015-06-01,,82567.27,0.196,FALSE,0.0
E047D0EA5,NIG-400,400-510,D510,ES,US,USD,ADMIN,Administration,ACTIVE,PART_TIME,0.5,2018-03-27,,45863.97,0.2694,FALSE,0.0
EEEBB1D4E,NIG-400,400-105,D105,ES,US,USD,QUAL,Quality & HSE,ACTIVE,PART_TIME,0.8,2017-11-21,,87808.73,0.1816,FALSE,0.0
EB38E9F7A,NIG-400,400-505,D505,ES,US,USD,IT,Information Technology,TERMINATED,FULL_TIME,1.0,2017-02-25,2023-05-31,101559.08,0.1751,TRUE,0.2246
E757C6C16,NIG-400,400-310,D310,ES,US,USD,ENGR,Engineering,TERMINATED,PART_TIME,0.8,2019-02-20,2025-10-31,86437.33,0.2044,FALSE,0.0
E5B4AAEF3,NIG-400,400-310,D310,ES,US,USD,PROJ,Project Management,ACTIVE,FULL_TIME,1.0,2016-12-20,,100067.2,0.2237,TRUE,0.1801
E2F39F65D,NIG-400,400-910,D910,ES,US,USD,EXEC,Executive & Leadership,ACTIVE,FULL_TIME,1.0,2017-12-27,,233074.86,0.2685,TRUE,0.293
E28F9416F,NIG-400,400-910,D910,ES,US,USD,HR,Human Resources,ACTIVE,FULL_TIME,1.0,2020-10-23,,81355.17,0.1833,FALSE,0.0
EBA734172,NIG-400,400-310,D310,ES,US,USD,ENGR,Engineering,ACTIVE,FULL_TIME,1.0,2020-06-19,,106033.47,0.2553,FALSE,0.0
EEE15A4D1,NIG-400,400-500,D500,ES,US,USD,EXEC,Executive & Leadership,ACTIVE,FULL_TIME,1.0,2015-11-07,,241558.9,0.2362,TRUE,0.2102
EADCC94B0,NIG-400,400-910,D910,ES,US,USD,EXEC,Executive & Leadership,ACTIVE,FULL_TIME,1.0,2020-08-15,,218620.47,0.1981,TRUE,0.2519
E50FEFFAB,NIG-400,400-300,D300,ES,US,USD,PROJ,Project Management,ACTIVE,FULL_TIME,1.0,2020-05-17,,83651.86,0.1874,TRUE,0.1018
ED5A36F11,NIG-400,400-405,D405,ES,US,USD,ADMIN,Administration,ACTIVE,FULL_TIME,1.0,2016-01-04,,65153.97,0.1851,FALSE,0.0
E30A8360C,NIG-400,400-300,D300,ES,US,USD,ENGR,Engineering,ACTIVE,FULL_TIME,1.0,2015-11-13,,68506.94,0.2507,FALSE,0.0
E7C85837C,NIG-400,400-305,D305,ES,US,USD,PROJ,Project Management,ACTIVE,FULL_TIME,1.0,2020-03-12,,95181.64,0.166,TRUE,0.1283
E3587811C,NIG-400,400-415,D415,ES,US,USD,ADMIN,Administration,ACTIVE,FULL_TIME,1.0,2018-04-16,,52455.3,0.2256,FALSE,0.0
E4DD560C6,NIG-400,400-910,D910,ES,US,USD,IT,Information Technology,TERMINATED,FULL_TIME,1.0,2015-02-06,2025-09-30,97963.34,0.2391,TRUE,0.0711
E89EED213,NIG-400,400-500,D500,ES,US,USD,HR,Human Resources,ACTIVE,FULL_TIME,1.0,2019-10-06,,85181.83,0.2402,FALSE,0.0
E76015C05,NIG-400,400-405,D405,ES,US,USD,HR,Human Resources,TERMINATED,FULL_TIME,1.0,2022-01-31,2024-11-30,86049.99,0.2018,FALSE,0.0
E58109198,NIG-400,400-510,D510,ES,US,USD,IT,Information Technology,ACTIVE,FULL_TIME,1.0,2021-11-17,,93142.04,0.2066,TRUE,0.1157
E5EB9E593,NIG-400,400-910,D910,ES,US,USD,HR,Human Resources,ACTIVE,FULL_TIME,1.0,2019-07-18,,109991.48,0.1979,FALSE,0.0
EA212F8B8,NIG-400,400-310,D310,ES,US,USD,PROJ,Project Management,ACTIVE,FULL_TIME,1.0,2022-01-22,,98190.53,0.2505,TRUE,0.134
E6F55FA05,NIG-400,400-500,D500,ES,US,USD,SALES,Sales & Commercial,ACTIVE,FULL_TIME,1.0,2019-12-28,,77564.08,0.1807,TRUE,0.1604
EB66A3014,NIG-400,400-405,D405,ES,US,USD,HR,Human Resources,ACTIVE,FULL_TIME,1.0,2018-10-13,,89041.5,0.2516,FALSE,0.0
E1B26D63A,NIG-400,400-300,D300,ES,US,USD,PROJ,Project Management,ACTIVE,FULL_TIME,1.0,2021-10-03,,126613.48,0.2366,TRUE,0.2701
E4A2AE01A,NIG-400,400-415,D415,ES,US,USD,ADMIN,Administration,TERMINATED,FULL_TIME,1.0,2018-03-25,2023-03-31,50160.8,0.2511,FALSE,0.0
EF5CC945E,NIG-400,400-910,D910,ES,US,USD,IT,Information Technology,TERMINATED,FULL_TIME,1.0,2017-07-13,2024-11-30,69118.19,0.2601,TRUE,0.1304
E4786FA3C,NIG-400,400-215,D215,ES,US,USD,SUPPLY,Supply Chain & Warehouse,ACTIVE,FULL_TIME,1.0,2015-12-19,,35200.0,0.2468,FALSE,0.0
E870A7981,NIG-400,400-105,D105,ES,US,USD,QUAL,Quality & HSE,TERMINATED,FULL_TIME,1.0,2016-12-01,2023-03-31,97272.21,0.1885,FALSE,0.0
E2B073539,NIG-400,400-305,D305,ES,US,USD,ENGR,Engineering,ACTIVE,FULL_TIME,1.0,2015-06-22,,80029.99,0.2031,FALSE,0.0
EB4D86F9F,NIG-400,400-500,D500,ES,US,USD,SALES,Sales & Commercial,ACTIVE,FULL_TIME,1.0,2015-10-20,,78351.19,0.1707,TRUE,0.3455
EF2E8B3D8,NIG-400,400-310,D310,ES,US,USD,ENGR,Engineering,ACTIVE,FULL_TIME,1.0,2015-08-25,,110796.89,0.2627,FALSE,0.0
EECDD666F,NIG-400,400-115,D115,ES,US,USD,QUAL,Quality & HSE,ACTIVE,FULL_TIME,1.0,2020-09-07,,72557.14,0.1614,FALSE,0.0
E11F382A1,NIG-400,400-910,D910,ES,US,USD,FIN,Finance,ACTIVE,FULL_TIME,1.0,2020-10-19,,89989.26,0.1912,TRUE,0.1651
E8AC1BE21,NIG-400,400-110,D110,ES,US,USD,QUAL,Quality & HSE,ACTIVE,FULL_TIME,1.0,2021-11-13,,68179.6,0.1848,FALSE,0.0
EB72D68D0,NIG-400,400-105,D105,ES,US,USD,SUPPLY,Supply Chain & Warehouse,ACTIVE,FULL_TIME,1.0,2021-12-31,,72016.48,0.2261,FALSE,0.0
E228FF8DC,NIG-400,400-910,D910,ES,US,USD,ADMIN,Administration,ACTIVE,FULL_TIME,1.0,2018-11-08,,53781.86,0.2533,FALSE,0.0
ED536B151,NIG-400,400-505,D505,ES,US,USD,EXEC,Executive & Leadership,ACTIVE,FULL_TIME,1.0,2016-01-27,,184228.22,0.2309,TRUE,0.3163
EB8192E78,NIG-400,400-300,D300,ES,US,USD,ENGR,Engineering,TERMINATED,FULL_TIME,1.0,2018-05-17,2024-04-30,121998.91,0.209,FALSE,0.0
E078F6F68,NIG-400,400-105,D105,ES,US,USD,QUAL,Quality & HSE,TERMINATED,FULL_TIME,1.0,2014-12-24,2024-06-30,73579.26,0.2537,FALSE,0.0
E277468C4,NIG-400,400-105,D105,ES,US,USD,QUAL,Quality & HSE,ACTIVE,FULL_TIME,1.0,2020-05-05,,60625.93,0.2659,FALSE,0.0
EF32C8260,NIG-400,400-910,D910,ES,US,USD,IT,Information Technology,ACTIVE,FULL_TIME,1.0,2015-07-01,,107265.47,0.2022,TRUE,0.1238
EF5EFB484,NIG-400,400-115,D115,ES,US,USD,QUAL,Quality & HSE,ACTIVE,FULL_TIME,1.0,2015-01-02,,42939.23,0.1928,FALSE,0.0
E1FD803E8,NIG-400,400-910,D910,ES,US,USD,ADMIN,Administration,ACTIVE,FULL_TIME,1.0,2022-01-28,,69845.48,0.204,FALSE,0.0
E8CBB03DD,NIG-400,400-110,D110,ES,US,USD,QUAL,Quality & HSE,ACTIVE,FULL_TIME,1.0,2019-04-05,,80495.69,0.1847,FALSE,0.0
E5BCAB5D0,NIG-400,400-500,D500,ES,US,USD,ADMIN,Administration,ACTIVE,FULL_TIME,1.0,2019-07-23,,61682.41,0.1971,FALSE,0.0
E8901ACE3,NIG-400,400-115,D115,ES,US,USD,SUPPLY,Supply Chain & Warehouse,ACTIVE,FULL_TIME,1.0,2020-08-28,,66293.81,0.1653,FALSE,0.0
E615CE100,NIG-400,400-310,D310,ES,US,USD,PROJ,Project Management,ACTIVE,FULL_TIME,1.0,2015-12-29,,119093.56,0.1676,TRUE,0.282
EDB63D901,NIG-400,400-910,D910,ES,US,USD,HR,Human Resources,ACTIVE,FULL_TIME,1.0,2014-10-06,,75601.9,0.2488,FALSE,0.0
E3D586BFF,NIG-400,400-510,D510,ES,US,USD,IT,Information Technology,ACTIVE,FULL_TIME,1.0,2021-09-23,,104472.85,0.2035,TRUE,0.3087
E1E895125,NIG-400,400-115,D115,ES,US,USD,QUAL,Quality & HSE,ACTIVE,FULL_TIME,1.0,2014-10-14,,62007.55,0.1866,FALSE,0.0
EF072A7E4,NIG-400,400-415,D415,ES,US,USD,FIN,Finance,ACTIVE,FULL_TIME,1.0,2017-08-23,,58931.23,0.2474,TRUE,0.2446
EA1B0417F,NIG-400,400-910,D910,ES,US,USD,FIN,Finance,ACTIVE,FULL_TIME,1.0,2020-07-31,,63543.49,0.2392,TRUE,0.1516
E0CB6E9FD,NIG-400,400-305,D305,ES,US,USD,ENGR,Engineering,ACTIVE,FULL_TIME,1.0,2019-05-03,,111069.12,0.2407,FALSE,0.0
EB4F25D81,NIG-400,400-405,D405,ES,US,USD,SALES,Sales & Commercial,ACTIVE,FULL_TIME,1.0,2016-06-16,,99033.64,0.2122,TRUE,0.2366
E7320F9E2,NIG-400,400-300,D300,ES,US,USD,ENGR,Engineering,ACTIVE,FULL_TIME,1.0,2018-05-26,,70932.87,0.2085,FALSE,0.0
ED3D3B940,NIG-400,400-110,D110,ES,US,USD,QUAL,Quality & HSE,ACTIVE,FULL_TIME,1.0,2021-10-08,,75407.25,0.2323,FALSE,0.0
E6A2FB8EF,NIG-400,400-215,D215,ES,US,USD,QUAL,Quality & HSE,ACTIVE,FULL_TIME,1.0,2015-04-24,,77179.06,0.189,FALSE,0.0
EFFBAC8FB,NIG-400,400-405,D405,ES,US,USD,ADMIN,Administration,ACTIVE,FULL_TIME,1.0,2016-07-15,,44179.9,0.2351,FALSE,0.0
E2163F388,NIG-400,400-505,D505,ES,US,USD,SALES,Sales & Commercial,ACTIVE,FULL_TIME,1.0,2019-06-30,,95950.08,0.2471,TRUE,0.165
E64A80E37,NIG-400,400-505,D505,ES,US,USD,EXEC,Executive & Leadership,ACTIVE,FULL_TIME,1.0,2017-05-14,,247148.21,0.229,TRUE,0.1274
EF644CEFB,NIG-400,400-310,D310,ES,US,USD,PROJ,Project Management,ACTIVE,FULL_TIME,1.0,2017-08-18,,133622.14,0.239,TRUE,0.3051
EB7479A9D,NIG-400,400-500,D500,ES,US,USD,ADMIN,Administration,ACTIVE,FULL_TIME,1.0,2023-07-15,,44505.8,0.2672,FALSE,0.0
EA14AE888,NIG-400,400-310,D310,ES,US,USD,ENGR,Engineering,ACTIVE,FULL_TIME,1.0,2024-09-03,,87774.01,0.2251,FALSE,0.0
EDC9ECD9C,NIG-400,400-105,D105,ES,US,USD,QUAL,Quality & HSE,ACTIVE,FULL_TIME,1.0,2024-08-18,,81776.18,0.2364,FALSE,0.0
EED688799,NIG-400,400-310,D310,ES,US,USD,ENGR,Engineering,ACTIVE,FULL_TIME,1.0,2025-05-10,,114237.87,0.1926,FALSE,0.0
E3A29C000,NIG-400,400-310,D310,ES,US,USD,ENGR,Engineering,ACTIVE,FULL_TIME,1.0,2024-09-10,,135458.0,0.2578,FALSE,0.0
E5A3961AA,NIG-400,400-310,D310,ES,US,USD,ENGR,Engineering,ACTIVE,FULL_TIME,1.0,2023-02-01,,108962.01,0.2471,FALSE,0.0
E2E9A48A5,NIG-400,400-405,D405,ES,US,USD,IT,Information Technology,ACTIVE,FULL_TIME,1.0,2023-07-12,,102243.03,0.2384,TRUE,0.2376
E44263C29,NIG-400,400-310,D310,ES,US,USD,PROJ,Project Management,ACTIVE,FULL_TIME,1.0,2024-02-15,,140050.75,0.1907,TRUE,0.0902
E36E864C6,NIG-400,400-405,D405,ES,US,USD,EXEC,Executive & Leadership,ACTIVE,PART_TIME,0.6,2025-04-13,,172459.53,0.2265,TRUE,0.307
E2BF54F7E,NIG-400,400-400,D400,ES,US,USD,FIN,Finance,ACTIVE,PART_TIME,0.6,2025-11-06,,95533.94,0.2123,TRUE,0.0563
E662717E3,NIG-400,400-115,D115,ES,US,USD,SUPPLY,Supply Chain & Warehouse,ACTIVE,FULL_TIME,1.0,2023-06-12,,58247.83,0.2683,FALSE,0.0
E2DF51DB3,NIG-400,400-115,D115,ES,US,USD,QUAL,Quality & HSE,ACTIVE,FULL_TIME,1.0,2024-09-05,,89059.24,0.1914,FALSE,0.0
EC21FC76C,NIG-400,400-300,D300,ES,US,USD,ENGR,Engineering,ACTIVE,FULL_TIME,1.0,2024-11-18,,84181.23,0.2254,FALSE,0.0
E0921F24C,NIG-400,400-405,D405,ES,US,USD,IT,Information Technology,ACTIVE,PART_TIME,0.6,2024-11-02,,80674.2,0.1726,TRUE,0.1599
E32613B94,NIG-400,400-105,D105,ES,US,USD,SUPPLY,Supply Chain & Warehouse,ACTIVE,FULL_TIME,1.0,2024-10-06,,70360.33,0.1796,FALSE,0.0
E75806FCC,NIG-400,400-300,D300,ES,US,USD,PROJ,Project Management,ACTIVE,FULL_TIME,1.0,2023-04-09,,107984.04,0.2431,TRUE,0.2043
E17073544,NIG-400,400-500,D500,ES,US,USD,SALES,Sales & Commercial,ACTIVE,FULL_TIME,1.0,2023-09-07,,97898.7,0.1832,TRUE,0.1611
E122EC2C7,NIG-400,400-400,D400,ES,US,USD,EXEC,Executive & Leadership,ACTIVE,FULL_TIME,1.0,2024-05-20,,230178.58,0.2179,TRUE,0.1157
E40681D71,NIG-400,400-415,D415,ES,US,USD,FIN,Finance,ACTIVE,FULL_TIME,1.0,2025-01-18,,85367.62,0.1864,TRUE,0.2299
EAA5F19AA,NIG-400,400-110,D110,ES,US,USD,SUPPLY,Supply Chain & Warehouse,ACTIVE,FULL_TIME,1.0,2025-05-03,,55212.38,0.2179,FALSE,0.0
E07645807,NIG-400,400-405,D405,ES,US,USD,FIN,Finance,ACTIVE,FULL_TIME,1.0,2025-09-11,,118666.1,0.1838,TRUE,0.1563
ED3D0CCBC,NIG-400,400-115,D115,ES,US,USD,QUAL,Quality & HSE,ACTIVE,PART_TIME,0.6,2023-09-11,,101199.99,0.1719,FALSE,0.0
EC17658BF,NIG-400,400-415,D415,ES,US,USD,HR,Human Resources,ACTIVE,FULL_TIME,1.0,2025-06-05,,94870.83,0.2567,FALSE,0.0
E9E9342EA,NIG-400,400-115,D115,ES,US,USD,SUPPLY,Supply Chain & Warehouse,ACTIVE,FULL_TIME,1.0,2026-01-02,,68946.89,0.2106,FALSE,0.0
E524EC878,NIG-400,400-400,D400,ES,US,USD,ADMIN,Administration,ACTIVE,FULL_TIME,1.0,2024-05-10,,60744.78,0.1677,FALSE,0.0
E854269C9,NIG-400,400-305,D305,ES,US,USD,ENGR,Engineering,ACTIVE,FULL_TIME,1.0,2024-01-06,,104141.13,0.2575,FALSE,0.0
E0D013760,NIG-400,400-310,D310,ES,US,USD,PROJ,Project Management,ACTIVE,FULL_TIME,1.0,2025-03-09,,105728.76,0.236,TRUE,0.2395
EB6F9F09D,NIG-400,400-105,D105,ES,US,USD,SUPPLY,Supply Chain & Warehouse,ACTIVE,FULL_TIME,1.0,2024-11-10,,87811.59,0.26,FALSE,0.0
EACA60E6F,NIG-400,400-400,D400,ES,US,USD,FIN,Finance,ACTIVE,PART_TIME,0.5,2024-12-20,,70763.26,0.2391,TRUE,0.1001
E99DE08C2,NIG-400,400-310,D310,ES,US,USD,ENGR,Engineering,ACTIVE,FULL_TIME,1.0,2023-06-02,,79848.49,0.256,FALSE,0.0
E6B604C68,NIG-400,400-505,D505,ES,US,USD,FIN,Finance,ACTIVE,FULL_TIME,1.0,2023-12-19,,80507.65,0.2545,TRUE,0.0541
E01B3BD10,NIG-400,400-215,D215,ES,US,USD,SUPPLY,Supply Chain & Warehouse,ACTIVE,FULL_TIME,1.0,2023-07-06,,58416.21,0.2575,FALSE,0.0
EC657E310,NIG-400,400-400,D400,ES,US,USD,IT,Information Technology,ACTIVE,FULL_TIME,1.0,2026-04-13,,89708.3,0.1886,TRUE,0.1139
E2E5AFEE9,NIG-400,400-910,D910,ES,US,USD,FIN,Finance,ACTIVE,FULL_TIME,1.0,2025-10-14,,90298.36,0.2449,TRUE,0.2798
E0A1136E9,NIG-400,400-415,D415,ES,US,USD,IT,Information Technology,ACTIVE,PART_TIME,0.5,2025-02-08,,111508.4,0.1833,TRUE,0.2273
E3879CEF1,NIG-400,400-305,D305,ES,US,USD,ENGR,Engineering,ACTIVE,FULL_TIME,1.0,2023-02-15,,91741.04,0.2543,FALSE,0.0
EC7FFF2C2,NIG-400,400-305,D305,ES,US,USD,PROJ,Project Management,ACTIVE,FULL_TIME,1.0,2023-04-19,,102659.68,0.2672,TRUE,0.2834
E7348EF43,NIG-400,400-910,D910,ES,US,USD,SALES,Sales & Commercial,ACTIVE,FULL_TIME,1.0,2025-07-09,,92484.39,0.2658,TRUE,0.336
E3B0156AC,NIG-400,400-405,D405,ES,US,USD,HR,Human Resources,ACTIVE,FULL_TIME,1.0,2026-01-06,,89661.37,0.2128,FALSE,0.0
EE9345E00,NIG-400,400-405,D405,ES,US,USD,EXEC,Executive & Leadership,ACTIVE,FULL_TIME,1.0,2024-06-08,,244679.17,0.2139,TRUE,0.2267
E7FE75505,NIG-400,400-110,D110,ES,US,USD,SUPPLY,Supply Chain & Warehouse,ACTIVE,FULL_TIME,1.0,2026-06-08,,48602.25,0.2588,FALSE,0.0
E7ED4EDCF,NIG-400,400-305,D305,ES,US,USD,PROJ,Project Management,ACTIVE,FULL_TIME,1.0,2026-02-19,,97049.66,0.2376,TRUE,0.2478
EDAB9703C,NIG-400,400-305,D305,ES,US,USD,ENGR,Engineering,ACTIVE,FULL_TIME,1.0,2026-05-02,,96493.75,0.1903,FALSE,0.0
E1FD14962,NIG-400,400-505,D505,ES,US,USD,EXEC,Executive & Leadership,ACTIVE,FULL_TIME,1.0,2024-06-12,,266113.9,0.2687,TRUE,0.1749
EC5F7C17C,NIG-400,400-215,D215,ES,US,USD,QUAL,Quality & HSE,ACTIVE,FULL_TIME,1.0,2023-05-13,,74268.57,0.2297,FALSE,0.0
E75EFF485,NIG-400,400-405,D405,ES,US,USD,EXEC,Executive & Leadership,ACTIVE,FULL_TIME,1.0,2023-02-18,,154809.48,0.1684,TRUE,0.1439
E8A5C5536,NIG-400,400-310,D310,ES,US,USD,ENGR,Engineering,ACTIVE,FULL_TIME,1.0,2025-12-17,,98886.23,0.2618,FALSE,0.0
E9E65F8F3,NIG-400,400-305,D305,ES,US,USD,ENGR,Engineering,ACTIVE,FULL_TIME,1.0,2026-04-12,,101422.34,0.1664,FALSE,0.0
EC66DAE1C,NIG-400,400-505,D505,ES,US,USD,IT,Information Technology,ACTIVE,PART_TIME,0.8,2023-02-03,,136597.76,0.207,TRUE,0.3319
EF10F9AFA,NIG-400,400-110,D110,ES,US,USD,QUAL,Quality & HSE,ACTIVE,FULL_TIME,1.0,2023-11-11,,61860.75,0.1895,FALSE,0.0
E05720C60,NIG-400,400-415,D415,ES,US,USD,IT,Information Technology,ACTIVE,PART_TIME,0.8,2026-06-15,,114911.93,0.2187,TRUE,0.2633
E0F25FFCB,NIG-400,400-300,D300,ES,US,USD,PROJ,Project Management,ACTIVE,PART_TIME,0.6,2025-11-17,,144583.85,0.2121,TRUE,0.169
E15A005C9,NIG-400,400-115,D115,ES,US,USD,QUAL,Quality & HSE,ACTIVE,PART_TIME,0.8,2024-07-02,,88127.9,0.2543,FALSE,0.0
EAB5F6FE2,NIG-400,400-305,D305,ES,US,USD,PROJ,Project Management,ACTIVE,FULL_TIME,1.0,2024-12-08,,109938.62,0.2692,TRUE,0.2464
EC399E301,NIG-400,400-110,D110,ES,US,USD,QUAL,Quality & HSE,ACTIVE,FULL_TIME,1.0,2023-12-19,,59794.92,0.2036,FALSE,0.0
EC2C5CF23,NIG-400,400-910,D910,ES,US,USD,FIN,Finance,ACTIVE,FULL_TIME,1.0,2026-04-10,,89215.53,0.1698,TRUE,0.2944
EB95847FE,NIG-400,400-400,D400,ES,US,USD,ADMIN,Administration,ACTIVE,FULL_TIME,1.0,2025-07-19,,44143.81,0.2468,FALSE,0.0
EC4C1AAB7,NIG-400,400-305,D305,ES,US,USD,PROJ,Project Management,ACTIVE,FULL_TIME,1.0,2025-10-15,,114578.61,0.2035,TRUE,0.2313
E5150F84A,NIG-410,410-110,D110,ES,NL,EUR,QUAL,Quality & HSE,TERMINATED,FULL_TIME,1.0,2019-02-03,2024-05-31,74791.26,0.19,FALSE,0.0
E9B2C8B50,NIG-410,410-405,D405,ES,NL,EUR,SALES,Sales & Commercial,ACTIVE,FULL_TIME,1.0,2020-04-23,,85661.58,0.2598,TRUE,0.1845
E5EB4E3DE,NIG-410,410-400,D400,ES,NL,EUR,IT,Information Technology,TERMINATED,FULL_TIME,1.0,2022-09-17,2026-03-31,110188.96,0.1648,TRUE,0.115
EDBCC55F7,NIG-410,410-500,D500,ES,NL,EUR,IT,Information Technology,TERMINATED,FULL_TIME,1.0,2024-07-01,2025-07-31,64072.9,0.2102,TRUE,0.15
E38235F87,NIG-410,410-500,D500,ES,NL,EUR,FIN,Finance,ACTIVE,FULL_TIME,1.0,2024-07-01,,93350.22,0.1694,TRUE,0.0953
E5B8E9927,NIG-410,410-510,D510,ES,NL,EUR,IT,Information Technology,TERMINATED,FULL_TIME,1.0,2024-07-01,2025-11-30,90859.76,0.1929,TRUE,0.1301
E751ECF4C,NIG-410,410-400,D400,ES,NL,EUR,ADMIN,Administration,ACTIVE,FULL_TIME,1.0,2024-07-01,,65701.56,0.2674,FALSE,0.0
E9625AA68,NIG-410,410-310,D310,ES,NL,EUR,PROJ,Project Management,ACTIVE,FULL_TIME,1.0,2024-07-01,,85699.64,0.2211,TRUE,0.2414
E107AD383,NIG-410,410-510,D510,ES,NL,EUR,FIN,Finance,ACTIVE,FULL_TIME,1.0,2024-07-01,,110315.67,0.1718,TRUE,0.1791
E8E169C5C,NIG-410,410-415,D415,ES,NL,EUR,SALES,Sales & Commercial,ACTIVE,FULL_TIME,1.0,2024-07-01,,95657.63,0.2179,TRUE,0.3188
E88C72845,NIG-410,410-300,D300,ES,NL,EUR,PROJ,Project Management,ACTIVE,FULL_TIME,1.0,2024-07-01,,85346.64,0.2257,TRUE,0.2219
E9E8E429E,NIG-410,410-105,D105,ES,NL,EUR,SUPPLY,Supply Chain & Warehouse,ACTIVE,FULL_TIME,1.0,2024-07-01,,50141.11,0.1673,FALSE,0.0
EDBC1E7F5,NIG-410,410-500,D500,ES,NL,EUR,FIN,Finance,ACTIVE,FULL_TIME,1.0,2024-07-01,,73188.78,0.1765,TRUE,0.0535
E0C2AF15A,NIG-410,410-415,D415,ES,NL,EUR,EXEC,Executive & Leadership,TERMINATED,FULL_TIME,1.0,2024-07-01,2025-06-30,168795.02,0.2071,TRUE,0.1596
E4C24A2BA,NIG-410,410-415,D415,ES,NL,EUR,SALES,Sales & Commercial,ACTIVE,FULL_TIME,1.0,2024-07-01,,82527.81,0.178,TRUE,0.1878
E83B74357,NIG-410,410-305,D305,ES,NL,EUR,ENGR,Engineering,ACTIVE,FULL_TIME,1.0,2024-07-01,,76012.46,0.2587,FALSE,0.0
E9D23228C,NIG-410,410-910,D910,ES,NL,EUR,ADMIN,Administration,ACTIVE,FULL_TIME,1.0,2024-07-01,,44143.12,0.2304,FALSE,0.0
E8F4CD6BE,NIG-410,410-215,D215,ES,NL,EUR,SUPPLY,Supply Chain & Warehouse,ACTIVE,FULL_TIME,1.0,2024-07-01,,64297.78,0.1879,FALSE,0.0
E68E1FB0C,NIG-410,410-300,D300,ES,NL,EUR,ENGR,Engineering,TERMINATED,FULL_TIME,1.0,2024-07-01,2026-05-31,91380.66,0.2647,FALSE,0.0
EFEA79E5E,NIG-410,410-215,D215,ES,NL,EUR,SUPPLY,Supply Chain & Warehouse,TERMINATED,FULL_TIME,1.0,2024-07-01,2025-03-31,58652.09,0.1678,FALSE,0.0
E9316D557,NIG-410,410-110,D110,ES,NL,EUR,QUAL,Quality & HSE,ACTIVE,PART_TIME,0.6,2024-07-01,,72634.33,0.1801,FALSE,0.0
EFAE6E356,NIG-410,410-310,D310,ES,NL,EUR,ENGR,Engineering,ACTIVE,FULL_TIME,1.0,2024-07-01,,78907.01,0.2521,FALSE,0.0
E3AEC79CF,NIG-410,410-300,D300,ES,NL,EUR,ENGR,Engineering,ACTIVE,FULL_TIME,1.0,2024-07-01,,97256.38,0.1708,FALSE,0.0
E567AD1F0,NIG-410,410-215,D215,ES,NL,EUR,SUPPLY,Supply Chain & Warehouse,ACTIVE,FULL_TIME,1.0,2024-07-01,,74563.65,0.1918,FALSE,0.0
EF68F20EF,NIG-410,410-510,D510,ES,NL,EUR,SALES,Sales & Commercial,ACTIVE,FULL_TIME,1.0,2024-07-01,,78902.69,0.2072,TRUE,0.0943
E64E20B5C,NIG-410,410-500,D500,ES,NL,EUR,ADMIN,Administration,ACTIVE,FULL_TIME,1.0,2024-07-01,,48174.11,0.1868,FALSE,0.0
E715483EC,NIG-410,410-505,D505,ES,NL,EUR,IT,Information Technology,ACTIVE,FULL_TIME,1.0,2024-07-01,,120855.14,0.2455,TRUE,0.1763
E06ED35CB,NIG-410,410-405,D405,ES,NL,EUR,IT,Information Technology,ACTIVE,FULL_TIME,1.0,2024-07-01,,92589.21,0.2622,TRUE,0.1991
E4EE683E8,NIG-410,410-115,D115,ES,NL,EUR,SUPPLY,Supply Chain & Warehouse,ACTIVE,FULL_TIME,1.0,2024-07-01,,54681.96,0.2577,FALSE,0.0
E2CBA9690,NIG-410,410-310,D310,ES,NL,EUR,ENGR,Engineering,ACTIVE,FULL_TIME,1.0,2024-07-01,,86922.45,0.2118,FALSE,0.0
EA8421D1E,NIG-410,410-215,D215,ES,NL,EUR,SUPPLY,Supply Chain & Warehouse,ACTIVE,FULL_TIME,1.0,2024-07-01,,56883.74,0.1994,FALSE,0.0
EFE908C87,NIG-410,410-415,D415,ES,NL,EUR,EXEC,Executive & Leadership,ACTIVE,FULL_TIME,1.0,2024-07-01,,210938.14,0.1988,TRUE,0.216
EE93838D7,NIG-410,410-110,D110,ES,NL,EUR,SUPPLY,Supply Chain & Warehouse,ACTIVE,FULL_TIME,1.0,2024-07-01,,38717.81,0.1927,FALSE,0.0
E7104B0B3,NIG-410,410-310,D310,ES,NL,EUR,PROJ,Project Management,ACTIVE,FULL_TIME,1.0,2024-07-01,,98349.97,0.1968,TRUE,0.0671
EDE387D78,NIG-410,410-215,D215,ES,NL,EUR,QUAL,Quality & HSE,ACTIVE,PART_TIME,0.5,2024-07-01,,71501.31,0.2008,FALSE,0.0
E139FFB45,NIG-410,410-510,D510,ES,NL,EUR,HR,Human Resources,ACTIVE,FULL_TIME,1.0,2024-07-01,,86732.37,0.2416,FALSE,0.0
E640981B8,NIG-410,410-300,D300,ES,NL,EUR,PROJ,Project Management,ACTIVE,FULL_TIME,1.0,2024-07-01,,93959.46,0.239,TRUE,0.09
E121F7683,NIG-410,410-510,D510,ES,NL,EUR,FIN,Finance,TERMINATED,FULL_TIME,1.0,2024-07-01,2025-08-31,106043.94,0.1758,TRUE,0.3225
E897F9C24,NIG-410,410-510,D510,ES,NL,EUR,SALES,Sales & Commercial,ACTIVE,FULL_TIME,1.0,2024-07-01,,110522.53,0.2581,TRUE,0.2923
E140B90EC,NIG-410,410-400,D400,ES,NL,EUR,ADMIN,Administration,ACTIVE,FULL_TIME,1.0,2024-07-01,,48197.32,0.197,FALSE,0.0
EF94AE739,NIG-410,410-910,D910,ES,NL,EUR,EXEC,Executive & Leadership,ACTIVE,FULL_TIME,1.0,2024-07-01,,210339.48,0.2285,TRUE,0.1434
EF0639A4A,NIG-410,410-500,D500,ES,NL,EUR,EXEC,Executive & Leadership,ACTIVE,FULL_TIME,1.0,2024-07-01,,151569.84,0.2378,TRUE,0.319
EDF6D00B7,NIG-410,410-400,D400,ES,NL,EUR,IT,Information Technology,TERMINATED,FULL_TIME,1.0,2024-07-01,2025-02-28,62907.78,0.2342,TRUE,0.1081
EE94EE49E,NIG-410,410-505,D505,ES,NL,EUR,FIN,Finance,ACTIVE,FULL_TIME,1.0,2024-07-01,,82999.32,0.1784,TRUE,0.1794
E2FBA0976,NIG-410,410-110,D110,ES,NL,EUR,SUPPLY,Supply Chain & Warehouse,ACTIVE,FULL_TIME,1.0,2024-07-01,,47608.0,0.199,FALSE,0.0
E4A93CD9C,NIG-410,410-500,D500,ES,NL,EUR,ADMIN,Administration,ACTIVE,FULL_TIME,1.0,2024-07-01,,47187.5,0.2056,FALSE,0.0
E77C2ED80,NIG-410,410-415,D415,ES,NL,EUR,IT,Information Technology,ACTIVE,FULL_TIME,1.0,2024-07-01,,102021.74,0.1611,TRUE,0.1015
EAEBF0882,NIG-410,410-110,D110,ES,NL,EUR,QUAL,Quality & HSE,ACTIVE,FULL_TIME,1.0,2024-07-01,,76711.21,0.197,FALSE,0.0
E02804925,NIG-410,410-305,D305,ES,NL,EUR,ENGR,Engineering,ACTIVE,FULL_TIME,1.0,2024-07-01,,101800.21,0.2358,FALSE,0.0
E4F970DDD,NIG-410,410-305,D305,ES,NL,EUR,ENGR,Engineering,ACTIVE,FULL_TIME,1.0,2024-07-01,,84380.79,0.2631,FALSE,0.0
E3FD57EA9,NIG-410,410-400,D400,ES,NL,EUR,IT,Information Technology,ACTIVE,FULL_TIME,1.0,2024-07-01,,92649.5,0.2625,TRUE,0.323
EBC47A29A,NIG-410,410-110,D110,ES,NL,EUR,SUPPLY,Supply Chain & Warehouse,ACTIVE,FULL_TIME,1.0,2024-07-01,,70867.75,0.1776,FALSE,0.0
E07F6CC17,NIG-410,410-505,D505,ES,NL,EUR,FIN,Finance,ACTIVE,FULL_TIME,1.0,2024-07-01,,59083.49,0.1943,TRUE,0.1697
EAC46F1E1,NIG-410,410-400,D400,ES,NL,EUR,EXEC,Executive & Leadership,TERMINATED,FULL_TIME,1.0,2024-07-01,2025-05-31,224629.31,0.2083,TRUE,0.1985
EED9E5748,NIG-410,410-910,D910,ES,NL,EUR,FIN,Finance,ACTIVE,FULL_TIME,1.0,2024-07-01,,81083.09,0.2095,TRUE,0.1237
EAF2DC8B8,NIG-410,410-215,D215,ES,NL,EUR,QUAL,Quality & HSE,ACTIVE,FULL_TIME,1.0,2024-07-01,,83438.9,0.2206,FALSE,0.0
EA72523BD,NIG-410,410-505,D505,ES,NL,EUR,HR,Human Resources,TERMINATED,FULL_TIME,1.0,2024-07-01,2025-03-31,64805.53,0.2664,FALSE,0.0
E84506E4D,NIG-410,410-115,D115,ES,NL,EUR,SUPPLY,Supply Chain & Warehouse,TERMINATED,FULL_TIME,1.0,2024-07-01,2024-09-30,66545.12,0.2667,FALSE,0.0
ED233AAB1,NIG-410,410-910,D910,ES,NL,EUR,FIN,Finance,ACTIVE,FULL_TIME,1.0,2024-07-01,,68761.37,0.2433,TRUE,0.1353
E46671D59,NIG-410,410-400,D400,ES,NL,EUR,EXEC,Executive & Leadership,ACTIVE,FULL_TIME,1.0,2024-07-01,,196206.41,0.264,TRUE,0.2074
EB1715E91,NIG-410,410-400,D400,ES,NL,EUR,EXEC,Executive & Leadership,ACTIVE,FULL_TIME,1.0,2024-07-01,,161702.96,0.1799,TRUE,0.0545
E87F612B6,NIG-410,410-305,D305,ES,NL,EUR,PROJ,Project Management,ACTIVE,FULL_TIME,1.0,2024-07-01,,101282.29,0.1662,TRUE,0.2493
EC0FBC6AA,NIG-410,410-310,D310,ES,NL,EUR,PROJ,Project Management,ACTIVE,FULL_TIME,1.0,2024-07-01,,122980.01,0.212,TRUE,0.276
EEE0CBB55,NIG-410,410-510,D510,ES,NL,EUR,HR,Human Resources,TERMINATED,FULL_TIME,1.0,2024-07-18,2026-03-31,97831.05,0.2212,FALSE,0.0
E93C09910,NIG-410,410-415,D415,ES,NL,EUR,IT,Information Technology,ACTIVE,FULL_TIME,1.0,2024-07-19,,109913.11,0.2612,TRUE,0.1539
E64D4FEA3,NIG-410,410-110,D110,ES,NL,EUR,QUAL,Quality & HSE,ACTIVE,FULL_TIME,1.0,2024-07-03,,67386.47,0.189,FALSE,0.0
E1450514D,NIG-410,410-105,D105,ES,NL,EUR,QUAL,Quality & HSE,ACTIVE,FULL_TIME,1.0,2024-07-07,,82631.32,0.2226,FALSE,0.0
ED08C6A8F,NIG-410,410-310,D310,ES,NL,EUR,PROJ,Project Management,ACTIVE,PART_TIME,0.5,2024-08-27,,75162.51,0.1876,TRUE,0.2905
E18292DD9,NIG-410,410-400,D400,ES,NL,EUR,HR,Human Resources,TERMINATED,FULL_TIME,1.0,2024-08-17,2026-01-31,89048.65,0.1604,FALSE,0.0
E2D2233C3,NIG-410,410-110,D110,ES,NL,EUR,QUAL,Quality & HSE,TERMINATED,FULL_TIME,1.0,2024-08-27,2025-10-31,77356.9,0.2102,FALSE,0.0
EEE884D78,NIG-410,410-310,D310,ES,NL,EUR,PROJ,Project Management,ACTIVE,FULL_TIME,1.0,2024-09-11,,106153.04,0.1936,TRUE,0.105
E832BF059,NIG-410,410-510,D510,ES,NL,EUR,IT,Information Technology,ACTIVE,FULL_TIME,1.0,2024-09-16,,83240.3,0.1918,TRUE,0.1009
E8820BA66,NIG-410,410-500,D500,ES,NL,EUR,IT,Information Technology,ACTIVE,FULL_TIME,1.0,2024-09-24,,88200.32,0.2199,TRUE,0.0923
E3D78B225,NIG-410,410-305,D305,ES,NL,EUR,PROJ,Project Management,ACTIVE,FULL_TIME,1.0,2024-09-03,,117317.09,0.229,TRUE,0.0811
E09164D04,NIG-410,410-510,D510,ES,NL,EUR,ADMIN,Administration,ACTIVE,FULL_TIME,1.0,2024-10-27,,54440.91,0.196,FALSE,0.0
EA95773DA,NIG-410,410-105,D105,ES,NL,EUR,SUPPLY,Supply Chain & Warehouse,ACTIVE,FULL_TIME,1.0,2024-10-01,,67526.89,0.1802,FALSE,0.0
E2D845D36,NIG-410,410-400,D400,ES,NL,EUR,HR,Human Resources,TERMINATED,FULL_TIME,1.0,2024-10-27,2025-08-31,100051.69,0.2281,FALSE,0.0
EFD51D2DE,NIG-410,410-310,D310,ES,NL,EUR,PROJ,Project Management,ACTIVE,PART_TIME,0.5,2024-10-21,,120557.27,0.2612,TRUE,0.1339
E61946018,NIG-410,410-115,D115,ES,NL,EUR,SUPPLY,Supply Chain & Warehouse,ACTIVE,FULL_TIME,1.0,2024-11-05,,61584.63,0.2358,FALSE,0.0
ECE1C3A7E,NIG-410,410-215,D215,ES,NL,EUR,QUAL,Quality & HSE,ACTIVE,FULL_TIME,1.0,2024-11-14,,65781.63,0.2395,FALSE,0.0
E23DD9444,NIG-410,410-215,D215,ES,NL,EUR,QUAL,Quality & HSE,ACTIVE,PART_TIME,0.8,2024-11-11,,54687.59,0.1951,FALSE,0.0
E2543310C,NIG-410,410-105,D105,ES,NL,EUR,SUPPLY,Supply Chain & Warehouse,ACTIVE,FULL_TIME,1.0,2024-12-13,,53703.77,0.1737,FALSE,0.0
E15FC8453,NIG-410,410-300,D300,ES,NL,EUR,PROJ,Project Management,ACTIVE,FULL_TIME,1.0,2024-12-11,,93669.47,0.2373,TRUE,0.1385
E68482491,NIG-410,410-110,D110,ES,NL,EUR,QUAL,Quality & HSE,ACTIVE,FULL_TIME,1.0,2024-12-26,,64894.47,0.1961,FALSE,0.0
E77903D9B,NIG-410,410-300,D300,ES,NL,EUR,ENGR,Engineering,ACTIVE,FULL_TIME,1.0,2024-12-13,,94317.28,0.2346,FALSE,0.0
ED6B65455,NIG-410,410-500,D500,ES,NL,EUR,ADMIN,Administration,ACTIVE,PART_TIME,0.5,2025-02-25,,44253.69,0.2001,FALSE,0.0
E4A0B886F,NIG-410,410-215,D215,ES,NL,EUR,SUPPLY,Supply Chain & Warehouse,ACTIVE,FULL_TIME,1.0,2025-03-27,,58709.3,0.236,FALSE,0.0
E191BCB24,NIG-410,410-305,D305,ES,NL,EUR,PROJ,Project Management,ACTIVE,FULL_TIME,1.0,2025-05-19,,96370.66,0.2591,TRUE,0.0837
ECC91718D,NIG-410,410-500,D500,ES,NL,EUR,IT,Information Technology,TERMINATED,PART_TIME,0.6,2025-06-29,2026-03-31,80482.85,0.2504,TRUE,0.2771
E76D9F100,NIG-410,410-910,D910,ES,NL,EUR,IT,Information Technology,TERMINATED,FULL_TIME,1.0,2025-08-08,2025-08-31,156941.19,0.251,TRUE,0.0797
E4CB72341,NIG-410,410-215,D215,ES,NL,EUR,QUAL,Quality & HSE,ACTIVE,FULL_TIME,1.0,2025-10-19,,67718.81,0.1946,FALSE,0.0
EDEC46DB1,NIG-410,410-500,D500,ES,NL,EUR,FIN,Finance,ACTIVE,FULL_TIME,1.0,2025-11-30,,81375.72,0.2361,TRUE,0.3082
EBDA3B3F0,NIG-410,410-510,D510,ES,NL,EUR,SALES,Sales & Commercial,ACTIVE,FULL_TIME,1.0,2025-03-07,,65298.25,0.192,TRUE,0.2235
ED0093E19,NIG-410,410-500,D500,ES,NL,EUR,IT,Information Technology,ACTIVE,FULL_TIME,1.0,2026-04-19,,73872.83,0.234,TRUE,0.2064
E4F02C9FF,NIG-410,410-305,D305,ES,NL,EUR,PROJ,Project Management,ACTIVE,FULL_TIME,1.0,2025-04-12,,87624.01,0.2573,TRUE,0.1763
E1B5B2266,NIG-410,410-400,D400,ES,NL,EUR,HR,Human Resources,ACTIVE,FULL_TIME,1.0,2025-06-15,,79496.59,0.1941,FALSE,0.0
E4FC80AA8,NIG-410,410-415,D415,ES,NL,EUR,HR,Human Resources,ACTIVE,FULL_TIME,1.0,2026-02-12,,102996.52,0.1703,FALSE,0.0
E59C3E7AA,NIG-410,410-910,D910,ES,NL,EUR,ADMIN,Administration,ACTIVE,FULL_TIME,1.0,2026-06-05,,57798.61,0.2294,FALSE,0.0
E266C7A36,NIG-410,410-405,D405,ES,NL,EUR,EXEC,Executive & Leadership,ACTIVE,FULL_TIME,1.0,2025-08-04,,181783.29,0.1733,TRUE,0.3494
E6DD53D45,NIG-410,410-310,D310,ES,NL,EUR,PROJ,Project Management,ACTIVE,FULL_TIME,1.0,2025-09-15,,115840.3,0.2178,TRUE,0.1482
E48DE5D18,NIG-410,410-305,D305,ES,NL,EUR,PROJ,Project Management,ACTIVE,FULL_TIME,1.0,2026-04-06,,78660.77,0.2122,TRUE,0.3323
E6D3639E0,NIG-410,410-215,D215,ES,NL,EUR,QUAL,Quality & HSE,ACTIVE,FULL_TIME,1.0,2025-09-06,,74712.78,0.2647,FALSE,0.0
E925DA5F2,NIG-410,410-110,D110,ES,NL,EUR,QUAL,Quality & HSE,ACTIVE,FULL_TIME,1.0,2025-09-12,,71129.72,0.2549,FALSE,0.0
E897B1368,NIG-410,410-910,D910,ES,NL,EUR,FIN,Finance,ACTIVE,FULL_TIME,1.0,2024-06-01,,113329.37,0.2034,TRUE,0.3131
E3BED18E7,NIG-410,410-105,D105,ES,NL,EUR,SUPPLY,Supply Chain & Warehouse,ACTIVE,FULL_TIME,1.0,2025-07-02,,59365.43,0.2548,FALSE,0.0
E99E13B69,NIG-410,410-215,D215,ES,NL,EUR,QUAL,Quality & HSE,ACTIVE,FULL_TIME,1.0,2025-11-20,,92396.55,0.215,FALSE,0.0
E8C07BA88,NIG-410,410-115,D115,ES,NL,EUR,SUPPLY,Supply Chain & Warehouse,ACTIVE,FULL_TIME,1.0,2024-10-05,,51359.65,0.2069,FALSE,0.0
EC27E4DD6,NIG-410,410-500,D500,ES,NL,EUR,EXEC,Executive & Leadership,ACTIVE,FULL_TIME,1.0,2026-04-10,,147100.17,0.2471,TRUE,0.223
E6B8D7126,NIG-410,410-500,D500,ES,NL,EUR,SALES,Sales & Commercial,ACTIVE,FULL_TIME,1.0,2025-12-10,,92734.54,0.1844,TRUE,0.0985
E906E71BE,NIG-410,410-215,D215,ES,NL,EUR,QUAL,Quality & HSE,ACTIVE,FULL_TIME,1.0,2025-04-14,,60674.5,0.2365,FALSE,0.0
EA0EC699F,NIG-500,500-405,D405,AM,US,USD,ADMIN,Administration,ACTIVE,FULL_TIME,1.0,2013-04-05,,63154.86,0.1685,FALSE,0.0
EADD253AC,NIG-500,500-110,D110,AM,US,USD,SUPPLY,Supply Chain & Warehouse,TERMINATED,FULL_TIME,1.0,2013-11-07,2023-09-30,66132.22,0.2547,FALSE,0.0
E981D7150,NIG-500,500-510,D510,AM,US,USD,ADMIN,Administration,ACTIVE,FULL_TIME,1.0,2018-07-18,,64156.09,0.2618,FALSE,0.0
E73A625C7,NIG-500,500-520,D520,AM,US,USD,EXEC,Executive & Leadership,ACTIVE,FULL_TIME,1.0,2014-12-29,,176681.93,0.2468,TRUE,0.123
E8424D8AD,NIG-500,500-400,D400,AM,US,USD,IT,Information Technology,ACTIVE,FULL_TIME,1.0,2012-05-24,,89373.97,0.1768,TRUE,0.2186
E4C5F0A70,NIG-500,500-500,D500,AM,US,USD,FIN,Finance,ACTIVE,FULL_TIME,1.0,2016-07-29,,77952.35,0.1634,TRUE,0.2733
E9E2B52D5,NIG-500,500-510,D510,AM,US,USD,IT,Information Technology,ACTIVE,FULL_TIME,1.0,2016-11-04,,109981.15,0.2509,TRUE,0.1279
EBBF59045,NIG-500,500-400,D400,AM,US,USD,ADMIN,Administration,ACTIVE,FULL_TIME,1.0,2012-04-06,,61270.46,0.2146,FALSE,0.0
E53DC4C60,NIG-500,500-510,D510,AM,US,USD,EXEC,Executive & Leadership,ACTIVE,FULL_TIME,1.0,2011-11-25,,195219.6,0.2026,TRUE,0.102
ED322CE88,NIG-500,500-120,D120,AM,US,USD,SUPPLY,Supply Chain & Warehouse,ACTIVE,FULL_TIME,1.0,2014-09-13,,62171.38,0.1872,FALSE,0.0
EBB35BDC3,NIG-500,500-120,D120,AM,US,USD,SUPPLY,Supply Chain & Warehouse,ACTIVE,FULL_TIME,1.0,2016-05-31,,73605.14,0.1678,FALSE,0.0
E86713C17,NIG-500,500-410,D410,AM,US,USD,EXEC,Executive & Leadership,ACTIVE,FULL_TIME,1.0,2013-02-01,,159802.98,0.1821,TRUE,0.0616
E1F313751,NIG-500,500-520,D520,AM,US,USD,IT,Information Technology,ACTIVE,FULL_TIME,1.0,2012-08-22,,95493.23,0.1678,TRUE,0.2488
E21F736D0,NIG-500,500-405,D405,AM,US,USD,SALES,Sales & Commercial,ACTIVE,FULL_TIME,1.0,2013-11-24,,100620.97,0.1765,TRUE,0.2899
ED9345964,NIG-500,500-510,D510,AM,US,USD,HR,Human Resources,ACTIVE,FULL_TIME,1.0,2019-01-12,,104426.03,0.2566,FALSE,0.0
E635573C0,NIG-500,500-400,D400,AM,US,USD,FIN,Finance,ACTIVE,PART_TIME,0.6,2016-09-07,,85175.83,0.1903,TRUE,0.2604
E4E9B01B6,NIG-500,500-120,D120,AM,US,USD,QUAL,Quality & HSE,ACTIVE,FULL_TIME,1.0,2018-07-08,,76085.09,0.1695,FALSE,0.0
EA341C5B7,NIG-500,500-115,D115,AM,US,USD,QUAL,Quality & HSE,ACTIVE,FULL_TIME,1.0,2013-05-26,,101730.62,0.2487,FALSE,0.0
E277CB390,NIG-500,500-510,D510,AM,US,USD,FIN,Finance,ACTIVE,FULL_TIME,1.0,2016-02-17,,105354.39,0.2141,TRUE,0.2272
EC2B9523A,NIG-500,500-500,D500,AM,US,USD,EXEC,Executive & Leadership,TERMINATED,FULL_TIME,1.0,2012-07-14,2024-10-31,257183.06,0.1851,TRUE,0.3303
EA32DD864,NIG-500,500-405,D405,AM,US,USD,EXEC,Executive & Leadership,ACTIVE,FULL_TIME,1.0,2018-04-29,,259886.11,0.2648,TRUE,0.1733
E7D82C6F0,NIG-500,500-520,D520,AM,US,USD,IT,Information Technology,ACTIVE,FULL_TIME,1.0,2012-03-02,,107866.78,0.2582,TRUE,0.1021
E80618483,NIG-500,500-505,D505,AM,US,USD,IT,Information Technology,ACTIVE,PART_TIME,0.6,2014-10-19,,121130.91,0.2029,TRUE,0.2835
ECA10878D,NIG-500,500-510,D510,AM,US,USD,HR,Human Resources,ACTIVE,FULL_TIME,1.0,2015-09-14,,95721.66,0.1905,FALSE,0.0
E8D84A7D2,NIG-500,500-520,D520,AM,US,USD,HR,Human Resources,TERMINATED,FULL_TIME,1.0,2013-09-16,2023-05-31,88923.82,0.2052,FALSE,0.0
E1A4EFEBF,NIG-500,500-410,D410,AM,US,USD,FIN,Finance,TERMINATED,FULL_TIME,1.0,2017-01-23,2024-11-30,113984.78,0.234,TRUE,0.3253
E2D37EE10,NIG-500,500-410,D410,AM,US,USD,FIN,Finance,ACTIVE,FULL_TIME,1.0,2018-01-18,,68858.96,0.1699,TRUE,0.1199
E4BA24CE3,NIG-500,500-405,D405,AM,US,USD,ADMIN,Administration,ACTIVE,FULL_TIME,1.0,2014-06-08,,62688.55,0.2403,FALSE,0.0
EF0A893B7,NIG-500,500-120,D120,AM,US,USD,QUAL,Quality & HSE,ACTIVE,FULL_TIME,1.0,2018-06-22,,78902.91,0.1625,FALSE,0.0
E0E000E83,NIG-500,500-405,D405,AM,US,USD,HR,Human Resources,ACTIVE,PART_TIME,0.5,2014-02-07,,84061.69,0.2051,FALSE,0.0
E2E2C2BCB,NIG-500,500-120,D120,AM,US,USD,QUAL,Quality & HSE,ACTIVE,FULL_TIME,1.0,2016-09-15,,87751.52,0.2497,FALSE,0.0
EFF00BC52,NIG-500,500-400,D400,AM,US,USD,IT,Information Technology,ACTIVE,FULL_TIME,1.0,2012-03-09,,141962.86,0.2292,TRUE,0.2378
E55DF64BB,NIG-500,500-120,D120,AM,US,USD,SUPPLY,Supply Chain & Warehouse,TERMINATED,FULL_TIME,1.0,2012-05-26,2025-07-31,63063.91,0.1797,FALSE,0.0
E5AEB9C00,NIG-500,500-400,D400,AM,US,USD,ADMIN,Administration,ACTIVE,FULL_TIME,1.0,2016-01-04,,63956.54,0.264,FALSE,0.0
EEBD78A9E,NIG-500,500-400,D400,AM,US,USD,IT,Information Technology,TERMINATED,FULL_TIME,1.0,2016-09-17,2024-08-31,58300.0,0.1687,TRUE,0.0893
EAA0E97EE,NIG-500,500-100,D100,AM,US,USD,PROD,Production & Assembly,ACTIVE,FULL_TIME,1.0,2012-04-13,,64196.34,0.2117,FALSE,0.0
EF37E57D6,NIG-500,500-410,D410,AM,US,USD,IT,Information Technology,ACTIVE,FULL_TIME,1.0,2014-08-06,,105297.89,0.1683,TRUE,0.2031
E4A2B824B,NIG-500,500-120,D120,AM,US,USD,QUAL,Quality & HSE,ACTIVE,PART_TIME,0.5,2015-08-06,,52612.08,0.1741,FALSE,0.0
EDD5C307D,NIG-500,500-100,D100,AM,US,USD,PROD,Production & Assembly,ACTIVE,FULL_TIME,1.0,2012-04-26,,80840.1,0.2476,FALSE,0.0
E429943E4,NIG-500,500-100,D100,AM,US,USD,PROD,Production & Assembly,ACTIVE,FULL_TIME,1.0,2011-11-23,,56304.85,0.2,FALSE,0.0
E00F1C05F,NIG-500,500-115,D115,AM,US,USD,SUPPLY,Supply Chain & Warehouse,ACTIVE,FULL_TIME,1.0,2015-10-23,,60970.32,0.2482,FALSE,0.0
ED2963E3B,NIG-500,500-115,D115,AM,US,USD,QUAL,Quality & HSE,ACTIVE,FULL_TIME,1.0,2018-06-26,,70918.26,0.1779,FALSE,0.0
E99678FEE,NIG-500,500-120,D120,AM,US,USD,QUAL,Quality & HSE,ACTIVE,FULL_TIME,1.0,2014-04-06,,70219.15,0.1855,FALSE,0.0
E3196EAFA,NIG-500,500-405,D405,AM,US,USD,SALES,Sales & Commercial,TERMINATED,FULL_TIME,1.0,2018-01-26,2024-11-30,98018.93,0.1867,TRUE,0.1818
EEF3064AF,NIG-500,500-400,D400,AM,US,USD,ADMIN,Administration,ACTIVE,PART_TIME,0.8,2018-05-08,,59400.58,0.2685,FALSE,0.0
E9BED444F,NIG-500,500-100,D100,AM,US,USD,PROD,Production & Assembly,ACTIVE,FULL_TIME,1.0,2016-07-08,,43507.95,0.2133,FALSE,0.0
E5B249C31,NIG-500,500-115,D115,AM,US,USD,SUPPLY,Supply Chain & Warehouse,TERMINATED,FULL_TIME,1.0,2017-04-09,2025-02-28,84980.99,0.2677,FALSE,0.0
E8242CC57,NIG-500,500-505,D505,AM,US,USD,SALES,Sales & Commercial,TERMINATED,FULL_TIME,1.0,2016-07-14,2024-11-30,138282.63,0.2333,TRUE,0.1487
E2FF7BE71,NIG-500,500-400,D400,AM,US,USD,SALES,Sales & Commercial,ACTIVE,FULL_TIME,1.0,2016-11-19,,102977.43,0.1962,TRUE,0.0629
E7EF3F157,NIG-500,500-510,D510,AM,US,USD,ADMIN,Administration,ACTIVE,FULL_TIME,1.0,2018-01-06,,70464.78,0.2419,FALSE,0.0
E7753DF13,NIG-500,500-115,D115,AM,US,USD,SUPPLY,Supply Chain & Warehouse,ACTIVE,FULL_TIME,1.0,2017-01-29,,69852.28,0.214,FALSE,0.0
EDA1A5A9B,NIG-500,500-100,D100,AM,US,USD,PROD,Production & Assembly,TERMINATED,FULL_TIME,1.0,2012-07-31,2023-04-30,73240.03,0.1784,FALSE,0.0
E9F8BEF37,NIG-500,500-110,D110,AM,US,USD,SUPPLY,Supply Chain & Warehouse,ACTIVE,FULL_TIME,1.0,2016-07-03,,50768.8,0.2081,FALSE,0.0
E1EB3A187,NIG-500,500-500,D500,AM,US,USD,EXEC,Executive & Leadership,ACTIVE,FULL_TIME,1.0,2014-03-02,,179901.38,0.2268,TRUE,0.3211
EE73ACF82,NIG-500,500-505,D505,AM,US,USD,SALES,Sales & Commercial,TERMINATED,FULL_TIME,1.0,2015-11-18,2024-07-31,84794.35,0.2558,TRUE,0.2881
EF5D602E4,NIG-500,500-505,D505,AM,US,USD,IT,Information Technology,ACTIVE,FULL_TIME,1.0,2014-03-30,,87199.19,0.1735,TRUE,0.2098
EBB7B3D45,NIG-500,500-115,D115,AM,US,USD,SUPPLY,Supply Chain & Warehouse,ACTIVE,FULL_TIME,1.0,2015-11-21,,50337.99,0.2599,FALSE,0.0
EA2E3ECB9,NIG-500,500-505,D505,AM,US,USD,SALES,Sales & Commercial,ACTIVE,FULL_TIME,1.0,2018-01-03,,98436.22,0.2024,TRUE,0.2461
EA9FCAF97,NIG-500,500-500,D500,AM,US,USD,EXEC,Executive & Leadership,ACTIVE,PART_TIME,0.6,2018-08-16,,199365.26,0.2504,TRUE,0.2129
EF5FBF167,NIG-500,500-400,D400,AM,US,USD,FIN,Finance,ACTIVE,FULL_TIME,1.0,2012-04-22,,104560.6,0.1847,TRUE,0.064
E5FF15546,NIG-500,500-120,D120,AM,US,USD,QUAL,Quality & HSE,ACTIVE,PART_TIME,0.6,2019-06-01,,77802.96,0.1695,FALSE,0.0
EB72F62CF,NIG-500,500-400,D400,AM,US,USD,FIN,Finance,ACTIVE,FULL_TIME,1.0,2012-08-31,,110631.92,0.2295,TRUE,0.11
E654DC8F1,NIG-500,500-510,D510,AM,US,USD,IT,Information Technology,ACTIVE,FULL_TIME,1.0,2017-11-21,,123770.22,0.195,TRUE,0.1186
E5C959701,NIG-500,500-115,D115,AM,US,USD,QUAL,Quality & HSE,TERMINATED,FULL_TIME,1.0,2011-12-22,2023-01-31,64488.65,0.2255,FALSE,0.0
E356D5052,NIG-500,500-110,D110,AM,US,USD,QUAL,Quality & HSE,TERMINATED,PART_TIME,0.8,2014-08-30,2023-05-31,84165.78,0.1949,FALSE,0.0
E6BAA8794,NIG-500,500-410,D410,AM,US,USD,FIN,Finance,ACTIVE,FULL_TIME,1.0,2014-01-12,,112033.34,0.2505,TRUE,0.2122
EB5D09B4D,NIG-500,500-120,D120,AM,US,USD,QUAL,Quality & HSE,ACTIVE,FULL_TIME,1.0,2016-06-06,,72540.06,0.2565,FALSE,0.0
EB2845227,NIG-500,500-400,D400,AM,US,USD,EXEC,Executive & Leadership,TERMINATED,FULL_TIME,1.0,2016-12-14,2026-05-31,233579.33,0.1788,TRUE,0.1786
EF89C45E5,NIG-500,500-410,D410,AM,US,USD,FIN,Finance,ACTIVE,FULL_TIME,1.0,2017-08-12,,87246.35,0.2177,TRUE,0.3277
E16EDBBBE,NIG-500,500-405,D405,AM,US,USD,IT,Information Technology,ACTIVE,FULL_TIME,1.0,2018-05-02,,75523.54,0.2037,TRUE,0.212
E5AE765EA,NIG-500,500-510,D510,AM,US,USD,HR,Human Resources,ACTIVE,FULL_TIME,1.0,2011-11-23,,85903.19,0.1901,FALSE,0.0
EE41AEA39,NIG-500,500-405,D405,AM,US,USD,IT,Information Technology,ACTIVE,FULL_TIME,1.0,2018-04-27,,90855.0,0.1809,TRUE,0.3177
E1CA26FE0,NIG-500,500-115,D115,AM,US,USD,QUAL,Quality & HSE,TERMINATED,FULL_TIME,1.0,2012-03-27,2026-01-31,63260.83,0.2209,FALSE,0.0
EC06EDFEF,NIG-500,500-115,D115,AM,US,USD,QUAL,Quality & HSE,ACTIVE,FULL_TIME,1.0,2012-02-10,,73467.2,0.1963,FALSE,0.0
ED5AA59A0,NIG-500,500-500,D500,AM,US,USD,HR,Human Resources,ACTIVE,FULL_TIME,1.0,2015-03-18,,92204.71,0.1604,FALSE,0.0
EEF4F7E13,NIG-500,500-405,D405,AM,US,USD,HR,Human Resources,ACTIVE,FULL_TIME,1.0,2012-12-21,,75175.81,0.212,FALSE,0.0
EB8D92D00,NIG-500,500-520,D520,AM,US,USD,HR,Human Resources,TERMINATED,FULL_TIME,1.0,2016-04-02,2025-01-31,105594.74,0.2681,FALSE,0.0
EE1CE1BC2,NIG-500,500-405,D405,AM,US,USD,IT,Information Technology,ACTIVE,FULL_TIME,1.0,2016-01-31,,72670.92,0.1987,TRUE,0.0616
E77C8F5A2,NIG-500,500-120,D120,AM,US,USD,QUAL,Quality & HSE,ACTIVE,FULL_TIME,1.0,2016-12-24,,65580.57,0.1821,FALSE,0.0
E36EC95CE,NIG-500,500-405,D405,AM,US,USD,IT,Information Technology,TERMINATED,FULL_TIME,1.0,2016-12-01,2024-05-31,114626.06,0.2621,TRUE,0.1606
E8E1775C0,NIG-500,500-520,D520,AM,US,USD,FIN,Finance,ACTIVE,FULL_TIME,1.0,2018-02-02,,60582.01,0.2183,TRUE,0.1142
EE9468FF7,NIG-500,500-520,D520,AM,US,USD,ADMIN,Administration,ACTIVE,FULL_TIME,1.0,2012-12-17,,62433.61,0.164,FALSE,0.0
E438E362F,NIG-500,500-115,D115,AM,US,USD,SUPPLY,Supply Chain & Warehouse,ACTIVE,FULL_TIME,1.0,2011-11-24,,66813.76,0.1906,FALSE,0.0
EF7C7889B,NIG-500,500-115,D115,AM,US,USD,SUPPLY,Supply Chain & Warehouse,ACTIVE,PART_TIME,0.6,2013-05-22,,59557.35,0.2304,FALSE,0.0
EC1E1A33B,NIG-500,500-500,D500,AM,US,USD,IT,Information Technology,ACTIVE,FULL_TIME,1.0,2017-08-04,,117516.9,0.2057,TRUE,0.1937
EE597385C,NIG-500,500-120,D120,AM,US,USD,QUAL,Quality & HSE,TERMINATED,FULL_TIME,1.0,2012-12-13,2024-11-30,85550.87,0.234,FALSE,0.0
E3C205955,NIG-500,500-505,D505,AM,US,USD,IT,Information Technology,ACTIVE,FULL_TIME,1.0,2012-08-19,,148107.23,0.1904,TRUE,0.1985
EE930D292,NIG-500,500-510,D510,AM,US,USD,SALES,Sales & Commercial,ACTIVE,FULL_TIME,1.0,2015-06-08,,90823.47,0.193,TRUE,0.078
E0A15F4ED,NIG-500,500-100,D100,AM,US,USD,PROD,Production & Assembly,TERMINATED,FULL_TIME,1.0,2017-03-16,2023-05-31,50822.78,0.213,FALSE,0.0
E5CB4C8A1,NIG-500,500-120,D120,AM,US,USD,SUPPLY,Supply Chain & Warehouse,ACTIVE,FULL_TIME,1.0,2018-09-25,,75091.5,0.1601,FALSE,0.0
EBC1CC410,NIG-500,500-410,D410,AM,US,USD,SALES,Sales & Commercial,ACTIVE,FULL_TIME,1.0,2016-12-27,,82482.06,0.168,TRUE,0.1837
ED6D88244,NIG-500,500-410,D410,AM,US,USD,ADMIN,Administration,ACTIVE,PART_TIME,0.5,2018-11-14,,67962.79,0.2304,FALSE,0.0
EF9BBC43D,NIG-500,500-500,D500,AM,US,USD,EXEC,Executive & Leadership,ACTIVE,FULL_TIME,1.0,2018-12-31,,218638.87,0.2509,TRUE,0.0747
EF57F24FA,NIG-500,500-115,D115,AM,US,USD,SUPPLY,Supply Chain & Warehouse,ACTIVE,FULL_TIME,1.0,2012-02-21,,56695.89,0.211,FALSE,0.0
E859854B7,NIG-500,500-520,D520,AM,US,USD,EXEC,Executive & Leadership,ACTIVE,FULL_TIME,1.0,2014-05-04,,186674.21,0.211,TRUE,0.1157
E2A9D7BC1,NIG-500,500-115,D115,AM,US,USD,QUAL,Quality & HSE,ACTIVE,FULL_TIME,1.0,2018-11-23,,83803.31,0.2629,FALSE,0.0
EEE7E6A4E,NIG-500,500-400,D400,AM,US,USD,ADMIN,Administration,ACTIVE,FULL_TIME,1.0,2019-04-27,,57948.04,0.2366,FALSE,0.0
EF881FFB2,NIG-500,500-110,D110,AM,US,USD,QUAL,Quality & HSE,ACTIVE,FULL_TIME,1.0,2013-01-31,,77127.83,0.2264,FALSE,0.0
EDAB14E21,NIG-500,500-520,D520,AM,US,USD,IT,Information Technology,ACTIVE,FULL_TIME,1.0,2018-02-01,,107241.21,0.2135,TRUE,0.165
ED2267634,NIG-500,500-120,D120,AM,US,USD,QUAL,Quality & HSE,TERMINATED,FULL_TIME,1.0,2015-05-31,2025-06-30,71166.54,0.2536,FALSE,0.0
E28CC9C8E,NIG-500,500-505,D505,AM,US,USD,FIN,Finance,ACTIVE,FULL_TIME,1.0,2014-07-16,,83600.89,0.2132,TRUE,0.2501
E811B8B7A,NIG-500,500-520,D520,AM,US,USD,EXEC,Executive & Leadership,TERMINATED,FULL_TIME,1.0,2019-06-08,2026-06-30,192110.16,0.1973,TRUE,0.1471
E89089C77,NIG-500,500-510,D510,AM,US,USD,ADMIN,Administration,ACTIVE,FULL_TIME,1.0,2016-05-31,,65898.71,0.2324,FALSE,0.0
EAFF7AB5A,NIG-500,500-410,D410,AM,US,USD,SALES,Sales & Commercial,TERMINATED,FULL_TIME,1.0,2016-09-09,2026-02-28,66480.88,0.1924,TRUE,0.1206
EA4C9AEB3,NIG-500,500-520,D520,AM,US,USD,SALES,Sales & Commercial,ACTIVE,FULL_TIME,1.0,2015-10-08,,109181.12,0.2295,TRUE,0.1828
E58E0EFCD,NIG-500,500-400,D400,AM,US,USD,FIN,Finance,ACTIVE,FULL_TIME,1.0,2011-11-19,,89245.48,0.2159,TRUE,0.2795
E284A52C9,NIG-500,500-505,D505,AM,US,USD,FIN,Finance,ACTIVE,FULL_TIME,1.0,2018-01-06,,84886.22,0.2577,TRUE,0.0696
E62832284,NIG-500,500-505,D505,AM,US,USD,IT,Information Technology,ACTIVE,FULL_TIME,1.0,2013-10-27,,119654.05,0.1702,TRUE,0.2069
ECF544804,NIG-500,500-115,D115,AM,US,USD,QUAL,Quality & HSE,ACTIVE,FULL_TIME,1.0,2018-05-21,,59290.34,0.2419,FALSE,0.0
E485B6C1E,NIG-500,500-405,D405,AM,US,USD,ADMIN,Administration,ACTIVE,FULL_TIME,1.0,2018-06-24,,55334.89,0.1818,FALSE,0.0
E82A302F0,NIG-500,500-520,D520,AM,US,USD,HR,Human Resources,TERMINATED,FULL_TIME,1.0,2013-07-06,2023-06-30,80250.01,0.166,FALSE,0.0
EA60AA360,NIG-500,500-505,D505,AM,US,USD,HR,Human Resources,ACTIVE,FULL_TIME,1.0,2023-04-12,,108307.95,0.2015,FALSE,0.0
E4AA5C18A,NIG-500,500-410,D410,AM,US,USD,EXEC,Executive & Leadership,ACTIVE,FULL_TIME,1.0,2023-08-03,,178071.15,0.2526,TRUE,0.0982
E5F3CA880,NIG-500,500-110,D110,AM,US,USD,QUAL,Quality & HSE,TERMINATED,FULL_TIME,1.0,2023-12-23,2025-11-30,91109.18,0.2576,FALSE,0.0
EE45B337E,NIG-500,500-505,D505,AM,US,USD,SALES,Sales & Commercial,ACTIVE,FULL_TIME,1.0,2024-04-01,,103823.5,0.1973,TRUE,0.0576
E131E4DFA,NIG-500,500-115,D115,AM,US,USD,SUPPLY,Supply Chain & Warehouse,ACTIVE,FULL_TIME,1.0,2024-08-20,,72433.9,0.2087,FALSE,0.0
EB9035596,NIG-500,500-510,D510,AM,US,USD,IT,Information Technology,ACTIVE,FULL_TIME,1.0,2024-12-01,,112599.1,0.2176,TRUE,0.2555
EC183CDE4,NIG-500,500-505,D505,AM,US,USD,HR,Human Resources,ACTIVE,FULL_TIME,1.0,2025-06-07,,118426.39,0.2451,FALSE,0.0
E66474043,NIG-500,500-110,D110,AM,US,USD,SUPPLY,Supply Chain & Warehouse,ACTIVE,FULL_TIME,1.0,2025-12-02,,56513.11,0.2357,FALSE,0.0
EE9DD236F,NIG-500,500-405,D405,AM,US,USD,HR,Human Resources,ACTIVE,FULL_TIME,1.0,2023-06-08,,93018.32,0.2648,FALSE,0.0
EF6D1F7A7,NIG-500,500-115,D115,AM,US,USD,SUPPLY,Supply Chain & Warehouse,ACTIVE,FULL_TIME,1.0,2026-06-10,,86643.26,0.1614,FALSE,0.0
E4A599304,NIG-500,500-115,D115,AM,US,USD,QUAL,Quality & HSE,ACTIVE,FULL_TIME,1.0,2025-02-12,,66838.69,0.1899,FALSE,0.0
E0AE470DA,NIG-500,500-500,D500,AM,US,USD,ADMIN,Administration,ACTIVE,FULL_TIME,1.0,2025-12-01,,42571.16,0.2403,FALSE,0.0
E2314C164,NIG-500,500-510,D510,AM,US,USD,FIN,Finance,ACTIVE,FULL_TIME,1.0,2026-03-19,,87062.63,0.177,TRUE,0.1106
E15152C70,NIG-500,500-115,D115,AM,US,USD,QUAL,Quality & HSE,ACTIVE,FULL_TIME,1.0,2023-05-05,,72709.24,0.2697,FALSE,0.0
E22A2F912,NIG-500,500-510,D510,AM,US,USD,IT,Information Technology,ACTIVE,FULL_TIME,1.0,2023-10-12,,104821.36,0.1618,TRUE,0.1235
E4F66216C,NIG-500,500-410,D410,AM,US,USD,EXEC,Executive & Leadership,ACTIVE,FULL_TIME,1.0,2024-06-14,,181094.65,0.2392,TRUE,0.2427
EAA3E8402,NIG-500,500-120,D120,AM,US,USD,SUPPLY,Supply Chain & Warehouse,ACTIVE,FULL_TIME,1.0,2023-06-08,,63625.68,0.2031,FALSE,0.0
EF369BDC5,NIG-500,500-110,D110,AM,US,USD,SUPPLY,Supply Chain & Warehouse,ACTIVE,FULL_TIME,1.0,2024-11-15,,75378.72,0.1922,FALSE,0.0
EA81A6E15,NIG-500,500-115,D115,AM,US,USD,QUAL,Quality & HSE,ACTIVE,FULL_TIME,1.0,2024-09-07,,80784.34,0.2081,FALSE,0.0
EB34EFFF4,NIG-500,500-100,D100,AM,US,USD,PROD,Production & Assembly,ACTIVE,FULL_TIME,1.0,2026-07-05,,62574.47,0.1644,FALSE,0.0
E4BEF634D,NIG-500,500-500,D500,AM,US,USD,SALES,Sales & Commercial,ACTIVE,FULL_TIME,1.0,2024-12-01,,134526.9,0.2603,TRUE,0.3353
E825798F2,NIG-500,500-405,D405,AM,US,USD,ADMIN,Administration,ACTIVE,FULL_TIME,1.0,2023-07-08,,63658.56,0.1856,FALSE,0.0
E8B59C148,NIG-500,500-510,D510,AM,US,USD,ADMIN,Administration,ACTIVE,FULL_TIME,1.0,2023-06-05,,60152.8,0.2531,FALSE,0.0
E4A4AC0A2,NIG-500,500-410,D410,AM,US,USD,HR,Human Resources,ACTIVE,FULL_TIME,1.0,2024-08-09,,87536.58,0.1749,FALSE,0.0
EFA9D1965,NIG-500,500-115,D115,AM,US,USD,SUPPLY,Supply Chain & Warehouse,ACTIVE,FULL_TIME,1.0,2025-08-01,,71609.68,0.1619,FALSE,0.0
EF072BDDE,NIG-500,500-100,D100,AM,US,USD,PROD,Production & Assembly,ACTIVE,FULL_TIME,1.0,2024-12-01,,54876.77,0.2638,FALSE,0.0
E8C2BD4E5,NIG-500,500-410,D410,AM,US,USD,HR,Human Resources,ACTIVE,PART_TIME,0.5,2025-07-20,,77489.35,0.165,FALSE,0.0
EEC06E5C6,NIG-500,500-500,D500,AM,US,USD,FIN,Finance,ACTIVE,FULL_TIME,1.0,2024-12-06,,114097.95,0.2056,TRUE,0.3259
E2B7CFCBB,NIG-500,500-100,D100,AM,US,USD,PROD,Production & Assembly,ACTIVE,FULL_TIME,1.0,2026-02-01,,63967.12,0.1794,FALSE,0.0
E08320034,NIG-500,500-100,D100,AM,US,USD,PROD,Production & Assembly,ACTIVE,FULL_TIME,1.0,2025-03-16,,58478.56,0.2195,FALSE,0.0
E01D3A7EB,NIG-500,500-115,D115,AM,US,USD,QUAL,Quality & HSE,ACTIVE,PART_TIME,0.5,2024-12-15,,73432.61,0.1686,FALSE,0.0
ED05129D7,NIG-500,500-120,D120,AM,US,USD,SUPPLY,Supply Chain & Warehouse,ACTIVE,PART_TIME,0.6,2023-02-18,,67262.48,0.2522,FALSE,0.0
E6BA3AD42,NIG-510,510-410,D410,AM,GB,GBP,HR,Human Resources,TERMINATED,FULL_TIME,1.0,2015-09-13,2024-12-31,84082.61,0.1942,FALSE,0.0
EF3599ACE,NIG-510,510-400,D400,AM,GB,GBP,HR,Human Resources,ACTIVE,FULL_TIME,1.0,2015-01-24,,54757.7,0.1847,FALSE,0.0
E40D67F9A,NIG-510,510-520,D520,AM,GB,GBP,ADMIN,Administration,ACTIVE,FULL_TIME,1.0,2015-12-08,,40377.15,0.1764,FALSE,0.0
E6F9EBA33,NIG-510,510-410,D410,AM,GB,GBP,ADMIN,Administration,TERMINATED,FULL_TIME,1.0,2021-06-15,2023-11-30,53336.34,0.2428,FALSE,0.0
E59B5F98F,NIG-510,510-505,D505,AM,GB,GBP,EXEC,Executive & Leadership,ACTIVE,FULL_TIME,1.0,2019-03-04,,165281.65,0.1603,TRUE,0.1323
E67EFED79,NIG-510,510-400,D400,AM,GB,GBP,IT,Information Technology,ACTIVE,FULL_TIME,1.0,2021-08-02,,79323.63,0.1671,TRUE,0.2797
E4D5B91C5,NIG-510,510-505,D505,AM,GB,GBP,EXEC,Executive & Leadership,ACTIVE,FULL_TIME,1.0,2019-05-22,,179010.15,0.2656,TRUE,0.2365
EF43EEAB1,NIG-510,510-400,D400,AM,GB,GBP,IT,Information Technology,ACTIVE,FULL_TIME,1.0,2021-08-19,,74808.28,0.196,TRUE,0.1907
EDB2F0921,NIG-510,510-100,D100,AM,GB,GBP,PROD,Production & Assembly,TERMINATED,FULL_TIME,1.0,2022-03-23,2023-01-31,55964.66,0.1752,FALSE,0.0
EEBAC6ED6,NIG-510,510-405,D405,AM,GB,GBP,EXEC,Executive & Leadership,ACTIVE,FULL_TIME,1.0,2021-05-11,,171527.13,0.1811,TRUE,0.1467
EDF526CA8,NIG-510,510-510,D510,AM,GB,GBP,ADMIN,Administration,ACTIVE,FULL_TIME,1.0,2015-11-28,,48421.27,0.1698,FALSE,0.0
EAE67DF2B,NIG-510,510-500,D500,AM,GB,GBP,FIN,Finance,ACTIVE,FULL_TIME,1.0,2019-03-30,,86410.04,0.2647,TRUE,0.0581
EA4A50E72,NIG-510,510-510,D510,AM,GB,GBP,IT,Information Technology,ACTIVE,FULL_TIME,1.0,2016-10-26,,94163.71,0.1687,TRUE,0.0794
E432F7963,NIG-510,510-405,D405,AM,GB,GBP,FIN,Finance,ACTIVE,FULL_TIME,1.0,2017-05-22,,85926.77,0.2675,TRUE,0.1316
E5F58DDBA,NIG-510,510-520,D520,AM,GB,GBP,EXEC,Executive & Leadership,ACTIVE,FULL_TIME,1.0,2020-06-04,,223569.85,0.2604,TRUE,0.2776
ECFFC6A27,NIG-510,510-510,D510,AM,GB,GBP,FIN,Finance,ACTIVE,PART_TIME,0.8,2020-02-25,,56525.91,0.2592,TRUE,0.2991
E720357E8,NIG-510,510-410,D410,AM,GB,GBP,SALES,Sales & Commercial,ACTIVE,FULL_TIME,1.0,2017-10-04,,54523.3,0.2584,TRUE,0.3292
EA76347BC,NIG-510,510-120,D120,AM,GB,GBP,SUPPLY,Supply Chain & Warehouse,ACTIVE,FULL_TIME,1.0,2021-01-03,,61532.93,0.2528,FALSE,0.0
E796525B0,NIG-510,510-110,D110,AM,GB,GBP,QUAL,Quality & HSE,ACTIVE,FULL_TIME,1.0,2018-08-20,,34276.0,0.1772,FALSE,0.0
EBCE43C55,NIG-510,510-100,D100,AM,GB,GBP,PROD,Production & Assembly,ACTIVE,FULL_TIME,1.0,2016-09-01,,68855.25,0.1831,FALSE,0.0
ED330109A,NIG-510,510-100,D100,AM,GB,GBP,PROD,Production & Assembly,ACTIVE,PART_TIME,0.6,2020-07-12,,47568.53,0.2679,FALSE,0.0
EB7D8A723,NIG-510,510-410,D410,AM,GB,GBP,SALES,Sales & Commercial,ACTIVE,FULL_TIME,1.0,2020-01-11,,78590.07,0.2592,TRUE,0.0532
E9F6874F4,NIG-510,510-500,D500,AM,GB,GBP,SALES,Sales & Commercial,ACTIVE,FULL_TIME,1.0,2020-08-17,,92570.95,0.2532,TRUE,0.3299
E6C2A35D2,NIG-510,510-115,D115,AM,GB,GBP,QUAL,Quality & HSE,ACTIVE,FULL_TIME,1.0,2016-04-24,,50636.73,0.2173,FALSE,0.0
E00E6E907,NIG-510,510-410,D410,AM,GB,GBP,FIN,Finance,ACTIVE,FULL_TIME,1.0,2016-11-06,,88212.32,0.2665,TRUE,0.0962
E87AE9FDF,NIG-510,510-120,D120,AM,GB,GBP,QUAL,Quality & HSE,ACTIVE,FULL_TIME,1.0,2020-05-19,,71863.83,0.206,FALSE,0.0
E8462F625,NIG-510,510-410,D410,AM,GB,GBP,ADMIN,Administration,ACTIVE,FULL_TIME,1.0,2017-04-26,,46656.75,0.238,FALSE,0.0
E8BDE1FF2,NIG-510,510-410,D410,AM,GB,GBP,EXEC,Executive & Leadership,TERMINATED,FULL_TIME,1.0,2017-12-24,2025-05-31,144519.51,0.2515,TRUE,0.3183
EF4810B60,NIG-510,510-510,D510,AM,GB,GBP,FIN,Finance,ACTIVE,PART_TIME,0.6,2019-10-29,,57282.63,0.1961,TRUE,0.1531
E81ACE2A3,NIG-510,510-110,D110,AM,GB,GBP,SUPPLY,Supply Chain & Warehouse,ACTIVE,FULL_TIME,1.0,2017-03-18,,68868.74,0.2649,FALSE,0.0
ED1673349,NIG-510,510-400,D400,AM,GB,GBP,IT,Information Technology,ACTIVE,FULL_TIME,1.0,2022-01-11,,79049.39,0.1662,TRUE,0.3456
E1A635F88,NIG-510,510-100,D100,AM,GB,GBP,PROD,Production & Assembly,ACTIVE,FULL_TIME,1.0,2017-03-16,,54521.24,0.2367,FALSE,0.0
E0887E4E8,NIG-510,510-120,D120,AM,GB,GBP,SUPPLY,Supply Chain & Warehouse,ACTIVE,FULL_TIME,1.0,2020-07-30,,67535.98,0.2297,FALSE,0.0
EAF3A4DEA,NIG-510,510-410,D410,AM,GB,GBP,SALES,Sales & Commercial,TERMINATED,FULL_TIME,1.0,2019-08-02,2023-06-30,87073.25,0.1683,TRUE,0.307
E7858C281,NIG-510,510-100,D100,AM,GB,GBP,PROD,Production & Assembly,ACTIVE,FULL_TIME,1.0,2017-01-25,,43043.04,0.2313,FALSE,0.0
E3E4B6CA9,NIG-510,510-520,D520,AM,GB,GBP,ADMIN,Administration,TERMINATED,FULL_TIME,1.0,2016-10-25,2025-07-31,54402.57,0.1906,FALSE,0.0
E85373FFE,NIG-510,510-520,D520,AM,GB,GBP,HR,Human Resources,ACTIVE,FULL_TIME,1.0,2021-10-15,,60298.54,0.2125,FALSE,0.0
E3026312E,NIG-510,510-100,D100,AM,GB,GBP,PROD,Production & Assembly,TERMINATED,FULL_TIME,1.0,2017-02-18,2023-03-31,50218.77,0.2066,FALSE,0.0
E872AE4FD,NIG-510,510-520,D520,AM,GB,GBP,ADMIN,Administration,ACTIVE,FULL_TIME,1.0,2017-07-23,,31973.08,0.1841,FALSE,0.0
E49E9F731,NIG-510,510-115,D115,AM,GB,GBP,QUAL,Quality & HSE,ACTIVE,FULL_TIME,1.0,2014-12-31,,54790.02,0.1863,FALSE,0.0
ED221CD3A,NIG-510,510-120,D120,AM,GB,GBP,SUPPLY,Supply Chain & Warehouse,ACTIVE,FULL_TIME,1.0,2016-10-03,,62693.12,0.1675,FALSE,0.0
E3DA8F7F9,NIG-510,510-100,D100,AM,GB,GBP,PROD,Production & Assembly,ACTIVE,PART_TIME,0.8,2014-12-06,,38324.54,0.1646,FALSE,0.0
ED31686B1,NIG-510,510-100,D100,AM,GB,GBP,PROD,Production & Assembly,ACTIVE,FULL_TIME,1.0,2019-02-08,,54252.45,0.2476,FALSE,0.0
EC9387086,NIG-510,510-510,D510,AM,GB,GBP,SALES,Sales & Commercial,ACTIVE,FULL_TIME,1.0,2018-07-23,,70862.23,0.2696,TRUE,0.1256
EA7A3641F,NIG-510,510-510,D510,AM,GB,GBP,HR,Human Resources,ACTIVE,FULL_TIME,1.0,2021-04-28,,76711.18,0.1751,FALSE,0.0
EDFCCEF62,NIG-510,510-110,D110,AM,GB,GBP,SUPPLY,Supply Chain & Warehouse,TERMINATED,FULL_TIME,1.0,2020-10-26,2024-08-31,44859.05,0.2186,FALSE,0.0
ED61D6FA0,NIG-510,510-510,D510,AM,GB,GBP,FIN,Finance,ACTIVE,FULL_TIME,1.0,2015-07-20,,74278.21,0.2322,TRUE,0.0806
E528B58B5,NIG-510,510-520,D520,AM,GB,GBP,ADMIN,Administration,ACTIVE,FULL_TIME,1.0,2015-12-26,,32459.63,0.1694,FALSE,0.0
E63B67087,NIG-510,510-500,D500,AM,GB,GBP,FIN,Finance,ACTIVE,FULL_TIME,1.0,2020-04-15,,62802.35,0.2567,TRUE,0.1529
E6DECBAF9,NIG-510,510-120,D120,AM,GB,GBP,SUPPLY,Supply Chain & Warehouse,ACTIVE,FULL_TIME,1.0,2020-09-11,,64585.02,0.1892,FALSE,0.0
E7AEBCCA0,NIG-510,510-520,D520,AM,GB,GBP,ADMIN,Administration,ACTIVE,FULL_TIME,1.0,2018-08-30,,31182.21,0.1746,FALSE,0.0
E810886E1,NIG-510,510-100,D100,AM,GB,GBP,PROD,Production & Assembly,TERMINATED,FULL_TIME,1.0,2018-05-24,2025-05-31,36185.32,0.1648,FALSE,0.0
ED3FCBC55,NIG-510,510-110,D110,AM,GB,GBP,QUAL,Quality & HSE,ACTIVE,FULL_TIME,1.0,2016-05-20,,61499.19,0.2534,FALSE,0.0
E0BE4BDB1,NIG-510,510-120,D120,AM,GB,GBP,SUPPLY,Supply Chain & Warehouse,ACTIVE,FULL_TIME,1.0,2020-02-16,,59986.0,0.1774,FALSE,0.0
ED4829F3A,NIG-510,510-100,D100,AM,GB,GBP,PROD,Production & Assembly,TERMINATED,FULL_TIME,1.0,2017-02-07,2025-06-30,56677.44,0.224,FALSE,0.0
ECD4FE35B,NIG-510,510-400,D400,AM,GB,GBP,IT,Information Technology,TERMINATED,FULL_TIME,1.0,2017-11-23,2024-02-29,80295.4,0.2445,TRUE,0.1321
E65D87FF1,NIG-510,510-405,D405,AM,GB,GBP,FIN,Finance,ACTIVE,PART_TIME,0.6,2021-04-14,,62816.82,0.2126,TRUE,0.2494
E498AC09B,NIG-510,510-110,D110,AM,GB,GBP,SUPPLY,Supply Chain & Warehouse,ACTIVE,FULL_TIME,1.0,2022-04-23,,42973.25,0.2401,FALSE,0.0
EF1280666,NIG-510,510-510,D510,AM,GB,GBP,IT,Information Technology,ACTIVE,FULL_TIME,1.0,2020-11-16,,102062.94,0.2077,TRUE,0.1351
EF3777CC6,NIG-510,510-115,D115,AM,GB,GBP,QUAL,Quality & HSE,ACTIVE,FULL_TIME,1.0,2022-01-21,,74588.64,0.1703,FALSE,0.0
ED2BFDE18,NIG-510,510-115,D115,AM,GB,GBP,SUPPLY,Supply Chain & Warehouse,ACTIVE,FULL_TIME,1.0,2022-03-08,,63420.62,0.162,FALSE,0.0
E224923F0,NIG-510,510-505,D505,AM,GB,GBP,HR,Human Resources,ACTIVE,FULL_TIME,1.0,2018-10-06,,57893.81,0.2559,FALSE,0.0
E9BF63D81,NIG-510,510-505,D505,AM,GB,GBP,HR,Human Resources,ACTIVE,FULL_TIME,1.0,2019-10-10,,53360.24,0.1736,FALSE,0.0
EA06D4B3E,NIG-510,510-500,D500,AM,GB,GBP,ADMIN,Administration,ACTIVE,FULL_TIME,1.0,2018-08-08,,42763.18,0.1982,FALSE,0.0
E5A7FCF58,NIG-510,510-110,D110,AM,GB,GBP,SUPPLY,Supply Chain & Warehouse,ACTIVE,FULL_TIME,1.0,2021-11-11,,50554.69,0.1738,FALSE,0.0
EEA5A86C0,NIG-510,510-115,D115,AM,GB,GBP,QUAL,Quality & HSE,ACTIVE,FULL_TIME,1.0,2023-04-12,,50883.15,0.2638,FALSE,0.0
E8606FFAF,NIG-510,510-400,D400,AM,GB,GBP,ADMIN,Administration,TERMINATED,FULL_TIME,1.0,2023-07-20,2023-08-31,53626.11,0.2282,FALSE,0.0
EE6BAF478,NIG-510,510-120,D120,AM,GB,GBP,QUAL,Quality & HSE,ACTIVE,FULL_TIME,1.0,2023-10-22,,81677.06,0.1825,FALSE,0.0
E0D739957,NIG-510,510-520,D520,AM,GB,GBP,SALES,Sales & Commercial,ACTIVE,FULL_TIME,1.0,2024-01-31,,104804.14,0.2617,TRUE,0.2075
E1803ACA3,NIG-510,510-520,D520,AM,GB,GBP,HR,Human Resources,ACTIVE,FULL_TIME,1.0,2024-03-02,,87813.08,0.2631,FALSE,0.0
EE31F5928,NIG-510,510-400,D400,AM,GB,GBP,SALES,Sales & Commercial,ACTIVE,FULL_TIME,1.0,2024-06-10,,88127.1,0.2583,TRUE,0.1934
E9DD3EA36,NIG-510,510-510,D510,AM,GB,GBP,ADMIN,Administration,TERMINATED,FULL_TIME,1.0,2024-08-26,2026-06-30,40773.75,0.2445,FALSE,0.0
E0176508D,NIG-510,510-405,D405,AM,GB,GBP,ADMIN,Administration,ACTIVE,FULL_TIME,1.0,2024-10-27,,44478.08,0.2519,FALSE,0.0
E69D622BE,NIG-510,510-520,D520,AM,GB,GBP,EXEC,Executive & Leadership,TERMINATED,FULL_TIME,1.0,2025-01-08,2025-10-31,218229.28,0.226,TRUE,0.1075
E53251F67,NIG-510,510-115,D115,AM,GB,GBP,SUPPLY,Supply Chain & Warehouse,TERMINATED,FULL_TIME,1.0,2025-07-20,2026-05-31,58324.76,0.2073,FALSE,0.0
EAD9C5926,NIG-510,510-405,D405,AM,GB,GBP,HR,Human Resources,ACTIVE,FULL_TIME,1.0,2023-04-03,,78548.01,0.1891,FALSE,0.0
E517DD370,NIG-510,510-100,D100,AM,GB,GBP,PROD,Production & Assembly,ACTIVE,FULL_TIME,1.0,2026-07-05,,41051.11,0.2673,FALSE,0.0
EF9169076,NIG-510,510-520,D520,AM,GB,GBP,SALES,Sales & Commercial,ACTIVE,FULL_TIME,1.0,2023-07-01,,79502.83,0.1725,TRUE,0.1157
E1234A672,NIG-510,510-405,D405,AM,GB,GBP,ADMIN,Administration,ACTIVE,FULL_TIME,1.0,2025-07-05,,34362.56,0.2575,FALSE,0.0
EB08A69BF,NIG-510,510-400,D400,AM,GB,GBP,EXEC,Executive & Leadership,ACTIVE,FULL_TIME,1.0,2025-01-02,,162725.67,0.1987,TRUE,0.3348
E1E91A863,NIG-510,510-410,D410,AM,GB,GBP,SALES,Sales & Commercial,ACTIVE,FULL_TIME,1.0,2024-03-06,,92591.67,0.1877,TRUE,0.2346
E38DAF32D,NIG-510,510-505,D505,AM,GB,GBP,SALES,Sales & Commercial,ACTIVE,FULL_TIME,1.0,2025-08-05,,75272.21,0.2445,TRUE,0.2153
E0FFEA781,NIG-510,510-115,D115,AM,GB,GBP,QUAL,Quality & HSE,ACTIVE,FULL_TIME,1.0,2024-09-17,,63567.19,0.2111,FALSE,0.0
EDFA14501,NIG-510,510-110,D110,AM,GB,GBP,QUAL,Quality & HSE,ACTIVE,FULL_TIME,1.0,2023-12-09,,55767.31,0.2134,FALSE,0.0
EA48F458A,NIG-510,510-520,D520,AM,GB,GBP,EXEC,Executive & Leadership,ACTIVE,FULL_TIME,1.0,2026-06-04,,137030.73,0.202,TRUE,0.3234
E4E522F26,NIG-510,510-410,D410,AM,GB,GBP,IT,Information Technology,ACTIVE,PART_TIME,0.6,2023-02-01,,60924.69,0.2319,TRUE,0.1661
EA8887830,NIG-510,510-405,D405,AM,GB,GBP,HR,Human Resources,ACTIVE,FULL_TIME,1.0,2025-11-17,,68035.72,0.1968,FALSE,0.0
EB19FED61,NIG-510,510-410,D410,AM,GB,GBP,IT,Information Technology,ACTIVE,FULL_TIME,1.0,2025-06-08,,83282.29,0.2586,TRUE,0.1301
ECA1F8116,NIG-510,510-400,D400,AM,GB,GBP,EXEC,Executive & Leadership,ACTIVE,PART_TIME,0.5,2023-09-02,,92455.0,0.2007,TRUE,0.0637
E2402A9ED,NIG-510,510-120,D120,AM,GB,GBP,QUAL,Quality & HSE,ACTIVE,FULL_TIME,1.0,2025-06-01,,48490.19,0.2652,FALSE,0.0
