asset_id,entity_code,project_id,asset_class,asset_description,group_account,cost_centre_code,acquisition_date,in_service_date,useful_life_years,depreciation_method,cost_local,residual_value_local,currency_code,status
FA-4E74C851C7,NIG-200,CP-200-202301-01,BUILDING,Buildings and improvements - CP-200-202301-01,150200,,2023-01-10,2023-01-10,30,STRAIGHT_LINE,31409.97,0.0,USD,ACTIVE
FA-EE14648E18,NIG-200,CP-200-202301-01,PLANT,Machinery and equipment - CP-200-202301-01,150300,,2023-01-10,2023-01-10,10,STRAIGHT_LINE,60202.44,0.0,USD,ACTIVE
FA-C8EC15D108,NIG-200,CP-200-202301-01,VEHICLE,Vehicles - CP-200-202301-01,150400,,2023-01-10,2023-01-10,6,STRAIGHT_LINE,17013.73,0.0,USD,ACTIVE
FA-134432B40A,NIG-200,CP-200-202301-01,IT,Computer hardware and software - CP-200-202301-01,150500,,2023-01-10,2023-01-10,4,STRAIGHT_LINE,11778.74,0.0,USD,ACTIVE
FA-CD80B53F22,NIG-200,CP-200-202301-01,LEASEHOLD,Leasehold improvements - CP-200-202301-01,150600,,2023-01-10,2023-01-10,8,STRAIGHT_LINE,10469.99,0.0,USD,ACTIVE
FA-CE43979F20,NIG-200,CP-200-202302-01,BUILDING,Buildings and improvements - CP-200-202302-01,150200,,2023-02-10,2023-02-10,30,STRAIGHT_LINE,31409.97,0.0,USD,ACTIVE
FA-6D30957A44,NIG-200,CP-200-202302-01,PLANT,Machinery and equipment - CP-200-202302-01,150300,,2023-02-10,2023-02-10,10,STRAIGHT_LINE,60202.44,0.0,USD,ACTIVE
FA-A4C1714A91,NIG-200,CP-200-202302-01,VEHICLE,Vehicles - CP-200-202302-01,150400,,2023-02-10,2023-02-10,6,STRAIGHT_LINE,17013.73,0.0,USD,ACTIVE
FA-D5587587FC,NIG-200,CP-200-202302-01,IT,Computer hardware and software - CP-200-202302-01,150500,,2023-02-10,2023-02-10,4,STRAIGHT_LINE,11778.74,0.0,USD,ACTIVE
FA-8565F289FD,NIG-200,CP-200-202302-01,LEASEHOLD,Leasehold improvements - CP-200-202302-01,150600,,2023-02-10,2023-02-10,8,STRAIGHT_LINE,10469.99,0.0,USD,ACTIVE
FA-95B3143BA8,NIG-200,CP-200-202303-01,BUILDING,Buildings and improvements - CP-200-202303-01,150200,,2023-03-10,2023-03-10,30,STRAIGHT_LINE,31409.97,0.0,USD,ACTIVE
FA-C384FE9885,NIG-200,CP-200-202303-01,PLANT,Machinery and equipment - CP-200-202303-01,150300,,2023-03-10,2023-03-10,10,STRAIGHT_LINE,60202.44,0.0,USD,ACTIVE
FA-885F457784,NIG-200,CP-200-202303-01,VEHICLE,Vehicles - CP-200-202303-01,150400,,2023-03-10,2023-03-10,6,STRAIGHT_LINE,17013.73,0.0,USD,ACTIVE
FA-8189DF1F0C,NIG-200,CP-200-202303-01,IT,Computer hardware and software - CP-200-202303-01,150500,,2023-03-10,2023-03-10,4,STRAIGHT_LINE,11778.74,0.0,USD,ACTIVE
FA-CB91F3BAA7,NIG-200,CP-200-202303-01,LEASEHOLD,Leasehold improvements - CP-200-202303-01,150600,,2023-03-10,2023-03-10,8,STRAIGHT_LINE,10469.99,0.0,USD,ACTIVE
FA-D94278D953,NIG-200,CP-200-202304-01,BUILDING,Buildings and improvements - CP-200-202304-01,150200,,2023-04-10,2023-04-10,30,STRAIGHT_LINE,31409.97,0.0,USD,ACTIVE
FA-4446211DF2,NIG-200,CP-200-202304-01,PLANT,Machinery and equipment - CP-200-202304-01,150300,,2023-04-10,2023-04-10,10,STRAIGHT_LINE,60202.44,0.0,USD,ACTIVE
FA-6647BC2757,NIG-200,CP-200-202304-01,VEHICLE,Vehicles - CP-200-202304-01,150400,,2023-04-10,2023-04-10,6,STRAIGHT_LINE,17013.73,0.0,USD,ACTIVE
FA-428BAECCE5,NIG-200,CP-200-202304-01,IT,Computer hardware and software - CP-200-202304-01,150500,,2023-04-10,2023-04-10,4,STRAIGHT_LINE,11778.74,0.0,USD,ACTIVE
FA-8D31165E8F,NIG-200,CP-200-202304-01,LEASEHOLD,Leasehold improvements - CP-200-202304-01,150600,,2023-04-10,2023-04-10,8,STRAIGHT_LINE,10469.99,0.0,USD,ACTIVE
FA-C9078AEB05,NIG-200,CP-200-202305-01,BUILDING,Buildings and improvements - CP-200-202305-01,150200,,2023-05-10,2023-05-10,30,STRAIGHT_LINE,31409.97,0.0,USD,ACTIVE
FA-0C701453CE,NIG-200,CP-200-202305-01,PLANT,Machinery and equipment - CP-200-202305-01,150300,,2023-05-10,2023-05-10,10,STRAIGHT_LINE,60202.44,0.0,USD,ACTIVE
FA-4EA230CBFC,NIG-200,CP-200-202305-01,VEHICLE,Vehicles - CP-200-202305-01,150400,,2023-05-10,2023-05-10,6,STRAIGHT_LINE,17013.73,0.0,USD,ACTIVE
FA-574C24926A,NIG-200,CP-200-202305-01,IT,Computer hardware and software - CP-200-202305-01,150500,,2023-05-10,2023-05-10,4,STRAIGHT_LINE,11778.74,0.0,USD,ACTIVE
FA-88A7C364AD,NIG-200,CP-200-202305-01,LEASEHOLD,Leasehold improvements - CP-200-202305-01,150600,,2023-05-10,2023-05-10,8,STRAIGHT_LINE,10469.99,0.0,USD,ACTIVE
FA-2B3C637C71,NIG-200,CP-200-202306-01,BUILDING,Buildings and improvements - CP-200-202306-01,150200,,2023-06-10,2023-06-10,30,STRAIGHT_LINE,31409.97,0.0,USD,ACTIVE
FA-A4B3603109,NIG-200,CP-200-202306-01,PLANT,Machinery and equipment - CP-200-202306-01,150300,,2023-06-10,2023-06-10,10,STRAIGHT_LINE,60202.44,0.0,USD,ACTIVE
FA-ED311CDACB,NIG-200,CP-200-202306-01,VEHICLE,Vehicles - CP-200-202306-01,150400,,2023-06-10,2023-06-10,6,STRAIGHT_LINE,17013.73,0.0,USD,ACTIVE
FA-EB3D420223,NIG-200,CP-200-202306-01,IT,Computer hardware and software - CP-200-202306-01,150500,,2023-06-10,2023-06-10,4,STRAIGHT_LINE,11778.74,0.0,USD,ACTIVE
FA-67CBDBCBFF,NIG-200,CP-200-202306-01,LEASEHOLD,Leasehold improvements - CP-200-202306-01,150600,,2023-06-10,2023-06-10,8,STRAIGHT_LINE,10469.99,0.0,USD,ACTIVE
FA-EDEECF5802,NIG-200,CP-200-202307-01,BUILDING,Buildings and improvements - CP-200-202307-01,150200,,2023-07-10,2023-07-10,30,STRAIGHT_LINE,31409.97,0.0,USD,ACTIVE
FA-CE2267A2A8,NIG-200,CP-200-202307-01,PLANT,Machinery and equipment - CP-200-202307-01,150300,,2023-07-10,2023-07-10,10,STRAIGHT_LINE,60202.44,0.0,USD,ACTIVE
FA-616DB8D354,NIG-200,CP-200-202307-01,VEHICLE,Vehicles - CP-200-202307-01,150400,,2023-07-10,2023-07-10,6,STRAIGHT_LINE,17013.73,0.0,USD,ACTIVE
FA-10A6154203,NIG-200,CP-200-202307-01,IT,Computer hardware and software - CP-200-202307-01,150500,,2023-07-10,2023-07-10,4,STRAIGHT_LINE,11778.74,0.0,USD,ACTIVE
FA-EC6A85074E,NIG-200,CP-200-202307-01,LEASEHOLD,Leasehold improvements - CP-200-202307-01,150600,,2023-07-10,2023-07-10,8,STRAIGHT_LINE,10469.99,0.0,USD,ACTIVE
FA-FDCE296BE3,NIG-200,CP-200-202308-01,BUILDING,Buildings and improvements - CP-200-202308-01,150200,,2023-08-10,2023-08-10,30,STRAIGHT_LINE,31409.97,0.0,USD,ACTIVE
FA-433A590A3A,NIG-200,CP-200-202308-01,PLANT,Machinery and equipment - CP-200-202308-01,150300,,2023-08-10,2023-08-10,10,STRAIGHT_LINE,60202.44,0.0,USD,ACTIVE
FA-E87CDB4694,NIG-200,CP-200-202308-01,VEHICLE,Vehicles - CP-200-202308-01,150400,,2023-08-10,2023-08-10,6,STRAIGHT_LINE,17013.73,0.0,USD,ACTIVE
FA-E7C9039BE9,NIG-200,CP-200-202308-01,IT,Computer hardware and software - CP-200-202308-01,150500,,2023-08-10,2023-08-10,4,STRAIGHT_LINE,11778.74,0.0,USD,ACTIVE
FA-BB5B07FBF8,NIG-200,CP-200-202308-01,LEASEHOLD,Leasehold improvements - CP-200-202308-01,150600,,2023-08-10,2023-08-10,8,STRAIGHT_LINE,10469.99,0.0,USD,ACTIVE
FA-86C75A4803,NIG-200,CP-200-202309-01,BUILDING,Buildings and improvements - CP-200-202309-01,150200,,2023-09-10,2023-09-10,30,STRAIGHT_LINE,31409.97,0.0,USD,ACTIVE
FA-E9AA94E246,NIG-200,CP-200-202309-01,PLANT,Machinery and equipment - CP-200-202309-01,150300,,2023-09-10,2023-09-10,10,STRAIGHT_LINE,60202.44,0.0,USD,ACTIVE
FA-6F355DD2D1,NIG-200,CP-200-202309-01,VEHICLE,Vehicles - CP-200-202309-01,150400,,2023-09-10,2023-09-10,6,STRAIGHT_LINE,17013.73,0.0,USD,ACTIVE
FA-BF245EAEAA,NIG-200,CP-200-202309-01,IT,Computer hardware and software - CP-200-202309-01,150500,,2023-09-10,2023-09-10,4,STRAIGHT_LINE,11778.74,0.0,USD,ACTIVE
FA-09851C04AD,NIG-200,CP-200-202309-01,LEASEHOLD,Leasehold improvements - CP-200-202309-01,150600,,2023-09-10,2023-09-10,8,STRAIGHT_LINE,10469.99,0.0,USD,ACTIVE
FA-06757B16A1,NIG-200,CP-200-202310-01,BUILDING,Buildings and improvements - CP-200-202310-01,150200,,2023-10-10,2023-10-10,30,STRAIGHT_LINE,31409.97,0.0,USD,ACTIVE
FA-B084AB0658,NIG-200,CP-200-202310-01,PLANT,Machinery and equipment - CP-200-202310-01,150300,,2023-10-10,2023-10-10,10,STRAIGHT_LINE,60202.44,0.0,USD,ACTIVE
FA-CE20FBF97A,NIG-200,CP-200-202310-01,VEHICLE,Vehicles - CP-200-202310-01,150400,,2023-10-10,2023-10-10,6,STRAIGHT_LINE,17013.73,0.0,USD,ACTIVE
FA-E7B5055BC6,NIG-200,CP-200-202310-01,IT,Computer hardware and software - CP-200-202310-01,150500,,2023-10-10,2023-10-10,4,STRAIGHT_LINE,11778.74,0.0,USD,ACTIVE
FA-08C46F6C8A,NIG-200,CP-200-202310-01,LEASEHOLD,Leasehold improvements - CP-200-202310-01,150600,,2023-10-10,2023-10-10,8,STRAIGHT_LINE,10469.99,0.0,USD,ACTIVE
FA-5770573829,NIG-200,CP-200-202311-01,BUILDING,Buildings and improvements - CP-200-202311-01,150200,,2023-11-10,2023-11-10,30,STRAIGHT_LINE,31409.97,0.0,USD,ACTIVE
FA-19846BBCA5,NIG-200,CP-200-202311-01,PLANT,Machinery and equipment - CP-200-202311-01,150300,,2023-11-10,2023-11-10,10,STRAIGHT_LINE,60202.44,0.0,USD,ACTIVE
FA-95289BE505,NIG-200,CP-200-202311-01,VEHICLE,Vehicles - CP-200-202311-01,150400,,2023-11-10,2023-11-10,6,STRAIGHT_LINE,17013.73,0.0,USD,ACTIVE
FA-CD036CE377,NIG-200,CP-200-202311-01,IT,Computer hardware and software - CP-200-202311-01,150500,,2023-11-10,2023-11-10,4,STRAIGHT_LINE,11778.74,0.0,USD,ACTIVE
FA-1271879CD0,NIG-200,CP-200-202311-01,LEASEHOLD,Leasehold improvements - CP-200-202311-01,150600,,2023-11-10,2023-11-10,8,STRAIGHT_LINE,10469.99,0.0,USD,ACTIVE
FA-0DB84EFAD2,NIG-200,CP-200-202312-01,BUILDING,Buildings and improvements - CP-200-202312-01,150200,,2023-12-10,2023-12-10,30,STRAIGHT_LINE,31409.97,0.0,USD,ACTIVE
FA-E006C40EE9,NIG-200,CP-200-202312-01,PLANT,Machinery and equipment - CP-200-202312-01,150300,,2023-12-10,2023-12-10,10,STRAIGHT_LINE,60202.44,0.0,USD,ACTIVE
FA-70EDD0CD98,NIG-200,CP-200-202312-01,VEHICLE,Vehicles - CP-200-202312-01,150400,,2023-12-10,2023-12-10,6,STRAIGHT_LINE,17013.73,0.0,USD,ACTIVE
FA-DD520A6A9E,NIG-200,CP-200-202312-01,IT,Computer hardware and software - CP-200-202312-01,150500,,2023-12-10,2023-12-10,4,STRAIGHT_LINE,11778.74,0.0,USD,ACTIVE
FA-A45B2CF1F6,NIG-200,CP-200-202312-01,LEASEHOLD,Leasehold improvements - CP-200-202312-01,150600,,2023-12-10,2023-12-10,8,STRAIGHT_LINE,10469.99,0.0,USD,ACTIVE
FA-8218155AC4,NIG-200,CP-200-202401-01,BUILDING,Buildings and improvements - CP-200-202401-01,150200,,2024-01-10,2024-01-10,30,STRAIGHT_LINE,93988.13,0.0,USD,ACTIVE
FA-836A8A3E01,NIG-200,CP-200-202401-01,PLANT,Machinery and equipment - CP-200-202401-01,150300,,2024-01-10,2024-01-10,10,STRAIGHT_LINE,180143.91,0.0,USD,ACTIVE
FA-BD75A7EF4D,NIG-200,CP-200-202401-01,VEHICLE,Vehicles - CP-200-202401-01,150400,,2024-01-10,2024-01-10,6,STRAIGHT_LINE,50910.24,0.0,USD,ACTIVE
FA-10CC83A7EB,NIG-200,CP-200-202401-01,IT,Computer hardware and software - CP-200-202401-01,150500,,2024-01-10,2024-01-10,4,STRAIGHT_LINE,35245.55,0.0,USD,ACTIVE
FA-D4F8A0E735,NIG-200,CP-200-202401-01,LEASEHOLD,Leasehold improvements - CP-200-202401-01,150600,,2024-01-10,2024-01-10,8,STRAIGHT_LINE,31329.38,0.0,USD,ACTIVE
FA-44D4FC8F9A,NIG-200,CP-200-202402-01,BUILDING,Buildings and improvements - CP-200-202402-01,150200,,2024-02-10,2024-02-10,30,STRAIGHT_LINE,93988.13,0.0,USD,ACTIVE
FA-07E33A0761,NIG-200,CP-200-202402-01,PLANT,Machinery and equipment - CP-200-202402-01,150300,,2024-02-10,2024-02-10,10,STRAIGHT_LINE,180143.91,0.0,USD,ACTIVE
FA-CA797DFBA8,NIG-200,CP-200-202402-01,VEHICLE,Vehicles - CP-200-202402-01,150400,,2024-02-10,2024-02-10,6,STRAIGHT_LINE,50910.24,0.0,USD,ACTIVE
FA-0552A25C32,NIG-200,CP-200-202402-01,IT,Computer hardware and software - CP-200-202402-01,150500,,2024-02-10,2024-02-10,4,STRAIGHT_LINE,35245.55,0.0,USD,ACTIVE
FA-F3EC27A814,NIG-200,CP-200-202402-01,LEASEHOLD,Leasehold improvements - CP-200-202402-01,150600,,2024-02-10,2024-02-10,8,STRAIGHT_LINE,31329.38,0.0,USD,ACTIVE
FA-877BAC93D5,NIG-200,CP-200-202403-01,BUILDING,Buildings and improvements - CP-200-202403-01,150200,,2024-03-10,2024-03-10,30,STRAIGHT_LINE,93988.13,0.0,USD,ACTIVE
FA-E92EFD12E0,NIG-200,CP-200-202403-01,PLANT,Machinery and equipment - CP-200-202403-01,150300,,2024-03-10,2024-03-10,10,STRAIGHT_LINE,180143.91,0.0,USD,ACTIVE
FA-245FDCD0E9,NIG-200,CP-200-202403-01,VEHICLE,Vehicles - CP-200-202403-01,150400,,2024-03-10,2024-03-10,6,STRAIGHT_LINE,50910.24,0.0,USD,ACTIVE
FA-CB46CC10DB,NIG-200,CP-200-202403-01,IT,Computer hardware and software - CP-200-202403-01,150500,,2024-03-10,2024-03-10,4,STRAIGHT_LINE,35245.55,0.0,USD,ACTIVE
FA-5BA6872B67,NIG-200,CP-200-202403-01,LEASEHOLD,Leasehold improvements - CP-200-202403-01,150600,,2024-03-10,2024-03-10,8,STRAIGHT_LINE,31329.38,0.0,USD,ACTIVE
FA-050C608704,NIG-200,CP-200-202404-01,BUILDING,Buildings and improvements - CP-200-202404-01,150200,,2024-04-10,2024-04-10,30,STRAIGHT_LINE,93988.13,0.0,USD,ACTIVE
FA-F5B0CC337C,NIG-200,CP-200-202404-01,PLANT,Machinery and equipment - CP-200-202404-01,150300,,2024-04-10,2024-04-10,10,STRAIGHT_LINE,180143.91,0.0,USD,ACTIVE
FA-8FB0FE664F,NIG-200,CP-200-202404-01,VEHICLE,Vehicles - CP-200-202404-01,150400,,2024-04-10,2024-04-10,6,STRAIGHT_LINE,50910.24,0.0,USD,ACTIVE
FA-C286A45DC7,NIG-200,CP-200-202404-01,IT,Computer hardware and software - CP-200-202404-01,150500,,2024-04-10,2024-04-10,4,STRAIGHT_LINE,35245.55,0.0,USD,ACTIVE
FA-7D528179C1,NIG-200,CP-200-202404-01,LEASEHOLD,Leasehold improvements - CP-200-202404-01,150600,,2024-04-10,2024-04-10,8,STRAIGHT_LINE,31329.38,0.0,USD,ACTIVE
FA-5490FDCF31,NIG-200,CP-200-202405-01,BUILDING,Buildings and improvements - CP-200-202405-01,150200,,2024-05-10,2024-05-10,30,STRAIGHT_LINE,93988.13,0.0,USD,ACTIVE
FA-8548102CB5,NIG-200,CP-200-202405-01,PLANT,Machinery and equipment - CP-200-202405-01,150300,,2024-05-10,2024-05-10,10,STRAIGHT_LINE,180143.91,0.0,USD,ACTIVE
FA-0AC3D9306F,NIG-200,CP-200-202405-01,VEHICLE,Vehicles - CP-200-202405-01,150400,,2024-05-10,2024-05-10,6,STRAIGHT_LINE,50910.24,0.0,USD,ACTIVE
FA-8FAFE7DD42,NIG-200,CP-200-202405-01,IT,Computer hardware and software - CP-200-202405-01,150500,,2024-05-10,2024-05-10,4,STRAIGHT_LINE,35245.55,0.0,USD,ACTIVE
FA-3DE1338FF1,NIG-200,CP-200-202405-01,LEASEHOLD,Leasehold improvements - CP-200-202405-01,150600,,2024-05-10,2024-05-10,8,STRAIGHT_LINE,31329.38,0.0,USD,ACTIVE
FA-66ED2EB463,NIG-200,CP-200-202406-01,BUILDING,Buildings and improvements - CP-200-202406-01,150200,,2024-06-10,2024-06-10,30,STRAIGHT_LINE,93988.13,0.0,USD,ACTIVE
FA-1D0E01F899,NIG-200,CP-200-202406-01,PLANT,Machinery and equipment - CP-200-202406-01,150300,,2024-06-10,2024-06-10,10,STRAIGHT_LINE,180143.91,0.0,USD,ACTIVE
FA-D83A864328,NIG-200,CP-200-202406-01,VEHICLE,Vehicles - CP-200-202406-01,150400,,2024-06-10,2024-06-10,6,STRAIGHT_LINE,50910.24,0.0,USD,ACTIVE
FA-63A2099794,NIG-200,CP-200-202406-01,IT,Computer hardware and software - CP-200-202406-01,150500,,2024-06-10,2024-06-10,4,STRAIGHT_LINE,35245.55,0.0,USD,ACTIVE
FA-26C8D60CFE,NIG-200,CP-200-202406-01,LEASEHOLD,Leasehold improvements - CP-200-202406-01,150600,,2024-06-10,2024-06-10,8,STRAIGHT_LINE,31329.38,0.0,USD,ACTIVE
FA-FCBFD2CA2D,NIG-200,CP-200-202407-01,BUILDING,Buildings and improvements - CP-200-202407-01,150200,,2024-07-10,2024-07-10,30,STRAIGHT_LINE,93988.13,0.0,USD,ACTIVE
FA-D8F9F3D05F,NIG-200,CP-200-202407-01,PLANT,Machinery and equipment - CP-200-202407-01,150300,,2024-07-10,2024-07-10,10,STRAIGHT_LINE,180143.91,0.0,USD,ACTIVE
FA-DF73691900,NIG-200,CP-200-202407-01,VEHICLE,Vehicles - CP-200-202407-01,150400,,2024-07-10,2024-07-10,6,STRAIGHT_LINE,50910.24,0.0,USD,ACTIVE
FA-78B57BE49B,NIG-200,CP-200-202407-01,IT,Computer hardware and software - CP-200-202407-01,150500,,2024-07-10,2024-07-10,4,STRAIGHT_LINE,35245.55,0.0,USD,ACTIVE
FA-5412D87074,NIG-200,CP-200-202407-01,LEASEHOLD,Leasehold improvements - CP-200-202407-01,150600,,2024-07-10,2024-07-10,8,STRAIGHT_LINE,31329.38,0.0,USD,ACTIVE
FA-37A1C3CE0B,NIG-200,CP-200-202408-01,BUILDING,Buildings and improvements - CP-200-202408-01,150200,,2024-08-10,2024-08-10,30,STRAIGHT_LINE,93988.13,0.0,USD,ACTIVE
FA-D90F6CC46B,NIG-200,CP-200-202408-01,PLANT,Machinery and equipment - CP-200-202408-01,150300,,2024-08-10,2024-08-10,10,STRAIGHT_LINE,180143.91,0.0,USD,ACTIVE
FA-15EF50C401,NIG-200,CP-200-202408-01,VEHICLE,Vehicles - CP-200-202408-01,150400,,2024-08-10,2024-08-10,6,STRAIGHT_LINE,50910.24,0.0,USD,ACTIVE
FA-4CA338C003,NIG-200,CP-200-202408-01,IT,Computer hardware and software - CP-200-202408-01,150500,,2024-08-10,2024-08-10,4,STRAIGHT_LINE,35245.55,0.0,USD,ACTIVE
FA-C35E78E264,NIG-200,CP-200-202408-01,LEASEHOLD,Leasehold improvements - CP-200-202408-01,150600,,2024-08-10,2024-08-10,8,STRAIGHT_LINE,31329.38,0.0,USD,ACTIVE
FA-C3EFBB81F9,NIG-200,CP-200-202409-01,BUILDING,Buildings and improvements - CP-200-202409-01,150200,,2024-09-10,2024-09-10,30,STRAIGHT_LINE,93988.13,0.0,USD,ACTIVE
FA-6AC51F310F,NIG-200,CP-200-202409-01,PLANT,Machinery and equipment - CP-200-202409-01,150300,,2024-09-10,2024-09-10,10,STRAIGHT_LINE,180143.91,0.0,USD,ACTIVE
FA-30237256AA,NIG-200,CP-200-202409-01,VEHICLE,Vehicles - CP-200-202409-01,150400,,2024-09-10,2024-09-10,6,STRAIGHT_LINE,50910.24,0.0,USD,ACTIVE
FA-1FE1385E06,NIG-200,CP-200-202409-01,IT,Computer hardware and software - CP-200-202409-01,150500,,2024-09-10,2024-09-10,4,STRAIGHT_LINE,35245.55,0.0,USD,ACTIVE
FA-B7272704CD,NIG-200,CP-200-202409-01,LEASEHOLD,Leasehold improvements - CP-200-202409-01,150600,,2024-09-10,2024-09-10,8,STRAIGHT_LINE,31329.38,0.0,USD,ACTIVE
FA-D357D3DE55,NIG-200,CP-200-202410-01,BUILDING,Buildings and improvements - CP-200-202410-01,150200,,2024-10-10,2024-10-10,30,STRAIGHT_LINE,93988.13,0.0,USD,ACTIVE
FA-0EFADAF66D,NIG-200,CP-200-202410-01,PLANT,Machinery and equipment - CP-200-202410-01,150300,,2024-10-10,2024-10-10,10,STRAIGHT_LINE,180143.91,0.0,USD,ACTIVE
FA-B2E87C653C,NIG-200,CP-200-202410-01,VEHICLE,Vehicles - CP-200-202410-01,150400,,2024-10-10,2024-10-10,6,STRAIGHT_LINE,50910.24,0.0,USD,ACTIVE
FA-30630134B4,NIG-200,CP-200-202410-01,IT,Computer hardware and software - CP-200-202410-01,150500,,2024-10-10,2024-10-10,4,STRAIGHT_LINE,35245.55,0.0,USD,ACTIVE
FA-84042C86A9,NIG-200,CP-200-202410-01,LEASEHOLD,Leasehold improvements - CP-200-202410-01,150600,,2024-10-10,2024-10-10,8,STRAIGHT_LINE,31329.38,0.0,USD,ACTIVE
FA-68CC589C52,NIG-200,CP-200-202411-01,BUILDING,Buildings and improvements - CP-200-202411-01,150200,,2024-11-10,2024-11-10,30,STRAIGHT_LINE,93988.13,0.0,USD,ACTIVE
FA-8AF5E5B1BB,NIG-200,CP-200-202411-01,PLANT,Machinery and equipment - CP-200-202411-01,150300,,2024-11-10,2024-11-10,10,STRAIGHT_LINE,180143.91,0.0,USD,ACTIVE
FA-4522C183D2,NIG-200,CP-200-202411-01,VEHICLE,Vehicles - CP-200-202411-01,150400,,2024-11-10,2024-11-10,6,STRAIGHT_LINE,50910.24,0.0,USD,ACTIVE
FA-E1E02F383B,NIG-200,CP-200-202411-01,IT,Computer hardware and software - CP-200-202411-01,150500,,2024-11-10,2024-11-10,4,STRAIGHT_LINE,35245.55,0.0,USD,ACTIVE
FA-8B9AB49198,NIG-200,CP-200-202411-01,LEASEHOLD,Leasehold improvements - CP-200-202411-01,150600,,2024-11-10,2024-11-10,8,STRAIGHT_LINE,31329.38,0.0,USD,ACTIVE
FA-3592EF4D76,NIG-200,CP-200-202412-01,BUILDING,Buildings and improvements - CP-200-202412-01,150200,,2024-12-10,2024-12-10,30,STRAIGHT_LINE,93988.13,0.0,USD,ACTIVE
FA-DAC1314CFF,NIG-200,CP-200-202412-01,PLANT,Machinery and equipment - CP-200-202412-01,150300,,2024-12-10,2024-12-10,10,STRAIGHT_LINE,180143.91,0.0,USD,ACTIVE
FA-FD06F4A0C9,NIG-200,CP-200-202412-01,VEHICLE,Vehicles - CP-200-202412-01,150400,,2024-12-10,2024-12-10,6,STRAIGHT_LINE,50910.24,0.0,USD,ACTIVE
FA-6827BEA2AA,NIG-200,CP-200-202412-01,IT,Computer hardware and software - CP-200-202412-01,150500,,2024-12-10,2024-12-10,4,STRAIGHT_LINE,35245.55,0.0,USD,ACTIVE
FA-624937699C,NIG-200,CP-200-202412-01,LEASEHOLD,Leasehold improvements - CP-200-202412-01,150600,,2024-12-10,2024-12-10,8,STRAIGHT_LINE,31329.38,0.0,USD,ACTIVE
FA-36E3BBB3C8,NIG-200,CP-200-202501-01,BUILDING,Buildings and improvements - CP-200-202501-01,150200,,2025-01-10,2025-01-10,30,STRAIGHT_LINE,83877.0,0.0,USD,ACTIVE
FA-A7057AD9A1,NIG-200,CP-200-202501-01,PLANT,Machinery and equipment - CP-200-202501-01,150300,,2025-01-10,2025-01-10,10,STRAIGHT_LINE,160764.25,0.0,USD,ACTIVE
FA-CCF1B9DE61,NIG-200,CP-200-202501-01,VEHICLE,Vehicles - CP-200-202501-01,150400,,2025-01-10,2025-01-10,6,STRAIGHT_LINE,45433.37,0.0,USD,ACTIVE
FA-33D092997D,NIG-200,CP-200-202501-01,IT,Computer hardware and software - CP-200-202501-01,150500,,2025-01-10,2025-01-10,4,STRAIGHT_LINE,31453.87,0.0,USD,ACTIVE
FA-F0BCB0F8F9,NIG-200,CP-200-202501-01,LEASEHOLD,Leasehold improvements - CP-200-202501-01,150600,,2025-01-10,2025-01-10,8,STRAIGHT_LINE,27959.0,0.0,USD,ACTIVE
FA-4C03E83D70,NIG-200,CP-200-202502-01,BUILDING,Buildings and improvements - CP-200-202502-01,150200,,2025-02-10,2025-02-10,30,STRAIGHT_LINE,83877.0,0.0,USD,ACTIVE
FA-173A4C3352,NIG-200,CP-200-202502-01,PLANT,Machinery and equipment - CP-200-202502-01,150300,,2025-02-10,2025-02-10,10,STRAIGHT_LINE,160764.25,0.0,USD,ACTIVE
FA-9BCDFE0379,NIG-200,CP-200-202502-01,VEHICLE,Vehicles - CP-200-202502-01,150400,,2025-02-10,2025-02-10,6,STRAIGHT_LINE,45433.37,0.0,USD,ACTIVE
FA-823898BF61,NIG-200,CP-200-202502-01,IT,Computer hardware and software - CP-200-202502-01,150500,,2025-02-10,2025-02-10,4,STRAIGHT_LINE,31453.87,0.0,USD,ACTIVE
FA-80E6F95294,NIG-200,CP-200-202502-01,LEASEHOLD,Leasehold improvements - CP-200-202502-01,150600,,2025-02-10,2025-02-10,8,STRAIGHT_LINE,27959.0,0.0,USD,ACTIVE
FA-B1079CCC93,NIG-200,CP-200-202503-01,BUILDING,Buildings and improvements - CP-200-202503-01,150200,,2025-03-10,2025-03-10,30,STRAIGHT_LINE,83877.0,0.0,USD,ACTIVE
FA-9B1E3FA61A,NIG-200,CP-200-202503-01,PLANT,Machinery and equipment - CP-200-202503-01,150300,,2025-03-10,2025-03-10,10,STRAIGHT_LINE,160764.25,0.0,USD,ACTIVE
FA-AEFDFEB2D0,NIG-200,CP-200-202503-01,VEHICLE,Vehicles - CP-200-202503-01,150400,,2025-03-10,2025-03-10,6,STRAIGHT_LINE,45433.37,0.0,USD,ACTIVE
FA-F28022A4E5,NIG-200,CP-200-202503-01,IT,Computer hardware and software - CP-200-202503-01,150500,,2025-03-10,2025-03-10,4,STRAIGHT_LINE,31453.87,0.0,USD,ACTIVE
FA-F677E79AF2,NIG-200,CP-200-202503-01,LEASEHOLD,Leasehold improvements - CP-200-202503-01,150600,,2025-03-10,2025-03-10,8,STRAIGHT_LINE,27959.0,0.0,USD,ACTIVE
FA-8FEC04FA81,NIG-200,CP-200-202504-01,BUILDING,Buildings and improvements - CP-200-202504-01,150200,,2025-04-10,2025-04-10,30,STRAIGHT_LINE,83877.0,0.0,USD,ACTIVE
FA-D3B8F9F927,NIG-200,CP-200-202504-01,PLANT,Machinery and equipment - CP-200-202504-01,150300,,2025-04-10,2025-04-10,10,STRAIGHT_LINE,160764.25,0.0,USD,ACTIVE
FA-2A750D9024,NIG-200,CP-200-202504-01,VEHICLE,Vehicles - CP-200-202504-01,150400,,2025-04-10,2025-04-10,6,STRAIGHT_LINE,45433.37,0.0,USD,ACTIVE
FA-79C31E1FFE,NIG-200,CP-200-202504-01,IT,Computer hardware and software - CP-200-202504-01,150500,,2025-04-10,2025-04-10,4,STRAIGHT_LINE,31453.87,0.0,USD,ACTIVE
FA-F187DDD031,NIG-200,CP-200-202504-01,LEASEHOLD,Leasehold improvements - CP-200-202504-01,150600,,2025-04-10,2025-04-10,8,STRAIGHT_LINE,27959.0,0.0,USD,ACTIVE
FA-94AFAFC032,NIG-200,CP-200-202505-01,BUILDING,Buildings and improvements - CP-200-202505-01,150200,,2025-05-10,2025-05-10,30,STRAIGHT_LINE,83877.0,0.0,USD,ACTIVE
FA-92F89203C0,NIG-200,CP-200-202505-01,PLANT,Machinery and equipment - CP-200-202505-01,150300,,2025-05-10,2025-05-10,10,STRAIGHT_LINE,160764.25,0.0,USD,ACTIVE
FA-A3216551E4,NIG-200,CP-200-202505-01,VEHICLE,Vehicles - CP-200-202505-01,150400,,2025-05-10,2025-05-10,6,STRAIGHT_LINE,45433.37,0.0,USD,ACTIVE
FA-9530641306,NIG-200,CP-200-202505-01,IT,Computer hardware and software - CP-200-202505-01,150500,,2025-05-10,2025-05-10,4,STRAIGHT_LINE,31453.87,0.0,USD,ACTIVE
FA-5875067639,NIG-200,CP-200-202505-01,LEASEHOLD,Leasehold improvements - CP-200-202505-01,150600,,2025-05-10,2025-05-10,8,STRAIGHT_LINE,27959.0,0.0,USD,ACTIVE
FA-92F72111BA,NIG-200,CP-200-202506-01,BUILDING,Buildings and improvements - CP-200-202506-01,150200,,2025-06-10,2025-06-10,30,STRAIGHT_LINE,83877.0,0.0,USD,ACTIVE
FA-06E7000F9D,NIG-200,CP-200-202506-01,PLANT,Machinery and equipment - CP-200-202506-01,150300,,2025-06-10,2025-06-10,10,STRAIGHT_LINE,160764.25,0.0,USD,ACTIVE
FA-8FEF328BEF,NIG-200,CP-200-202506-01,VEHICLE,Vehicles - CP-200-202506-01,150400,,2025-06-10,2025-06-10,6,STRAIGHT_LINE,45433.37,0.0,USD,ACTIVE
FA-450788B85B,NIG-200,CP-200-202506-01,IT,Computer hardware and software - CP-200-202506-01,150500,,2025-06-10,2025-06-10,4,STRAIGHT_LINE,31453.88,0.0,USD,ACTIVE
FA-8DC8F930EF,NIG-200,CP-200-202506-01,LEASEHOLD,Leasehold improvements - CP-200-202506-01,150600,,2025-06-10,2025-06-10,8,STRAIGHT_LINE,27959.0,0.0,USD,ACTIVE
FA-71B3ADF404,NIG-200,CP-200-202507-01,BUILDING,Buildings and improvements - CP-200-202507-01,150200,,2025-07-10,2025-07-10,30,STRAIGHT_LINE,83877.0,0.0,USD,ACTIVE
FA-1783483292,NIG-200,CP-200-202507-01,PLANT,Machinery and equipment - CP-200-202507-01,150300,,2025-07-10,2025-07-10,10,STRAIGHT_LINE,160764.25,0.0,USD,ACTIVE
FA-8B4BD33C18,NIG-200,CP-200-202507-01,VEHICLE,Vehicles - CP-200-202507-01,150400,,2025-07-10,2025-07-10,6,STRAIGHT_LINE,45433.37,0.0,USD,ACTIVE
FA-DF60E4304D,NIG-200,CP-200-202507-01,IT,Computer hardware and software - CP-200-202507-01,150500,,2025-07-10,2025-07-10,4,STRAIGHT_LINE,31453.87,0.0,USD,ACTIVE
FA-68294D152F,NIG-200,CP-200-202507-01,LEASEHOLD,Leasehold improvements - CP-200-202507-01,150600,,2025-07-10,2025-07-10,8,STRAIGHT_LINE,27959.0,0.0,USD,ACTIVE
FA-CD65858F7D,NIG-200,CP-200-202508-01,BUILDING,Buildings and improvements - CP-200-202508-01,150200,,2025-08-10,2025-08-10,30,STRAIGHT_LINE,83877.0,0.0,USD,ACTIVE
FA-8AC47BCF77,NIG-200,CP-200-202508-01,PLANT,Machinery and equipment - CP-200-202508-01,150300,,2025-08-10,2025-08-10,10,STRAIGHT_LINE,160764.25,0.0,USD,ACTIVE
FA-79299FD5A4,NIG-200,CP-200-202508-01,VEHICLE,Vehicles - CP-200-202508-01,150400,,2025-08-10,2025-08-10,6,STRAIGHT_LINE,45433.37,0.0,USD,ACTIVE
FA-202072F512,NIG-200,CP-200-202508-01,IT,Computer hardware and software - CP-200-202508-01,150500,,2025-08-10,2025-08-10,4,STRAIGHT_LINE,31453.87,0.0,USD,ACTIVE
FA-6AC5136DD8,NIG-200,CP-200-202508-01,LEASEHOLD,Leasehold improvements - CP-200-202508-01,150600,,2025-08-10,2025-08-10,8,STRAIGHT_LINE,27959.0,0.0,USD,ACTIVE
FA-6CF5020729,NIG-200,CP-200-202509-01,BUILDING,Buildings and improvements - CP-200-202509-01,150200,,2025-09-10,2025-09-10,30,STRAIGHT_LINE,83877.0,0.0,USD,ACTIVE
FA-30B69A1C9E,NIG-200,CP-200-202509-01,PLANT,Machinery and equipment - CP-200-202509-01,150300,,2025-09-10,2025-09-10,10,STRAIGHT_LINE,160764.25,0.0,USD,ACTIVE
FA-510EA0EB93,NIG-200,CP-200-202509-01,VEHICLE,Vehicles - CP-200-202509-01,150400,,2025-09-10,2025-09-10,6,STRAIGHT_LINE,45433.37,0.0,USD,ACTIVE
FA-E2C0DCFBD9,NIG-200,CP-200-202509-01,IT,Computer hardware and software - CP-200-202509-01,150500,,2025-09-10,2025-09-10,4,STRAIGHT_LINE,31453.87,0.0,USD,ACTIVE
FA-A197E85462,NIG-200,CP-200-202509-01,LEASEHOLD,Leasehold improvements - CP-200-202509-01,150600,,2025-09-10,2025-09-10,8,STRAIGHT_LINE,27959.0,0.0,USD,ACTIVE
FA-EE6963BE3E,NIG-200,CP-200-202510-01,BUILDING,Buildings and improvements - CP-200-202510-01,150200,,2025-10-10,2025-10-10,30,STRAIGHT_LINE,83877.0,0.0,USD,ACTIVE
FA-137EEAD992,NIG-200,CP-200-202510-01,PLANT,Machinery and equipment - CP-200-202510-01,150300,,2025-10-10,2025-10-10,10,STRAIGHT_LINE,160764.25,0.0,USD,ACTIVE
FA-2B904703DA,NIG-200,CP-200-202510-01,VEHICLE,Vehicles - CP-200-202510-01,150400,,2025-10-10,2025-10-10,6,STRAIGHT_LINE,45433.37,0.0,USD,ACTIVE
FA-CB87B06548,NIG-200,CP-200-202510-01,IT,Computer hardware and software - CP-200-202510-01,150500,,2025-10-10,2025-10-10,4,STRAIGHT_LINE,31453.87,0.0,USD,ACTIVE
FA-A33EA23C07,NIG-200,CP-200-202510-01,LEASEHOLD,Leasehold improvements - CP-200-202510-01,150600,,2025-10-10,2025-10-10,8,STRAIGHT_LINE,27959.0,0.0,USD,ACTIVE
FA-7DA4D548A8,NIG-200,CP-200-202511-01,BUILDING,Buildings and improvements - CP-200-202511-01,150200,,2025-11-10,2025-11-10,30,STRAIGHT_LINE,83877.0,0.0,USD,ACTIVE
FA-DB3550248C,NIG-200,CP-200-202511-01,PLANT,Machinery and equipment - CP-200-202511-01,150300,,2025-11-10,2025-11-10,10,STRAIGHT_LINE,160764.25,0.0,USD,ACTIVE
FA-28796A8ABD,NIG-200,CP-200-202511-01,VEHICLE,Vehicles - CP-200-202511-01,150400,,2025-11-10,2025-11-10,6,STRAIGHT_LINE,45433.37,0.0,USD,ACTIVE
FA-5E5FA02C9F,NIG-200,CP-200-202511-01,IT,Computer hardware and software - CP-200-202511-01,150500,,2025-11-10,2025-11-10,4,STRAIGHT_LINE,31453.87,0.0,USD,ACTIVE
FA-0E711CCA28,NIG-200,CP-200-202511-01,LEASEHOLD,Leasehold improvements - CP-200-202511-01,150600,,2025-11-10,2025-11-10,8,STRAIGHT_LINE,27959.0,0.0,USD,ACTIVE
FA-BE84F1A199,NIG-200,CP-200-202512-01,BUILDING,Buildings and improvements - CP-200-202512-01,150200,,2025-12-10,2025-12-10,30,STRAIGHT_LINE,83877.0,0.0,USD,ACTIVE
FA-9B5BF831E0,NIG-200,CP-200-202512-01,PLANT,Machinery and equipment - CP-200-202512-01,150300,,2025-12-10,2025-12-10,10,STRAIGHT_LINE,160764.25,0.0,USD,ACTIVE
FA-EAB7E9B513,NIG-200,CP-200-202512-01,VEHICLE,Vehicles - CP-200-202512-01,150400,,2025-12-10,2025-12-10,6,STRAIGHT_LINE,45433.37,0.0,USD,ACTIVE
FA-2B5C460888,NIG-200,CP-200-202512-01,IT,Computer hardware and software - CP-200-202512-01,150500,,2025-12-10,2025-12-10,4,STRAIGHT_LINE,31453.87,0.0,USD,ACTIVE
FA-9DA77CC49D,NIG-200,CP-200-202512-01,LEASEHOLD,Leasehold improvements - CP-200-202512-01,150600,,2025-12-10,2025-12-10,8,STRAIGHT_LINE,27959.0,0.0,USD,ACTIVE
FA-547E81E4C9,NIG-200,CP-200-202601-01,BUILDING,Buildings and improvements - CP-200-202601-01,150200,,2026-01-10,2026-01-10,30,STRAIGHT_LINE,70989.19,0.0,USD,ACTIVE
FA-D6F82A8885,NIG-200,CP-200-202601-01,PLANT,Machinery and equipment - CP-200-202601-01,150300,,2026-01-10,2026-01-10,10,STRAIGHT_LINE,136062.62,0.0,USD,ACTIVE
FA-8363FFF183,NIG-200,CP-200-202601-01,VEHICLE,Vehicles - CP-200-202601-01,150400,,2026-01-10,2026-01-10,6,STRAIGHT_LINE,38452.48,0.0,USD,ACTIVE
FA-3A8E2A5CB7,NIG-200,CP-200-202601-01,IT,Computer hardware and software - CP-200-202601-01,150500,,2026-01-10,2026-01-10,4,STRAIGHT_LINE,26620.95,0.0,USD,ACTIVE
FA-7555801AB7,NIG-200,CP-200-202601-01,LEASEHOLD,Leasehold improvements - CP-200-202601-01,150600,,2026-01-10,2026-01-10,8,STRAIGHT_LINE,23663.06,0.0,USD,ACTIVE
FA-254CA78809,NIG-200,CP-200-202602-01,BUILDING,Buildings and improvements - CP-200-202602-01,150200,,2026-02-10,2026-02-10,30,STRAIGHT_LINE,70989.19,0.0,USD,ACTIVE
FA-3E261D283B,NIG-200,CP-200-202602-01,PLANT,Machinery and equipment - CP-200-202602-01,150300,,2026-02-10,2026-02-10,10,STRAIGHT_LINE,136062.62,0.0,USD,ACTIVE
FA-1324FACF74,NIG-200,CP-200-202602-01,VEHICLE,Vehicles - CP-200-202602-01,150400,,2026-02-10,2026-02-10,6,STRAIGHT_LINE,38452.48,0.0,USD,ACTIVE
FA-516C1A24F8,NIG-200,CP-200-202602-01,IT,Computer hardware and software - CP-200-202602-01,150500,,2026-02-10,2026-02-10,4,STRAIGHT_LINE,26620.95,0.0,USD,ACTIVE
FA-AF7018D180,NIG-200,CP-200-202602-01,LEASEHOLD,Leasehold improvements - CP-200-202602-01,150600,,2026-02-10,2026-02-10,8,STRAIGHT_LINE,23663.06,0.0,USD,ACTIVE
FA-8AE4B6AB96,NIG-200,CP-200-202603-01,BUILDING,Buildings and improvements - CP-200-202603-01,150200,,2026-03-10,2026-03-10,30,STRAIGHT_LINE,70989.19,0.0,USD,ACTIVE
FA-F5DDE1BA86,NIG-200,CP-200-202603-01,PLANT,Machinery and equipment - CP-200-202603-01,150300,,2026-03-10,2026-03-10,10,STRAIGHT_LINE,136062.62,0.0,USD,ACTIVE
FA-1DA360307B,NIG-200,CP-200-202603-01,VEHICLE,Vehicles - CP-200-202603-01,150400,,2026-03-10,2026-03-10,6,STRAIGHT_LINE,38452.48,0.0,USD,ACTIVE
FA-05C54170BC,NIG-200,CP-200-202603-01,IT,Computer hardware and software - CP-200-202603-01,150500,,2026-03-10,2026-03-10,4,STRAIGHT_LINE,26620.95,0.0,USD,ACTIVE
FA-C59484D933,NIG-200,CP-200-202603-01,LEASEHOLD,Leasehold improvements - CP-200-202603-01,150600,,2026-03-10,2026-03-10,8,STRAIGHT_LINE,23663.06,0.0,USD,ACTIVE
FA-32A031AED1,NIG-200,CP-200-202604-01,BUILDING,Buildings and improvements - CP-200-202604-01,150200,,2026-04-10,2026-04-10,30,STRAIGHT_LINE,70989.19,0.0,USD,ACTIVE
FA-3C83DFEA07,NIG-200,CP-200-202604-01,PLANT,Machinery and equipment - CP-200-202604-01,150300,,2026-04-10,2026-04-10,10,STRAIGHT_LINE,136062.62,0.0,USD,ACTIVE
FA-6ECAEBA232,NIG-200,CP-200-202604-01,VEHICLE,Vehicles - CP-200-202604-01,150400,,2026-04-10,2026-04-10,6,STRAIGHT_LINE,38452.48,0.0,USD,ACTIVE
FA-D1064B7EAA,NIG-200,CP-200-202604-01,IT,Computer hardware and software - CP-200-202604-01,150500,,2026-04-10,2026-04-10,4,STRAIGHT_LINE,26620.95,0.0,USD,ACTIVE
FA-710FC7CD5E,NIG-200,CP-200-202604-01,LEASEHOLD,Leasehold improvements - CP-200-202604-01,150600,,2026-04-10,2026-04-10,8,STRAIGHT_LINE,23663.06,0.0,USD,ACTIVE
FA-341900AD2D,NIG-200,CP-200-202605-01,BUILDING,Buildings and improvements - CP-200-202605-01,150200,,2026-05-10,2026-05-10,30,STRAIGHT_LINE,70989.19,0.0,USD,ACTIVE
FA-370A647AA2,NIG-200,CP-200-202605-01,PLANT,Machinery and equipment - CP-200-202605-01,150300,,2026-05-10,2026-05-10,10,STRAIGHT_LINE,136062.62,0.0,USD,ACTIVE
FA-AC40BF7CCE,NIG-200,CP-200-202605-01,VEHICLE,Vehicles - CP-200-202605-01,150400,,2026-05-10,2026-05-10,6,STRAIGHT_LINE,38452.48,0.0,USD,ACTIVE
FA-A5131ABB32,NIG-200,CP-200-202605-01,IT,Computer hardware and software - CP-200-202605-01,150500,,2026-05-10,2026-05-10,4,STRAIGHT_LINE,26620.95,0.0,USD,ACTIVE
FA-6C2F3CB92B,NIG-200,CP-200-202605-01,LEASEHOLD,Leasehold improvements - CP-200-202605-01,150600,,2026-05-10,2026-05-10,8,STRAIGHT_LINE,23663.06,0.0,USD,ACTIVE
FA-904253CB56,NIG-200,CP-200-202606-01,BUILDING,Buildings and improvements - CP-200-202606-01,150200,,2026-06-10,2026-06-10,30,STRAIGHT_LINE,70989.19,0.0,USD,ACTIVE
FA-50E1338F62,NIG-200,CP-200-202606-01,PLANT,Machinery and equipment - CP-200-202606-01,150300,,2026-06-10,2026-06-10,10,STRAIGHT_LINE,136062.62,0.0,USD,ACTIVE
FA-5C8A254C18,NIG-200,CP-200-202606-01,VEHICLE,Vehicles - CP-200-202606-01,150400,,2026-06-10,2026-06-10,6,STRAIGHT_LINE,38452.48,0.0,USD,ACTIVE
FA-35BDAAB0D7,NIG-200,CP-200-202606-01,IT,Computer hardware and software - CP-200-202606-01,150500,,2026-06-10,2026-06-10,4,STRAIGHT_LINE,26620.95,0.0,USD,ACTIVE
FA-E3F902EEA7,NIG-200,CP-200-202606-01,LEASEHOLD,Leasehold improvements - CP-200-202606-01,150600,,2026-06-10,2026-06-10,8,STRAIGHT_LINE,23663.06,0.0,USD,ACTIVE
FA-F19A3CCFC6,NIG-200,CP-200-202607-01,BUILDING,Buildings and improvements - CP-200-202607-01,150200,,2026-07-10,2026-07-10,30,STRAIGHT_LINE,70989.19,0.0,USD,ACTIVE
FA-6136063393,NIG-200,CP-200-202607-01,PLANT,Machinery and equipment - CP-200-202607-01,150300,,2026-07-10,2026-07-10,10,STRAIGHT_LINE,136062.62,0.0,USD,ACTIVE
FA-EB03694C6D,NIG-200,CP-200-202607-01,VEHICLE,Vehicles - CP-200-202607-01,150400,,2026-07-10,2026-07-10,6,STRAIGHT_LINE,38452.48,0.0,USD,ACTIVE
FA-48C891C978,NIG-200,CP-200-202607-01,IT,Computer hardware and software - CP-200-202607-01,150500,,2026-07-10,2026-07-10,4,STRAIGHT_LINE,26620.95,0.0,USD,ACTIVE
FA-E132E4547D,NIG-200,CP-200-202607-01,LEASEHOLD,Leasehold improvements - CP-200-202607-01,150600,,2026-07-10,2026-07-10,8,STRAIGHT_LINE,23663.06,0.0,USD,ACTIVE
FA-45C127473C,NIG-200,CP-200-202608-01,BUILDING,Buildings and improvements - CP-200-202608-01,150200,,2026-08-10,2026-08-10,30,STRAIGHT_LINE,70989.19,0.0,USD,ACTIVE
FA-C676D19500,NIG-200,CP-200-202608-01,PLANT,Machinery and equipment - CP-200-202608-01,150300,,2026-08-10,2026-08-10,10,STRAIGHT_LINE,136062.62,0.0,USD,ACTIVE
FA-6E124BA9DE,NIG-200,CP-200-202608-01,VEHICLE,Vehicles - CP-200-202608-01,150400,,2026-08-10,2026-08-10,6,STRAIGHT_LINE,38452.48,0.0,USD,ACTIVE
FA-1862E112D8,NIG-200,CP-200-202608-01,IT,Computer hardware and software - CP-200-202608-01,150500,,2026-08-10,2026-08-10,4,STRAIGHT_LINE,26620.95,0.0,USD,ACTIVE
FA-19209B9E24,NIG-200,CP-200-202608-01,LEASEHOLD,Leasehold improvements - CP-200-202608-01,150600,,2026-08-10,2026-08-10,8,STRAIGHT_LINE,23663.06,0.0,USD,ACTIVE
FA-2C4429C4CF,NIG-210,CP-210-202301-01,BUILDING,Buildings and improvements - CP-210-202301-01,150200,,2023-01-10,2023-01-10,30,STRAIGHT_LINE,7346.0,0.0,CAD,ACTIVE
FA-01E48697F7,NIG-210,CP-210-202301-01,PLANT,Machinery and equipment - CP-210-202301-01,150300,,2023-01-10,2023-01-10,10,STRAIGHT_LINE,14079.83,0.0,CAD,ACTIVE
FA-114664F669,NIG-210,CP-210-202301-01,VEHICLE,Vehicles - CP-210-202301-01,150400,,2023-01-10,2023-01-10,6,STRAIGHT_LINE,3979.08,0.0,CAD,ACTIVE
FA-282D401D4A,NIG-210,CP-210-202301-01,IT,Computer hardware and software - CP-210-202301-01,150500,,2023-01-10,2023-01-10,4,STRAIGHT_LINE,2754.75,0.0,CAD,ACTIVE
FA-332E3BC822,NIG-210,CP-210-202301-01,LEASEHOLD,Leasehold improvements - CP-210-202301-01,150600,,2023-01-10,2023-01-10,8,STRAIGHT_LINE,2448.67,0.0,CAD,ACTIVE
FA-6996E00747,NIG-210,CP-210-202302-01,BUILDING,Buildings and improvements - CP-210-202302-01,150200,,2023-02-10,2023-02-10,30,STRAIGHT_LINE,7346.0,0.0,CAD,ACTIVE
FA-CBEC548107,NIG-210,CP-210-202302-01,PLANT,Machinery and equipment - CP-210-202302-01,150300,,2023-02-10,2023-02-10,10,STRAIGHT_LINE,14079.83,0.0,CAD,ACTIVE
FA-D9E6F44FD0,NIG-210,CP-210-202302-01,VEHICLE,Vehicles - CP-210-202302-01,150400,,2023-02-10,2023-02-10,6,STRAIGHT_LINE,3979.08,0.0,CAD,ACTIVE
FA-3A75A9E619,NIG-210,CP-210-202302-01,IT,Computer hardware and software - CP-210-202302-01,150500,,2023-02-10,2023-02-10,4,STRAIGHT_LINE,2754.75,0.0,CAD,ACTIVE
FA-F60147C37B,NIG-210,CP-210-202302-01,LEASEHOLD,Leasehold improvements - CP-210-202302-01,150600,,2023-02-10,2023-02-10,8,STRAIGHT_LINE,2448.67,0.0,CAD,ACTIVE
FA-B10049BD7A,NIG-210,CP-210-202303-01,BUILDING,Buildings and improvements - CP-210-202303-01,150200,,2023-03-10,2023-03-10,30,STRAIGHT_LINE,7346.0,0.0,CAD,ACTIVE
FA-2D56F92193,NIG-210,CP-210-202303-01,PLANT,Machinery and equipment - CP-210-202303-01,150300,,2023-03-10,2023-03-10,10,STRAIGHT_LINE,14079.83,0.0,CAD,ACTIVE
FA-B12D359ED0,NIG-210,CP-210-202303-01,VEHICLE,Vehicles - CP-210-202303-01,150400,,2023-03-10,2023-03-10,6,STRAIGHT_LINE,3979.08,0.0,CAD,ACTIVE
FA-5FB3E34398,NIG-210,CP-210-202303-01,IT,Computer hardware and software - CP-210-202303-01,150500,,2023-03-10,2023-03-10,4,STRAIGHT_LINE,2754.75,0.0,CAD,ACTIVE
FA-316FBB018F,NIG-210,CP-210-202303-01,LEASEHOLD,Leasehold improvements - CP-210-202303-01,150600,,2023-03-10,2023-03-10,8,STRAIGHT_LINE,2448.67,0.0,CAD,ACTIVE
FA-5D145F32D5,NIG-210,CP-210-202304-01,BUILDING,Buildings and improvements - CP-210-202304-01,150200,,2023-04-10,2023-04-10,30,STRAIGHT_LINE,7346.0,0.0,CAD,ACTIVE
FA-D5B5A36ECA,NIG-210,CP-210-202304-01,PLANT,Machinery and equipment - CP-210-202304-01,150300,,2023-04-10,2023-04-10,10,STRAIGHT_LINE,14079.83,0.0,CAD,ACTIVE
FA-49BFD22F87,NIG-210,CP-210-202304-01,VEHICLE,Vehicles - CP-210-202304-01,150400,,2023-04-10,2023-04-10,6,STRAIGHT_LINE,3979.08,0.0,CAD,ACTIVE
FA-7ABCB55B44,NIG-210,CP-210-202304-01,IT,Computer hardware and software - CP-210-202304-01,150500,,2023-04-10,2023-04-10,4,STRAIGHT_LINE,2754.75,0.0,CAD,ACTIVE
FA-011C2BC08C,NIG-210,CP-210-202304-01,LEASEHOLD,Leasehold improvements - CP-210-202304-01,150600,,2023-04-10,2023-04-10,8,STRAIGHT_LINE,2448.67,0.0,CAD,ACTIVE
FA-D52DFC3F5E,NIG-210,CP-210-202305-01,BUILDING,Buildings and improvements - CP-210-202305-01,150200,,2023-05-10,2023-05-10,30,STRAIGHT_LINE,7346.0,0.0,CAD,ACTIVE
FA-D6C85DC1CA,NIG-210,CP-210-202305-01,PLANT,Machinery and equipment - CP-210-202305-01,150300,,2023-05-10,2023-05-10,10,STRAIGHT_LINE,14079.83,0.0,CAD,ACTIVE
FA-492D8E49B1,NIG-210,CP-210-202305-01,VEHICLE,Vehicles - CP-210-202305-01,150400,,2023-05-10,2023-05-10,6,STRAIGHT_LINE,3979.08,0.0,CAD,ACTIVE
FA-A70C4B227D,NIG-210,CP-210-202305-01,IT,Computer hardware and software - CP-210-202305-01,150500,,2023-05-10,2023-05-10,4,STRAIGHT_LINE,2754.75,0.0,CAD,ACTIVE
FA-FDEBBE793A,NIG-210,CP-210-202305-01,LEASEHOLD,Leasehold improvements - CP-210-202305-01,150600,,2023-05-10,2023-05-10,8,STRAIGHT_LINE,2448.67,0.0,CAD,ACTIVE
FA-AD3733C6AB,NIG-210,CP-210-202306-01,BUILDING,Buildings and improvements - CP-210-202306-01,150200,,2023-06-10,2023-06-10,30,STRAIGHT_LINE,7346.0,0.0,CAD,ACTIVE
FA-281C4EA184,NIG-210,CP-210-202306-01,PLANT,Machinery and equipment - CP-210-202306-01,150300,,2023-06-10,2023-06-10,10,STRAIGHT_LINE,14079.83,0.0,CAD,ACTIVE
FA-0E5C5007E7,NIG-210,CP-210-202306-01,VEHICLE,Vehicles - CP-210-202306-01,150400,,2023-06-10,2023-06-10,6,STRAIGHT_LINE,3979.08,0.0,CAD,ACTIVE
FA-0EED1D7DE7,NIG-210,CP-210-202306-01,IT,Computer hardware and software - CP-210-202306-01,150500,,2023-06-10,2023-06-10,4,STRAIGHT_LINE,2754.75,0.0,CAD,ACTIVE
FA-FCD77974FD,NIG-210,CP-210-202306-01,LEASEHOLD,Leasehold improvements - CP-210-202306-01,150600,,2023-06-10,2023-06-10,8,STRAIGHT_LINE,2448.67,0.0,CAD,ACTIVE
FA-C7C8D05D03,NIG-210,CP-210-202307-01,BUILDING,Buildings and improvements - CP-210-202307-01,150200,,2023-07-10,2023-07-10,30,STRAIGHT_LINE,7346.0,0.0,CAD,ACTIVE
FA-B43C315C6E,NIG-210,CP-210-202307-01,PLANT,Machinery and equipment - CP-210-202307-01,150300,,2023-07-10,2023-07-10,10,STRAIGHT_LINE,14079.83,0.0,CAD,ACTIVE
FA-13FC9DB676,NIG-210,CP-210-202307-01,VEHICLE,Vehicles - CP-210-202307-01,150400,,2023-07-10,2023-07-10,6,STRAIGHT_LINE,3979.08,0.0,CAD,ACTIVE
FA-03965DB3B7,NIG-210,CP-210-202307-01,IT,Computer hardware and software - CP-210-202307-01,150500,,2023-07-10,2023-07-10,4,STRAIGHT_LINE,2754.75,0.0,CAD,ACTIVE
FA-71F5A6E233,NIG-210,CP-210-202307-01,LEASEHOLD,Leasehold improvements - CP-210-202307-01,150600,,2023-07-10,2023-07-10,8,STRAIGHT_LINE,2448.67,0.0,CAD,ACTIVE
FA-7154CF8879,NIG-210,CP-210-202308-01,BUILDING,Buildings and improvements - CP-210-202308-01,150200,,2023-08-10,2023-08-10,30,STRAIGHT_LINE,7346.0,0.0,CAD,ACTIVE
FA-06D3F45F2D,NIG-210,CP-210-202308-01,PLANT,Machinery and equipment - CP-210-202308-01,150300,,2023-08-10,2023-08-10,10,STRAIGHT_LINE,14079.83,0.0,CAD,ACTIVE
FA-EE9C363C66,NIG-210,CP-210-202308-01,VEHICLE,Vehicles - CP-210-202308-01,150400,,2023-08-10,2023-08-10,6,STRAIGHT_LINE,3979.08,0.0,CAD,ACTIVE
FA-6E44B49E98,NIG-210,CP-210-202308-01,IT,Computer hardware and software - CP-210-202308-01,150500,,2023-08-10,2023-08-10,4,STRAIGHT_LINE,2754.75,0.0,CAD,ACTIVE
FA-E282C30A1D,NIG-210,CP-210-202308-01,LEASEHOLD,Leasehold improvements - CP-210-202308-01,150600,,2023-08-10,2023-08-10,8,STRAIGHT_LINE,2448.67,0.0,CAD,ACTIVE
FA-1C29367D06,NIG-210,CP-210-202309-01,BUILDING,Buildings and improvements - CP-210-202309-01,150200,,2023-09-10,2023-09-10,30,STRAIGHT_LINE,7346.0,0.0,CAD,ACTIVE
FA-D6A8031DE5,NIG-210,CP-210-202309-01,PLANT,Machinery and equipment - CP-210-202309-01,150300,,2023-09-10,2023-09-10,10,STRAIGHT_LINE,14079.83,0.0,CAD,ACTIVE
FA-A30C7655CD,NIG-210,CP-210-202309-01,VEHICLE,Vehicles - CP-210-202309-01,150400,,2023-09-10,2023-09-10,6,STRAIGHT_LINE,3979.08,0.0,CAD,ACTIVE
FA-81425BD68C,NIG-210,CP-210-202309-01,IT,Computer hardware and software - CP-210-202309-01,150500,,2023-09-10,2023-09-10,4,STRAIGHT_LINE,2754.75,0.0,CAD,ACTIVE
FA-C208B846DF,NIG-210,CP-210-202309-01,LEASEHOLD,Leasehold improvements - CP-210-202309-01,150600,,2023-09-10,2023-09-10,8,STRAIGHT_LINE,2448.67,0.0,CAD,ACTIVE
FA-80E1EC67C7,NIG-210,CP-210-202310-01,BUILDING,Buildings and improvements - CP-210-202310-01,150200,,2023-10-10,2023-10-10,30,STRAIGHT_LINE,7346.0,0.0,CAD,ACTIVE
FA-EAFEEBEC75,NIG-210,CP-210-202310-01,PLANT,Machinery and equipment - CP-210-202310-01,150300,,2023-10-10,2023-10-10,10,STRAIGHT_LINE,14079.83,0.0,CAD,ACTIVE
FA-8D3DDD80A2,NIG-210,CP-210-202310-01,VEHICLE,Vehicles - CP-210-202310-01,150400,,2023-10-10,2023-10-10,6,STRAIGHT_LINE,3979.08,0.0,CAD,ACTIVE
FA-837CE91A4E,NIG-210,CP-210-202310-01,IT,Computer hardware and software - CP-210-202310-01,150500,,2023-10-10,2023-10-10,4,STRAIGHT_LINE,2754.75,0.0,CAD,ACTIVE
FA-7A5F34A759,NIG-210,CP-210-202310-01,LEASEHOLD,Leasehold improvements - CP-210-202310-01,150600,,2023-10-10,2023-10-10,8,STRAIGHT_LINE,2448.67,0.0,CAD,ACTIVE
FA-E3234ADB64,NIG-210,CP-210-202311-01,BUILDING,Buildings and improvements - CP-210-202311-01,150200,,2023-11-10,2023-11-10,30,STRAIGHT_LINE,7346.0,0.0,CAD,ACTIVE
FA-B5FE8945FE,NIG-210,CP-210-202311-01,PLANT,Machinery and equipment - CP-210-202311-01,150300,,2023-11-10,2023-11-10,10,STRAIGHT_LINE,14079.83,0.0,CAD,ACTIVE
FA-93E59D963F,NIG-210,CP-210-202311-01,VEHICLE,Vehicles - CP-210-202311-01,150400,,2023-11-10,2023-11-10,6,STRAIGHT_LINE,3979.08,0.0,CAD,ACTIVE
FA-6374D1C6B6,NIG-210,CP-210-202311-01,IT,Computer hardware and software - CP-210-202311-01,150500,,2023-11-10,2023-11-10,4,STRAIGHT_LINE,2754.75,0.0,CAD,ACTIVE
FA-A89B625617,NIG-210,CP-210-202311-01,LEASEHOLD,Leasehold improvements - CP-210-202311-01,150600,,2023-11-10,2023-11-10,8,STRAIGHT_LINE,2448.67,0.0,CAD,ACTIVE
FA-D3191DCA90,NIG-210,CP-210-202312-01,BUILDING,Buildings and improvements - CP-210-202312-01,150200,,2023-12-10,2023-12-10,30,STRAIGHT_LINE,7346.0,0.0,CAD,ACTIVE
FA-7B7AED9203,NIG-210,CP-210-202312-01,PLANT,Machinery and equipment - CP-210-202312-01,150300,,2023-12-10,2023-12-10,10,STRAIGHT_LINE,14079.83,0.0,CAD,ACTIVE
FA-6F7AE912DC,NIG-210,CP-210-202312-01,VEHICLE,Vehicles - CP-210-202312-01,150400,,2023-12-10,2023-12-10,6,STRAIGHT_LINE,3979.08,0.0,CAD,ACTIVE
FA-90F924C134,NIG-210,CP-210-202312-01,IT,Computer hardware and software - CP-210-202312-01,150500,,2023-12-10,2023-12-10,4,STRAIGHT_LINE,2754.75,0.0,CAD,ACTIVE
FA-991A48F090,NIG-210,CP-210-202312-01,LEASEHOLD,Leasehold improvements - CP-210-202312-01,150600,,2023-12-10,2023-12-10,8,STRAIGHT_LINE,2448.67,0.0,CAD,ACTIVE
FA-909DE9A9F3,NIG-210,CP-210-202401-01,BUILDING,Buildings and improvements - CP-210-202401-01,150200,,2024-01-10,2024-01-10,30,STRAIGHT_LINE,35153.91,0.0,CAD,ACTIVE
FA-BCFEEF0842,NIG-210,CP-210-202401-01,PLANT,Machinery and equipment - CP-210-202401-01,150300,,2024-01-10,2024-01-10,10,STRAIGHT_LINE,67378.33,0.0,CAD,ACTIVE
FA-529A37C0A8,NIG-210,CP-210-202401-01,VEHICLE,Vehicles - CP-210-202401-01,150400,,2024-01-10,2024-01-10,6,STRAIGHT_LINE,19041.7,0.0,CAD,ACTIVE
FA-9E50C7B853,NIG-210,CP-210-202401-01,IT,Computer hardware and software - CP-210-202401-01,150500,,2024-01-10,2024-01-10,4,STRAIGHT_LINE,13182.72,0.0,CAD,ACTIVE
FA-4B2F11A15B,NIG-210,CP-210-202401-01,LEASEHOLD,Leasehold improvements - CP-210-202401-01,150600,,2024-01-10,2024-01-10,8,STRAIGHT_LINE,11717.97,0.0,CAD,ACTIVE
FA-A5931AFA6F,NIG-210,CP-210-202402-01,BUILDING,Buildings and improvements - CP-210-202402-01,150200,,2024-02-10,2024-02-10,30,STRAIGHT_LINE,35153.91,0.0,CAD,ACTIVE
FA-BDF31F108B,NIG-210,CP-210-202402-01,PLANT,Machinery and equipment - CP-210-202402-01,150300,,2024-02-10,2024-02-10,10,STRAIGHT_LINE,67378.33,0.0,CAD,ACTIVE
FA-BB2228F3A4,NIG-210,CP-210-202402-01,VEHICLE,Vehicles - CP-210-202402-01,150400,,2024-02-10,2024-02-10,6,STRAIGHT_LINE,19041.7,0.0,CAD,ACTIVE
FA-B32EE183A1,NIG-210,CP-210-202402-01,IT,Computer hardware and software - CP-210-202402-01,150500,,2024-02-10,2024-02-10,4,STRAIGHT_LINE,13182.72,0.0,CAD,ACTIVE
FA-9E54092BF2,NIG-210,CP-210-202402-01,LEASEHOLD,Leasehold improvements - CP-210-202402-01,150600,,2024-02-10,2024-02-10,8,STRAIGHT_LINE,11717.97,0.0,CAD,ACTIVE
FA-EE03EDA993,NIG-210,CP-210-202403-01,BUILDING,Buildings and improvements - CP-210-202403-01,150200,,2024-03-10,2024-03-10,30,STRAIGHT_LINE,35153.91,0.0,CAD,ACTIVE
FA-9EAFFE5A65,NIG-210,CP-210-202403-01,PLANT,Machinery and equipment - CP-210-202403-01,150300,,2024-03-10,2024-03-10,10,STRAIGHT_LINE,67378.33,0.0,CAD,ACTIVE
FA-F4F516B3EE,NIG-210,CP-210-202403-01,VEHICLE,Vehicles - CP-210-202403-01,150400,,2024-03-10,2024-03-10,6,STRAIGHT_LINE,19041.7,0.0,CAD,ACTIVE
FA-873A5792EC,NIG-210,CP-210-202403-01,IT,Computer hardware and software - CP-210-202403-01,150500,,2024-03-10,2024-03-10,4,STRAIGHT_LINE,13182.72,0.0,CAD,ACTIVE
FA-F3B14FEE96,NIG-210,CP-210-202403-01,LEASEHOLD,Leasehold improvements - CP-210-202403-01,150600,,2024-03-10,2024-03-10,8,STRAIGHT_LINE,11717.97,0.0,CAD,ACTIVE
FA-D4EE9F3F39,NIG-210,CP-210-202404-01,BUILDING,Buildings and improvements - CP-210-202404-01,150200,,2024-04-10,2024-04-10,30,STRAIGHT_LINE,35153.91,0.0,CAD,ACTIVE
FA-EBF11E425D,NIG-210,CP-210-202404-01,PLANT,Machinery and equipment - CP-210-202404-01,150300,,2024-04-10,2024-04-10,10,STRAIGHT_LINE,67378.33,0.0,CAD,ACTIVE
FA-46EAB9871A,NIG-210,CP-210-202404-01,VEHICLE,Vehicles - CP-210-202404-01,150400,,2024-04-10,2024-04-10,6,STRAIGHT_LINE,19041.7,0.0,CAD,ACTIVE
FA-B5206516E9,NIG-210,CP-210-202404-01,IT,Computer hardware and software - CP-210-202404-01,150500,,2024-04-10,2024-04-10,4,STRAIGHT_LINE,13182.72,0.0,CAD,ACTIVE
FA-2563C7E975,NIG-210,CP-210-202404-01,LEASEHOLD,Leasehold improvements - CP-210-202404-01,150600,,2024-04-10,2024-04-10,8,STRAIGHT_LINE,11717.97,0.0,CAD,ACTIVE
FA-5B2B92C99F,NIG-210,CP-210-202405-01,BUILDING,Buildings and improvements - CP-210-202405-01,150200,,2024-05-10,2024-05-10,30,STRAIGHT_LINE,35153.91,0.0,CAD,ACTIVE
FA-A71B941110,NIG-210,CP-210-202405-01,PLANT,Machinery and equipment - CP-210-202405-01,150300,,2024-05-10,2024-05-10,10,STRAIGHT_LINE,67378.33,0.0,CAD,ACTIVE
FA-3F1B7D19B6,NIG-210,CP-210-202405-01,VEHICLE,Vehicles - CP-210-202405-01,150400,,2024-05-10,2024-05-10,6,STRAIGHT_LINE,19041.7,0.0,CAD,ACTIVE
FA-37EA3BC935,NIG-210,CP-210-202405-01,IT,Computer hardware and software - CP-210-202405-01,150500,,2024-05-10,2024-05-10,4,STRAIGHT_LINE,13182.72,0.0,CAD,ACTIVE
FA-CED87A5E2D,NIG-210,CP-210-202405-01,LEASEHOLD,Leasehold improvements - CP-210-202405-01,150600,,2024-05-10,2024-05-10,8,STRAIGHT_LINE,11717.97,0.0,CAD,ACTIVE
FA-4C99527E33,NIG-210,CP-210-202406-01,BUILDING,Buildings and improvements - CP-210-202406-01,150200,,2024-06-10,2024-06-10,30,STRAIGHT_LINE,35153.91,0.0,CAD,ACTIVE
FA-515EA7687C,NIG-210,CP-210-202406-01,PLANT,Machinery and equipment - CP-210-202406-01,150300,,2024-06-10,2024-06-10,10,STRAIGHT_LINE,67378.33,0.0,CAD,ACTIVE
FA-25995FE47C,NIG-210,CP-210-202406-01,VEHICLE,Vehicles - CP-210-202406-01,150400,,2024-06-10,2024-06-10,6,STRAIGHT_LINE,19041.7,0.0,CAD,ACTIVE
FA-4F98DA6FA2,NIG-210,CP-210-202406-01,IT,Computer hardware and software - CP-210-202406-01,150500,,2024-06-10,2024-06-10,4,STRAIGHT_LINE,13182.72,0.0,CAD,ACTIVE
FA-26231349DC,NIG-210,CP-210-202406-01,LEASEHOLD,Leasehold improvements - CP-210-202406-01,150600,,2024-06-10,2024-06-10,8,STRAIGHT_LINE,11717.97,0.0,CAD,ACTIVE
FA-AB36A2367F,NIG-210,CP-210-202407-01,BUILDING,Buildings and improvements - CP-210-202407-01,150200,,2024-07-10,2024-07-10,30,STRAIGHT_LINE,35153.91,0.0,CAD,ACTIVE
FA-7E099A4162,NIG-210,CP-210-202407-01,PLANT,Machinery and equipment - CP-210-202407-01,150300,,2024-07-10,2024-07-10,10,STRAIGHT_LINE,67378.33,0.0,CAD,ACTIVE
FA-9673DBADA3,NIG-210,CP-210-202407-01,VEHICLE,Vehicles - CP-210-202407-01,150400,,2024-07-10,2024-07-10,6,STRAIGHT_LINE,19041.7,0.0,CAD,ACTIVE
FA-EBF942731A,NIG-210,CP-210-202407-01,IT,Computer hardware and software - CP-210-202407-01,150500,,2024-07-10,2024-07-10,4,STRAIGHT_LINE,13182.72,0.0,CAD,ACTIVE
FA-C9C7E0C4B6,NIG-210,CP-210-202407-01,LEASEHOLD,Leasehold improvements - CP-210-202407-01,150600,,2024-07-10,2024-07-10,8,STRAIGHT_LINE,11717.97,0.0,CAD,ACTIVE
FA-F9EBBCA909,NIG-210,CP-210-202408-01,BUILDING,Buildings and improvements - CP-210-202408-01,150200,,2024-08-10,2024-08-10,30,STRAIGHT_LINE,35153.91,0.0,CAD,ACTIVE
FA-8C6C00BD7B,NIG-210,CP-210-202408-01,PLANT,Machinery and equipment - CP-210-202408-01,150300,,2024-08-10,2024-08-10,10,STRAIGHT_LINE,67378.33,0.0,CAD,ACTIVE
FA-7E5A2B2E5D,NIG-210,CP-210-202408-01,VEHICLE,Vehicles - CP-210-202408-01,150400,,2024-08-10,2024-08-10,6,STRAIGHT_LINE,19041.7,0.0,CAD,ACTIVE
FA-66FA53667E,NIG-210,CP-210-202408-01,IT,Computer hardware and software - CP-210-202408-01,150500,,2024-08-10,2024-08-10,4,STRAIGHT_LINE,13182.72,0.0,CAD,ACTIVE
FA-FB8274A54A,NIG-210,CP-210-202408-01,LEASEHOLD,Leasehold improvements - CP-210-202408-01,150600,,2024-08-10,2024-08-10,8,STRAIGHT_LINE,11717.97,0.0,CAD,ACTIVE
FA-18668F337B,NIG-210,CP-210-202409-01,BUILDING,Buildings and improvements - CP-210-202409-01,150200,,2024-09-10,2024-09-10,30,STRAIGHT_LINE,35153.91,0.0,CAD,ACTIVE
FA-EDF79D0AD4,NIG-210,CP-210-202409-01,PLANT,Machinery and equipment - CP-210-202409-01,150300,,2024-09-10,2024-09-10,10,STRAIGHT_LINE,67378.33,0.0,CAD,ACTIVE
FA-19C4AC6E95,NIG-210,CP-210-202409-01,VEHICLE,Vehicles - CP-210-202409-01,150400,,2024-09-10,2024-09-10,6,STRAIGHT_LINE,19041.7,0.0,CAD,ACTIVE
FA-1A93BC026D,NIG-210,CP-210-202409-01,IT,Computer hardware and software - CP-210-202409-01,150500,,2024-09-10,2024-09-10,4,STRAIGHT_LINE,13182.72,0.0,CAD,ACTIVE
FA-ACD3119791,NIG-210,CP-210-202409-01,LEASEHOLD,Leasehold improvements - CP-210-202409-01,150600,,2024-09-10,2024-09-10,8,STRAIGHT_LINE,11717.97,0.0,CAD,ACTIVE
FA-8E2EDDAA63,NIG-210,CP-210-202410-01,BUILDING,Buildings and improvements - CP-210-202410-01,150200,,2024-10-10,2024-10-10,30,STRAIGHT_LINE,35153.91,0.0,CAD,ACTIVE
FA-45D5FE1B89,NIG-210,CP-210-202410-01,PLANT,Machinery and equipment - CP-210-202410-01,150300,,2024-10-10,2024-10-10,10,STRAIGHT_LINE,67378.33,0.0,CAD,ACTIVE
FA-A40C055B06,NIG-210,CP-210-202410-01,VEHICLE,Vehicles - CP-210-202410-01,150400,,2024-10-10,2024-10-10,6,STRAIGHT_LINE,19041.7,0.0,CAD,ACTIVE
FA-FE729FDA42,NIG-210,CP-210-202410-01,IT,Computer hardware and software - CP-210-202410-01,150500,,2024-10-10,2024-10-10,4,STRAIGHT_LINE,13182.72,0.0,CAD,ACTIVE
FA-B789ACB906,NIG-210,CP-210-202410-01,LEASEHOLD,Leasehold improvements - CP-210-202410-01,150600,,2024-10-10,2024-10-10,8,STRAIGHT_LINE,11717.97,0.0,CAD,ACTIVE
FA-233E6EC72D,NIG-210,CP-210-202411-01,BUILDING,Buildings and improvements - CP-210-202411-01,150200,,2024-11-10,2024-11-10,30,STRAIGHT_LINE,35153.91,0.0,CAD,ACTIVE
FA-460D3AD502,NIG-210,CP-210-202411-01,PLANT,Machinery and equipment - CP-210-202411-01,150300,,2024-11-10,2024-11-10,10,STRAIGHT_LINE,67378.33,0.0,CAD,ACTIVE
FA-07A4B28DCE,NIG-210,CP-210-202411-01,VEHICLE,Vehicles - CP-210-202411-01,150400,,2024-11-10,2024-11-10,6,STRAIGHT_LINE,19041.7,0.0,CAD,ACTIVE
FA-B7DB16923C,NIG-210,CP-210-202411-01,IT,Computer hardware and software - CP-210-202411-01,150500,,2024-11-10,2024-11-10,4,STRAIGHT_LINE,13182.72,0.0,CAD,ACTIVE
FA-CBC5CAA313,NIG-210,CP-210-202411-01,LEASEHOLD,Leasehold improvements - CP-210-202411-01,150600,,2024-11-10,2024-11-10,8,STRAIGHT_LINE,11717.97,0.0,CAD,ACTIVE
FA-09BF64AD5C,NIG-210,CP-210-202412-01,BUILDING,Buildings and improvements - CP-210-202412-01,150200,,2024-12-10,2024-12-10,30,STRAIGHT_LINE,35153.91,0.0,CAD,ACTIVE
FA-403A7B337C,NIG-210,CP-210-202412-01,PLANT,Machinery and equipment - CP-210-202412-01,150300,,2024-12-10,2024-12-10,10,STRAIGHT_LINE,67378.33,0.0,CAD,ACTIVE
FA-EB89F4E90D,NIG-210,CP-210-202412-01,VEHICLE,Vehicles - CP-210-202412-01,150400,,2024-12-10,2024-12-10,6,STRAIGHT_LINE,19041.7,0.0,CAD,ACTIVE
FA-038E1CCE83,NIG-210,CP-210-202412-01,IT,Computer hardware and software - CP-210-202412-01,150500,,2024-12-10,2024-12-10,4,STRAIGHT_LINE,13182.72,0.0,CAD,ACTIVE
FA-B88400BF80,NIG-210,CP-210-202412-01,LEASEHOLD,Leasehold improvements - CP-210-202412-01,150600,,2024-12-10,2024-12-10,8,STRAIGHT_LINE,11717.97,0.0,CAD,ACTIVE
FA-5B27BD086F,NIG-210,CP-210-202501-01,BUILDING,Buildings and improvements - CP-210-202501-01,150200,,2025-01-10,2025-01-10,30,STRAIGHT_LINE,2567.15,0.0,CAD,ACTIVE
FA-F9BBAA2F8F,NIG-210,CP-210-202501-01,PLANT,Machinery and equipment - CP-210-202501-01,150300,,2025-01-10,2025-01-10,10,STRAIGHT_LINE,4920.37,0.0,CAD,ACTIVE
FA-DBBE1A0B4C,NIG-210,CP-210-202501-01,VEHICLE,Vehicles - CP-210-202501-01,150400,,2025-01-10,2025-01-10,6,STRAIGHT_LINE,1390.54,0.0,CAD,ACTIVE
FA-2C890DF4DE,NIG-210,CP-210-202502-01,BUILDING,Buildings and improvements - CP-210-202502-01,150200,,2025-02-10,2025-02-10,30,STRAIGHT_LINE,2567.15,0.0,CAD,ACTIVE
FA-CF5849545A,NIG-210,CP-210-202502-01,PLANT,Machinery and equipment - CP-210-202502-01,150300,,2025-02-10,2025-02-10,10,STRAIGHT_LINE,4920.37,0.0,CAD,ACTIVE
FA-3396D71DB6,NIG-210,CP-210-202502-01,VEHICLE,Vehicles - CP-210-202502-01,150400,,2025-02-10,2025-02-10,6,STRAIGHT_LINE,1390.54,0.0,CAD,ACTIVE
FA-376A0CFBA9,NIG-210,CP-210-202503-01,BUILDING,Buildings and improvements - CP-210-202503-01,150200,,2025-03-10,2025-03-10,30,STRAIGHT_LINE,2567.15,0.0,CAD,ACTIVE
FA-89A1E688F5,NIG-210,CP-210-202503-01,PLANT,Machinery and equipment - CP-210-202503-01,150300,,2025-03-10,2025-03-10,10,STRAIGHT_LINE,4920.37,0.0,CAD,ACTIVE
FA-476C4EA445,NIG-210,CP-210-202503-01,VEHICLE,Vehicles - CP-210-202503-01,150400,,2025-03-10,2025-03-10,6,STRAIGHT_LINE,1390.54,0.0,CAD,ACTIVE
FA-07E3396884,NIG-210,CP-210-202504-01,BUILDING,Buildings and improvements - CP-210-202504-01,150200,,2025-04-10,2025-04-10,30,STRAIGHT_LINE,2567.15,0.0,CAD,ACTIVE
FA-C8A710AD57,NIG-210,CP-210-202504-01,PLANT,Machinery and equipment - CP-210-202504-01,150300,,2025-04-10,2025-04-10,10,STRAIGHT_LINE,4920.37,0.0,CAD,ACTIVE
FA-5D5A812828,NIG-210,CP-210-202504-01,VEHICLE,Vehicles - CP-210-202504-01,150400,,2025-04-10,2025-04-10,6,STRAIGHT_LINE,1390.54,0.0,CAD,ACTIVE
FA-697AC92F14,NIG-210,CP-210-202505-01,BUILDING,Buildings and improvements - CP-210-202505-01,150200,,2025-05-10,2025-05-10,30,STRAIGHT_LINE,2567.15,0.0,CAD,ACTIVE
FA-7229807725,NIG-210,CP-210-202505-01,PLANT,Machinery and equipment - CP-210-202505-01,150300,,2025-05-10,2025-05-10,10,STRAIGHT_LINE,4920.37,0.0,CAD,ACTIVE
FA-E1F0AAF736,NIG-210,CP-210-202505-01,VEHICLE,Vehicles - CP-210-202505-01,150400,,2025-05-10,2025-05-10,6,STRAIGHT_LINE,1390.54,0.0,CAD,ACTIVE
FA-7D92B4555D,NIG-210,CP-210-202506-01,BUILDING,Buildings and improvements - CP-210-202506-01,150200,,2025-06-10,2025-06-10,30,STRAIGHT_LINE,2567.15,0.0,CAD,ACTIVE
FA-34367A787A,NIG-210,CP-210-202506-01,PLANT,Machinery and equipment - CP-210-202506-01,150300,,2025-06-10,2025-06-10,10,STRAIGHT_LINE,4920.37,0.0,CAD,ACTIVE
FA-5760EB020B,NIG-210,CP-210-202506-01,VEHICLE,Vehicles - CP-210-202506-01,150400,,2025-06-10,2025-06-10,6,STRAIGHT_LINE,1390.54,0.0,CAD,ACTIVE
FA-1909EE98AC,NIG-210,CP-210-202507-01,BUILDING,Buildings and improvements - CP-210-202507-01,150200,,2025-07-10,2025-07-10,30,STRAIGHT_LINE,2567.15,0.0,CAD,ACTIVE
FA-CF80BA993B,NIG-210,CP-210-202507-01,PLANT,Machinery and equipment - CP-210-202507-01,150300,,2025-07-10,2025-07-10,10,STRAIGHT_LINE,4920.37,0.0,CAD,ACTIVE
FA-C2D90B387C,NIG-210,CP-210-202507-01,VEHICLE,Vehicles - CP-210-202507-01,150400,,2025-07-10,2025-07-10,6,STRAIGHT_LINE,1390.54,0.0,CAD,ACTIVE
FA-E74D6483D6,NIG-210,CP-210-202508-01,BUILDING,Buildings and improvements - CP-210-202508-01,150200,,2025-08-10,2025-08-10,30,STRAIGHT_LINE,2567.15,0.0,CAD,ACTIVE
FA-7EA80C9A02,NIG-210,CP-210-202508-01,PLANT,Machinery and equipment - CP-210-202508-01,150300,,2025-08-10,2025-08-10,10,STRAIGHT_LINE,4920.37,0.0,CAD,ACTIVE
FA-5C124520E3,NIG-210,CP-210-202508-01,VEHICLE,Vehicles - CP-210-202508-01,150400,,2025-08-10,2025-08-10,6,STRAIGHT_LINE,1390.54,0.0,CAD,ACTIVE
FA-63C748A2C9,NIG-210,CP-210-202509-01,BUILDING,Buildings and improvements - CP-210-202509-01,150200,,2025-09-10,2025-09-10,30,STRAIGHT_LINE,2567.15,0.0,CAD,ACTIVE
FA-CFFAF7690E,NIG-210,CP-210-202509-01,PLANT,Machinery and equipment - CP-210-202509-01,150300,,2025-09-10,2025-09-10,10,STRAIGHT_LINE,4920.37,0.0,CAD,ACTIVE
FA-5D4BC4E255,NIG-210,CP-210-202509-01,VEHICLE,Vehicles - CP-210-202509-01,150400,,2025-09-10,2025-09-10,6,STRAIGHT_LINE,1390.54,0.0,CAD,ACTIVE
FA-FF978B175E,NIG-210,CP-210-202510-01,BUILDING,Buildings and improvements - CP-210-202510-01,150200,,2025-10-10,2025-10-10,30,STRAIGHT_LINE,2567.15,0.0,CAD,ACTIVE
FA-5CEFD3E1D4,NIG-210,CP-210-202510-01,PLANT,Machinery and equipment - CP-210-202510-01,150300,,2025-10-10,2025-10-10,10,STRAIGHT_LINE,4920.37,0.0,CAD,ACTIVE
FA-33A01F00A1,NIG-210,CP-210-202510-01,VEHICLE,Vehicles - CP-210-202510-01,150400,,2025-10-10,2025-10-10,6,STRAIGHT_LINE,1390.54,0.0,CAD,ACTIVE
FA-1939A7629A,NIG-210,CP-210-202511-01,BUILDING,Buildings and improvements - CP-210-202511-01,150200,,2025-11-10,2025-11-10,30,STRAIGHT_LINE,2567.15,0.0,CAD,ACTIVE
FA-90CA28E694,NIG-210,CP-210-202511-01,PLANT,Machinery and equipment - CP-210-202511-01,150300,,2025-11-10,2025-11-10,10,STRAIGHT_LINE,4920.37,0.0,CAD,ACTIVE
FA-78F27189BB,NIG-210,CP-210-202511-01,VEHICLE,Vehicles - CP-210-202511-01,150400,,2025-11-10,2025-11-10,6,STRAIGHT_LINE,1390.54,0.0,CAD,ACTIVE
FA-9B5036799C,NIG-210,CP-210-202512-01,BUILDING,Buildings and improvements - CP-210-202512-01,150200,,2025-12-10,2025-12-10,30,STRAIGHT_LINE,2567.15,0.0,CAD,ACTIVE
FA-C92F5375A8,NIG-210,CP-210-202512-01,PLANT,Machinery and equipment - CP-210-202512-01,150300,,2025-12-10,2025-12-10,10,STRAIGHT_LINE,4920.37,0.0,CAD,ACTIVE
FA-6117A5B96D,NIG-210,CP-210-202512-01,VEHICLE,Vehicles - CP-210-202512-01,150400,,2025-12-10,2025-12-10,6,STRAIGHT_LINE,1390.54,0.0,CAD,ACTIVE
FA-CC4AD7B3DC,NIG-210,CP-210-202601-01,BUILDING,Buildings and improvements - CP-210-202601-01,150200,,2026-01-10,2026-01-10,30,STRAIGHT_LINE,7696.07,0.0,CAD,ACTIVE
FA-EF431EE263,NIG-210,CP-210-202601-01,PLANT,Machinery and equipment - CP-210-202601-01,150300,,2026-01-10,2026-01-10,10,STRAIGHT_LINE,14750.81,0.0,CAD,ACTIVE
FA-48C0B83830,NIG-210,CP-210-202601-01,VEHICLE,Vehicles - CP-210-202601-01,150400,,2026-01-10,2026-01-10,6,STRAIGHT_LINE,4168.71,0.0,CAD,ACTIVE
FA-DA543FD907,NIG-210,CP-210-202601-01,IT,Computer hardware and software - CP-210-202601-01,150500,,2026-01-10,2026-01-10,4,STRAIGHT_LINE,2886.03,0.0,CAD,ACTIVE
FA-A1F7A87F03,NIG-210,CP-210-202601-01,LEASEHOLD,Leasehold improvements - CP-210-202601-01,150600,,2026-01-10,2026-01-10,8,STRAIGHT_LINE,2565.36,0.0,CAD,ACTIVE
FA-AFFAC28B0C,NIG-210,CP-210-202602-01,BUILDING,Buildings and improvements - CP-210-202602-01,150200,,2026-02-10,2026-02-10,30,STRAIGHT_LINE,7696.07,0.0,CAD,ACTIVE
FA-34F1769220,NIG-210,CP-210-202602-01,PLANT,Machinery and equipment - CP-210-202602-01,150300,,2026-02-10,2026-02-10,10,STRAIGHT_LINE,14750.81,0.0,CAD,ACTIVE
FA-74AE927144,NIG-210,CP-210-202602-01,VEHICLE,Vehicles - CP-210-202602-01,150400,,2026-02-10,2026-02-10,6,STRAIGHT_LINE,4168.71,0.0,CAD,ACTIVE
FA-8404495B45,NIG-210,CP-210-202602-01,IT,Computer hardware and software - CP-210-202602-01,150500,,2026-02-10,2026-02-10,4,STRAIGHT_LINE,2886.03,0.0,CAD,ACTIVE
FA-49AEF11FE3,NIG-210,CP-210-202602-01,LEASEHOLD,Leasehold improvements - CP-210-202602-01,150600,,2026-02-10,2026-02-10,8,STRAIGHT_LINE,2565.36,0.0,CAD,ACTIVE
FA-1E536B786E,NIG-210,CP-210-202603-01,BUILDING,Buildings and improvements - CP-210-202603-01,150200,,2026-03-10,2026-03-10,30,STRAIGHT_LINE,7696.07,0.0,CAD,ACTIVE
FA-A0E66370F0,NIG-210,CP-210-202603-01,PLANT,Machinery and equipment - CP-210-202603-01,150300,,2026-03-10,2026-03-10,10,STRAIGHT_LINE,14750.81,0.0,CAD,ACTIVE
FA-0B52D20221,NIG-210,CP-210-202603-01,VEHICLE,Vehicles - CP-210-202603-01,150400,,2026-03-10,2026-03-10,6,STRAIGHT_LINE,4168.71,0.0,CAD,ACTIVE
FA-83345D0035,NIG-210,CP-210-202603-01,IT,Computer hardware and software - CP-210-202603-01,150500,,2026-03-10,2026-03-10,4,STRAIGHT_LINE,2886.03,0.0,CAD,ACTIVE
FA-6D725B8DD8,NIG-210,CP-210-202603-01,LEASEHOLD,Leasehold improvements - CP-210-202603-01,150600,,2026-03-10,2026-03-10,8,STRAIGHT_LINE,2565.36,0.0,CAD,ACTIVE
FA-67863C4344,NIG-210,CP-210-202604-01,BUILDING,Buildings and improvements - CP-210-202604-01,150200,,2026-04-10,2026-04-10,30,STRAIGHT_LINE,7696.07,0.0,CAD,ACTIVE
FA-C6695FA397,NIG-210,CP-210-202604-01,PLANT,Machinery and equipment - CP-210-202604-01,150300,,2026-04-10,2026-04-10,10,STRAIGHT_LINE,14750.81,0.0,CAD,ACTIVE
FA-2EE903A0F4,NIG-210,CP-210-202604-01,VEHICLE,Vehicles - CP-210-202604-01,150400,,2026-04-10,2026-04-10,6,STRAIGHT_LINE,4168.71,0.0,CAD,ACTIVE
FA-32FADBCF29,NIG-210,CP-210-202604-01,IT,Computer hardware and software - CP-210-202604-01,150500,,2026-04-10,2026-04-10,4,STRAIGHT_LINE,2886.03,0.0,CAD,ACTIVE
FA-B2E4644B21,NIG-210,CP-210-202604-01,LEASEHOLD,Leasehold improvements - CP-210-202604-01,150600,,2026-04-10,2026-04-10,8,STRAIGHT_LINE,2565.36,0.0,CAD,ACTIVE
FA-1090FB218B,NIG-210,CP-210-202605-01,BUILDING,Buildings and improvements - CP-210-202605-01,150200,,2026-05-10,2026-05-10,30,STRAIGHT_LINE,7696.07,0.0,CAD,ACTIVE
FA-5837B0A827,NIG-210,CP-210-202605-01,PLANT,Machinery and equipment - CP-210-202605-01,150300,,2026-05-10,2026-05-10,10,STRAIGHT_LINE,14750.81,0.0,CAD,ACTIVE
FA-9C899F6F1F,NIG-210,CP-210-202605-01,VEHICLE,Vehicles - CP-210-202605-01,150400,,2026-05-10,2026-05-10,6,STRAIGHT_LINE,4168.71,0.0,CAD,ACTIVE
FA-3017D94F0F,NIG-210,CP-210-202605-01,IT,Computer hardware and software - CP-210-202605-01,150500,,2026-05-10,2026-05-10,4,STRAIGHT_LINE,2886.03,0.0,CAD,ACTIVE
FA-67F4F4750D,NIG-210,CP-210-202605-01,LEASEHOLD,Leasehold improvements - CP-210-202605-01,150600,,2026-05-10,2026-05-10,8,STRAIGHT_LINE,2565.36,0.0,CAD,ACTIVE
FA-44D09FD47B,NIG-210,CP-210-202606-01,BUILDING,Buildings and improvements - CP-210-202606-01,150200,,2026-06-10,2026-06-10,30,STRAIGHT_LINE,7696.07,0.0,CAD,ACTIVE
FA-4B0124C462,NIG-210,CP-210-202606-01,PLANT,Machinery and equipment - CP-210-202606-01,150300,,2026-06-10,2026-06-10,10,STRAIGHT_LINE,14750.81,0.0,CAD,ACTIVE
FA-EADD3F42F2,NIG-210,CP-210-202606-01,VEHICLE,Vehicles - CP-210-202606-01,150400,,2026-06-10,2026-06-10,6,STRAIGHT_LINE,4168.71,0.0,CAD,ACTIVE
FA-71D3C44F26,NIG-210,CP-210-202606-01,IT,Computer hardware and software - CP-210-202606-01,150500,,2026-06-10,2026-06-10,4,STRAIGHT_LINE,2886.03,0.0,CAD,ACTIVE
FA-764FB6D9F4,NIG-210,CP-210-202606-01,LEASEHOLD,Leasehold improvements - CP-210-202606-01,150600,,2026-06-10,2026-06-10,8,STRAIGHT_LINE,2565.36,0.0,CAD,ACTIVE
FA-DF5BCBD8B5,NIG-210,CP-210-202607-01,BUILDING,Buildings and improvements - CP-210-202607-01,150200,,2026-07-10,2026-07-10,30,STRAIGHT_LINE,7696.07,0.0,CAD,ACTIVE
FA-2A33A2D5DB,NIG-210,CP-210-202607-01,PLANT,Machinery and equipment - CP-210-202607-01,150300,,2026-07-10,2026-07-10,10,STRAIGHT_LINE,14750.81,0.0,CAD,ACTIVE
FA-02CBF5C916,NIG-210,CP-210-202607-01,VEHICLE,Vehicles - CP-210-202607-01,150400,,2026-07-10,2026-07-10,6,STRAIGHT_LINE,4168.71,0.0,CAD,ACTIVE
FA-D6EC94056E,NIG-210,CP-210-202607-01,IT,Computer hardware and software - CP-210-202607-01,150500,,2026-07-10,2026-07-10,4,STRAIGHT_LINE,2886.03,0.0,CAD,ACTIVE
FA-679D845FEA,NIG-210,CP-210-202607-01,LEASEHOLD,Leasehold improvements - CP-210-202607-01,150600,,2026-07-10,2026-07-10,8,STRAIGHT_LINE,2565.36,0.0,CAD,ACTIVE
FA-48CF9153F4,NIG-210,CP-210-202608-01,BUILDING,Buildings and improvements - CP-210-202608-01,150200,,2026-08-10,2026-08-10,30,STRAIGHT_LINE,7696.07,0.0,CAD,ACTIVE
FA-FED1083D30,NIG-210,CP-210-202608-01,PLANT,Machinery and equipment - CP-210-202608-01,150300,,2026-08-10,2026-08-10,10,STRAIGHT_LINE,14750.81,0.0,CAD,ACTIVE
FA-6A1C555E9A,NIG-210,CP-210-202608-01,VEHICLE,Vehicles - CP-210-202608-01,150400,,2026-08-10,2026-08-10,6,STRAIGHT_LINE,4168.71,0.0,CAD,ACTIVE
FA-5C542921A5,NIG-210,CP-210-202608-01,IT,Computer hardware and software - CP-210-202608-01,150500,,2026-08-10,2026-08-10,4,STRAIGHT_LINE,2886.03,0.0,CAD,ACTIVE
FA-D11F1EAFE4,NIG-210,CP-210-202608-01,LEASEHOLD,Leasehold improvements - CP-210-202608-01,150600,,2026-08-10,2026-08-10,8,STRAIGHT_LINE,2565.36,0.0,CAD,ACTIVE
FA-B619D267E6,NIG-220,CP-220-202304-01,BUILDING,Buildings and improvements - CP-220-202304-01,150200,,2023-04-10,2023-04-10,30,STRAIGHT_LINE,66029.41,0.0,EUR,ACTIVE
FA-56545CF11F,NIG-220,CP-220-202304-01,PLANT,Machinery and equipment - CP-220-202304-01,150300,,2023-04-10,2023-04-10,10,STRAIGHT_LINE,55684.81,0.0,EUR,ACTIVE
FA-00CF8C5AC8,NIG-220,CP-220-202304-01,VEHICLE,Vehicles - CP-220-202304-01,150400,,2023-04-10,2023-04-10,6,STRAIGHT_LINE,127898.95,0.0,EUR,ACTIVE
FA-264A586072,NIG-220,CP-220-202304-01,IT,Computer hardware and software - CP-220-202304-01,150500,,2023-04-10,2023-04-10,4,STRAIGHT_LINE,88545.42,0.0,EUR,ACTIVE
FA-B00B1405E4,NIG-220,CP-220-202304-01,LEASEHOLD,Leasehold improvements - CP-220-202304-01,150600,,2023-04-10,2023-04-10,8,STRAIGHT_LINE,78707.04,0.0,EUR,ACTIVE
FA-93C630772D,NIG-220,CP-220-202305-01,BUILDING,Buildings and improvements - CP-220-202305-01,150200,,2023-05-10,2023-05-10,30,STRAIGHT_LINE,66029.41,0.0,EUR,ACTIVE
FA-A55B73732E,NIG-220,CP-220-202305-01,PLANT,Machinery and equipment - CP-220-202305-01,150300,,2023-05-10,2023-05-10,10,STRAIGHT_LINE,55684.81,0.0,EUR,ACTIVE
FA-41EAF20BDE,NIG-220,CP-220-202305-01,VEHICLE,Vehicles - CP-220-202305-01,150400,,2023-05-10,2023-05-10,6,STRAIGHT_LINE,127898.95,0.0,EUR,ACTIVE
FA-E76FEED50C,NIG-220,CP-220-202305-01,IT,Computer hardware and software - CP-220-202305-01,150500,,2023-05-10,2023-05-10,4,STRAIGHT_LINE,88545.42,0.0,EUR,ACTIVE
FA-9CA8821330,NIG-220,CP-220-202305-01,LEASEHOLD,Leasehold improvements - CP-220-202305-01,150600,,2023-05-10,2023-05-10,8,STRAIGHT_LINE,78707.04,0.0,EUR,ACTIVE
FA-D28F188C78,NIG-220,CP-220-202306-01,BUILDING,Buildings and improvements - CP-220-202306-01,150200,,2023-06-10,2023-06-10,30,STRAIGHT_LINE,66029.41,0.0,EUR,ACTIVE
FA-E46459D56E,NIG-220,CP-220-202306-01,PLANT,Machinery and equipment - CP-220-202306-01,150300,,2023-06-10,2023-06-10,10,STRAIGHT_LINE,55684.81,0.0,EUR,ACTIVE
FA-ED0FFAFB7E,NIG-220,CP-220-202306-01,VEHICLE,Vehicles - CP-220-202306-01,150400,,2023-06-10,2023-06-10,6,STRAIGHT_LINE,127898.95,0.0,EUR,ACTIVE
FA-AAD0450437,NIG-220,CP-220-202306-01,IT,Computer hardware and software - CP-220-202306-01,150500,,2023-06-10,2023-06-10,4,STRAIGHT_LINE,88545.42,0.0,EUR,ACTIVE
FA-EBA869E838,NIG-220,CP-220-202306-01,LEASEHOLD,Leasehold improvements - CP-220-202306-01,150600,,2023-06-10,2023-06-10,8,STRAIGHT_LINE,78707.04,0.0,EUR,ACTIVE
FA-15CEFCB133,NIG-220,CP-220-202307-01,BUILDING,Buildings and improvements - CP-220-202307-01,150200,,2023-07-10,2023-07-10,30,STRAIGHT_LINE,66029.41,0.0,EUR,ACTIVE
FA-8184281916,NIG-220,CP-220-202307-01,PLANT,Machinery and equipment - CP-220-202307-01,150300,,2023-07-10,2023-07-10,10,STRAIGHT_LINE,55684.81,0.0,EUR,ACTIVE
FA-57D69FCF9C,NIG-220,CP-220-202307-01,VEHICLE,Vehicles - CP-220-202307-01,150400,,2023-07-10,2023-07-10,6,STRAIGHT_LINE,127898.95,0.0,EUR,ACTIVE
FA-B09A735C10,NIG-220,CP-220-202307-01,IT,Computer hardware and software - CP-220-202307-01,150500,,2023-07-10,2023-07-10,4,STRAIGHT_LINE,88545.42,0.0,EUR,ACTIVE
FA-15C60D91DC,NIG-220,CP-220-202307-01,LEASEHOLD,Leasehold improvements - CP-220-202307-01,150600,,2023-07-10,2023-07-10,8,STRAIGHT_LINE,78707.04,0.0,EUR,ACTIVE
FA-2FAA40916C,NIG-220,CP-220-202308-01,BUILDING,Buildings and improvements - CP-220-202308-01,150200,,2023-08-10,2023-08-10,30,STRAIGHT_LINE,66029.41,0.0,EUR,ACTIVE
FA-A4862DAF74,NIG-220,CP-220-202308-01,PLANT,Machinery and equipment - CP-220-202308-01,150300,,2023-08-10,2023-08-10,10,STRAIGHT_LINE,55684.81,0.0,EUR,ACTIVE
FA-7A66450FBF,NIG-220,CP-220-202308-01,VEHICLE,Vehicles - CP-220-202308-01,150400,,2023-08-10,2023-08-10,6,STRAIGHT_LINE,127898.95,0.0,EUR,ACTIVE
FA-AED1B09E94,NIG-220,CP-220-202308-01,IT,Computer hardware and software - CP-220-202308-01,150500,,2023-08-10,2023-08-10,4,STRAIGHT_LINE,88545.42,0.0,EUR,ACTIVE
FA-4F983DA325,NIG-220,CP-220-202308-01,LEASEHOLD,Leasehold improvements - CP-220-202308-01,150600,,2023-08-10,2023-08-10,8,STRAIGHT_LINE,78707.04,0.0,EUR,ACTIVE
FA-834E6EB69F,NIG-220,CP-220-202309-01,BUILDING,Buildings and improvements - CP-220-202309-01,150200,,2023-09-10,2023-09-10,30,STRAIGHT_LINE,66029.41,0.0,EUR,ACTIVE
FA-747D5B3193,NIG-220,CP-220-202309-01,PLANT,Machinery and equipment - CP-220-202309-01,150300,,2023-09-10,2023-09-10,10,STRAIGHT_LINE,55684.81,0.0,EUR,ACTIVE
FA-02E8ED4778,NIG-220,CP-220-202309-01,VEHICLE,Vehicles - CP-220-202309-01,150400,,2023-09-10,2023-09-10,6,STRAIGHT_LINE,127898.95,0.0,EUR,ACTIVE
FA-5F8B7D9357,NIG-220,CP-220-202309-01,IT,Computer hardware and software - CP-220-202309-01,150500,,2023-09-10,2023-09-10,4,STRAIGHT_LINE,88545.42,0.0,EUR,ACTIVE
FA-D5050F9415,NIG-220,CP-220-202309-01,LEASEHOLD,Leasehold improvements - CP-220-202309-01,150600,,2023-09-10,2023-09-10,8,STRAIGHT_LINE,78707.04,0.0,EUR,ACTIVE
FA-B92D30D819,NIG-220,CP-220-202310-01,BUILDING,Buildings and improvements - CP-220-202310-01,150200,,2023-10-10,2023-10-10,30,STRAIGHT_LINE,66029.41,0.0,EUR,ACTIVE
FA-9FDFAC03FA,NIG-220,CP-220-202310-01,PLANT,Machinery and equipment - CP-220-202310-01,150300,,2023-10-10,2023-10-10,10,STRAIGHT_LINE,55684.81,0.0,EUR,ACTIVE
FA-D1EFA2F3D4,NIG-220,CP-220-202310-01,VEHICLE,Vehicles - CP-220-202310-01,150400,,2023-10-10,2023-10-10,6,STRAIGHT_LINE,127898.95,0.0,EUR,ACTIVE
FA-36F3302D2D,NIG-220,CP-220-202310-01,IT,Computer hardware and software - CP-220-202310-01,150500,,2023-10-10,2023-10-10,4,STRAIGHT_LINE,88545.42,0.0,EUR,ACTIVE
FA-0D85C8E9CB,NIG-220,CP-220-202310-01,LEASEHOLD,Leasehold improvements - CP-220-202310-01,150600,,2023-10-10,2023-10-10,8,STRAIGHT_LINE,78707.04,0.0,EUR,ACTIVE
FA-03198D1669,NIG-220,CP-220-202311-01,BUILDING,Buildings and improvements - CP-220-202311-01,150200,,2023-11-10,2023-11-10,30,STRAIGHT_LINE,66029.41,0.0,EUR,ACTIVE
FA-32ACD65D97,NIG-220,CP-220-202311-01,PLANT,Machinery and equipment - CP-220-202311-01,150300,,2023-11-10,2023-11-10,10,STRAIGHT_LINE,55684.81,0.0,EUR,ACTIVE
FA-2E03D37D0A,NIG-220,CP-220-202311-01,VEHICLE,Vehicles - CP-220-202311-01,150400,,2023-11-10,2023-11-10,6,STRAIGHT_LINE,127898.95,0.0,EUR,ACTIVE
FA-36CA743922,NIG-220,CP-220-202311-01,IT,Computer hardware and software - CP-220-202311-01,150500,,2023-11-10,2023-11-10,4,STRAIGHT_LINE,88545.42,0.0,EUR,ACTIVE
FA-A323B716AC,NIG-220,CP-220-202311-01,LEASEHOLD,Leasehold improvements - CP-220-202311-01,150600,,2023-11-10,2023-11-10,8,STRAIGHT_LINE,78707.04,0.0,EUR,ACTIVE
FA-61F3A1FEC8,NIG-220,CP-220-202312-01,BUILDING,Buildings and improvements - CP-220-202312-01,150200,,2023-12-10,2023-12-10,30,STRAIGHT_LINE,66029.41,0.0,EUR,ACTIVE
FA-092CD2DB3B,NIG-220,CP-220-202312-01,PLANT,Machinery and equipment - CP-220-202312-01,150300,,2023-12-10,2023-12-10,10,STRAIGHT_LINE,55684.81,0.0,EUR,ACTIVE
FA-C2A31F5C9F,NIG-220,CP-220-202312-01,VEHICLE,Vehicles - CP-220-202312-01,150400,,2023-12-10,2023-12-10,6,STRAIGHT_LINE,127898.95,0.0,EUR,ACTIVE
FA-503C58D6C5,NIG-220,CP-220-202312-01,IT,Computer hardware and software - CP-220-202312-01,150500,,2023-12-10,2023-12-10,4,STRAIGHT_LINE,88545.42,0.0,EUR,ACTIVE
FA-867F88C0BF,NIG-220,CP-220-202312-01,LEASEHOLD,Leasehold improvements - CP-220-202312-01,150600,,2023-12-10,2023-12-10,8,STRAIGHT_LINE,78707.04,0.0,EUR,ACTIVE
FA-4E52B30FAF,NIG-220,CP-220-202401-01,BUILDING,Buildings and improvements - CP-220-202401-01,150200,,2024-01-10,2024-01-10,30,STRAIGHT_LINE,84407.82,0.0,EUR,ACTIVE
FA-62D16EF202,NIG-220,CP-220-202401-01,PLANT,Machinery and equipment - CP-220-202401-01,150300,,2024-01-10,2024-01-10,10,STRAIGHT_LINE,161781.66,0.0,EUR,ACTIVE
FA-62920025E5,NIG-220,CP-220-202401-01,VEHICLE,Vehicles - CP-220-202401-01,150400,,2024-01-10,2024-01-10,6,STRAIGHT_LINE,45720.9,0.0,EUR,ACTIVE
FA-4346D95087,NIG-220,CP-220-202401-01,IT,Computer hardware and software - CP-220-202401-01,150500,,2024-01-10,2024-01-10,4,STRAIGHT_LINE,31652.93,0.0,EUR,ACTIVE
FA-4EC15E385C,NIG-220,CP-220-202401-01,LEASEHOLD,Leasehold improvements - CP-220-202401-01,150600,,2024-01-10,2024-01-10,8,STRAIGHT_LINE,28135.94,0.0,EUR,ACTIVE
FA-B7377A4646,NIG-220,CP-220-202402-01,BUILDING,Buildings and improvements - CP-220-202402-01,150200,,2024-02-10,2024-02-10,30,STRAIGHT_LINE,84407.82,0.0,EUR,ACTIVE
FA-E1AEBC7616,NIG-220,CP-220-202402-01,PLANT,Machinery and equipment - CP-220-202402-01,150300,,2024-02-10,2024-02-10,10,STRAIGHT_LINE,161781.66,0.0,EUR,ACTIVE
FA-AF183C7168,NIG-220,CP-220-202402-01,VEHICLE,Vehicles - CP-220-202402-01,150400,,2024-02-10,2024-02-10,6,STRAIGHT_LINE,45720.9,0.0,EUR,ACTIVE
FA-A9F3E551BB,NIG-220,CP-220-202402-01,IT,Computer hardware and software - CP-220-202402-01,150500,,2024-02-10,2024-02-10,4,STRAIGHT_LINE,31652.93,0.0,EUR,ACTIVE
FA-9B0853E826,NIG-220,CP-220-202402-01,LEASEHOLD,Leasehold improvements - CP-220-202402-01,150600,,2024-02-10,2024-02-10,8,STRAIGHT_LINE,28135.94,0.0,EUR,ACTIVE
FA-AF7EA1F2D8,NIG-220,CP-220-202403-01,BUILDING,Buildings and improvements - CP-220-202403-01,150200,,2024-03-10,2024-03-10,30,STRAIGHT_LINE,84407.82,0.0,EUR,ACTIVE
FA-F654647FA1,NIG-220,CP-220-202403-01,PLANT,Machinery and equipment - CP-220-202403-01,150300,,2024-03-10,2024-03-10,10,STRAIGHT_LINE,161781.66,0.0,EUR,ACTIVE
FA-92D90DE384,NIG-220,CP-220-202403-01,VEHICLE,Vehicles - CP-220-202403-01,150400,,2024-03-10,2024-03-10,6,STRAIGHT_LINE,45720.9,0.0,EUR,ACTIVE
FA-6CEA13167D,NIG-220,CP-220-202403-01,IT,Computer hardware and software - CP-220-202403-01,150500,,2024-03-10,2024-03-10,4,STRAIGHT_LINE,31652.93,0.0,EUR,ACTIVE
FA-57E69443C0,NIG-220,CP-220-202403-01,LEASEHOLD,Leasehold improvements - CP-220-202403-01,150600,,2024-03-10,2024-03-10,8,STRAIGHT_LINE,28135.94,0.0,EUR,ACTIVE
FA-C4C87C7070,NIG-220,CP-220-202404-01,BUILDING,Buildings and improvements - CP-220-202404-01,150200,,2024-04-10,2024-04-10,30,STRAIGHT_LINE,84407.82,0.0,EUR,ACTIVE
FA-393904A14B,NIG-220,CP-220-202404-01,PLANT,Machinery and equipment - CP-220-202404-01,150300,,2024-04-10,2024-04-10,10,STRAIGHT_LINE,161781.66,0.0,EUR,ACTIVE
FA-5A82BC9E93,NIG-220,CP-220-202404-01,VEHICLE,Vehicles - CP-220-202404-01,150400,,2024-04-10,2024-04-10,6,STRAIGHT_LINE,45720.9,0.0,EUR,ACTIVE
FA-7CD5EE2D0C,NIG-220,CP-220-202404-01,IT,Computer hardware and software - CP-220-202404-01,150500,,2024-04-10,2024-04-10,4,STRAIGHT_LINE,31652.93,0.0,EUR,ACTIVE
FA-532747EE48,NIG-220,CP-220-202404-01,LEASEHOLD,Leasehold improvements - CP-220-202404-01,150600,,2024-04-10,2024-04-10,8,STRAIGHT_LINE,28135.94,0.0,EUR,ACTIVE
FA-7F494D4174,NIG-220,CP-220-202405-01,BUILDING,Buildings and improvements - CP-220-202405-01,150200,,2024-05-10,2024-05-10,30,STRAIGHT_LINE,84407.82,0.0,EUR,ACTIVE
FA-E6BC1B1185,NIG-220,CP-220-202405-01,PLANT,Machinery and equipment - CP-220-202405-01,150300,,2024-05-10,2024-05-10,10,STRAIGHT_LINE,161781.66,0.0,EUR,ACTIVE
FA-C719DF0CF3,NIG-220,CP-220-202405-01,VEHICLE,Vehicles - CP-220-202405-01,150400,,2024-05-10,2024-05-10,6,STRAIGHT_LINE,45720.9,0.0,EUR,ACTIVE
FA-AA47EFE163,NIG-220,CP-220-202405-01,IT,Computer hardware and software - CP-220-202405-01,150500,,2024-05-10,2024-05-10,4,STRAIGHT_LINE,31652.93,0.0,EUR,ACTIVE
FA-D08BF4AAD2,NIG-220,CP-220-202405-01,LEASEHOLD,Leasehold improvements - CP-220-202405-01,150600,,2024-05-10,2024-05-10,8,STRAIGHT_LINE,28135.94,0.0,EUR,ACTIVE
FA-9F8220F574,NIG-220,CP-220-202406-01,BUILDING,Buildings and improvements - CP-220-202406-01,150200,,2024-06-10,2024-06-10,30,STRAIGHT_LINE,84407.82,0.0,EUR,ACTIVE
FA-4E4C211BE2,NIG-220,CP-220-202406-01,PLANT,Machinery and equipment - CP-220-202406-01,150300,,2024-06-10,2024-06-10,10,STRAIGHT_LINE,161781.66,0.0,EUR,ACTIVE
FA-4A47636B6F,NIG-220,CP-220-202406-01,VEHICLE,Vehicles - CP-220-202406-01,150400,,2024-06-10,2024-06-10,6,STRAIGHT_LINE,45720.9,0.0,EUR,ACTIVE
FA-44A256D044,NIG-220,CP-220-202406-01,IT,Computer hardware and software - CP-220-202406-01,150500,,2024-06-10,2024-06-10,4,STRAIGHT_LINE,31652.93,0.0,EUR,ACTIVE
FA-1C58EB308D,NIG-220,CP-220-202406-01,LEASEHOLD,Leasehold improvements - CP-220-202406-01,150600,,2024-06-10,2024-06-10,8,STRAIGHT_LINE,28135.94,0.0,EUR,ACTIVE
FA-F4654819BE,NIG-220,CP-220-202407-01,BUILDING,Buildings and improvements - CP-220-202407-01,150200,,2024-07-10,2024-07-10,30,STRAIGHT_LINE,84407.82,0.0,EUR,ACTIVE
FA-6B28921F80,NIG-220,CP-220-202407-01,PLANT,Machinery and equipment - CP-220-202407-01,150300,,2024-07-10,2024-07-10,10,STRAIGHT_LINE,161781.66,0.0,EUR,ACTIVE
FA-C14642A366,NIG-220,CP-220-202407-01,VEHICLE,Vehicles - CP-220-202407-01,150400,,2024-07-10,2024-07-10,6,STRAIGHT_LINE,45720.9,0.0,EUR,ACTIVE
FA-E17BC3CCCD,NIG-220,CP-220-202407-01,IT,Computer hardware and software - CP-220-202407-01,150500,,2024-07-10,2024-07-10,4,STRAIGHT_LINE,31652.93,0.0,EUR,ACTIVE
FA-C4D2094E26,NIG-220,CP-220-202407-01,LEASEHOLD,Leasehold improvements - CP-220-202407-01,150600,,2024-07-10,2024-07-10,8,STRAIGHT_LINE,28135.94,0.0,EUR,ACTIVE
FA-DBD1FD3204,NIG-220,CP-220-202408-01,BUILDING,Buildings and improvements - CP-220-202408-01,150200,,2024-08-10,2024-08-10,30,STRAIGHT_LINE,84407.82,0.0,EUR,ACTIVE
FA-D9C6DA3FAD,NIG-220,CP-220-202408-01,PLANT,Machinery and equipment - CP-220-202408-01,150300,,2024-08-10,2024-08-10,10,STRAIGHT_LINE,161781.66,0.0,EUR,ACTIVE
FA-B8C20A5920,NIG-220,CP-220-202408-01,VEHICLE,Vehicles - CP-220-202408-01,150400,,2024-08-10,2024-08-10,6,STRAIGHT_LINE,45720.9,0.0,EUR,ACTIVE
FA-743AAB66CC,NIG-220,CP-220-202408-01,IT,Computer hardware and software - CP-220-202408-01,150500,,2024-08-10,2024-08-10,4,STRAIGHT_LINE,31652.93,0.0,EUR,ACTIVE
FA-4352535207,NIG-220,CP-220-202408-01,LEASEHOLD,Leasehold improvements - CP-220-202408-01,150600,,2024-08-10,2024-08-10,8,STRAIGHT_LINE,28135.94,0.0,EUR,ACTIVE
FA-E707DD9D34,NIG-220,CP-220-202409-01,BUILDING,Buildings and improvements - CP-220-202409-01,150200,,2024-09-10,2024-09-10,30,STRAIGHT_LINE,84407.82,0.0,EUR,ACTIVE
FA-C406B838AB,NIG-220,CP-220-202409-01,PLANT,Machinery and equipment - CP-220-202409-01,150300,,2024-09-10,2024-09-10,10,STRAIGHT_LINE,161781.66,0.0,EUR,ACTIVE
FA-6799B7D78D,NIG-220,CP-220-202409-01,VEHICLE,Vehicles - CP-220-202409-01,150400,,2024-09-10,2024-09-10,6,STRAIGHT_LINE,45720.9,0.0,EUR,ACTIVE
FA-018069A07F,NIG-220,CP-220-202409-01,IT,Computer hardware and software - CP-220-202409-01,150500,,2024-09-10,2024-09-10,4,STRAIGHT_LINE,31652.93,0.0,EUR,ACTIVE
FA-9D3957E680,NIG-220,CP-220-202409-01,LEASEHOLD,Leasehold improvements - CP-220-202409-01,150600,,2024-09-10,2024-09-10,8,STRAIGHT_LINE,28135.94,0.0,EUR,ACTIVE
FA-3770BF9BDF,NIG-220,CP-220-202410-01,BUILDING,Buildings and improvements - CP-220-202410-01,150200,,2024-10-10,2024-10-10,30,STRAIGHT_LINE,84407.82,0.0,EUR,ACTIVE
FA-BFB2A7F7C2,NIG-220,CP-220-202410-01,PLANT,Machinery and equipment - CP-220-202410-01,150300,,2024-10-10,2024-10-10,10,STRAIGHT_LINE,161781.66,0.0,EUR,ACTIVE
FA-A8EE6B958E,NIG-220,CP-220-202410-01,VEHICLE,Vehicles - CP-220-202410-01,150400,,2024-10-10,2024-10-10,6,STRAIGHT_LINE,45720.9,0.0,EUR,ACTIVE
FA-5561F3CF2B,NIG-220,CP-220-202410-01,IT,Computer hardware and software - CP-220-202410-01,150500,,2024-10-10,2024-10-10,4,STRAIGHT_LINE,31652.93,0.0,EUR,ACTIVE
FA-21F5E4134D,NIG-220,CP-220-202410-01,LEASEHOLD,Leasehold improvements - CP-220-202410-01,150600,,2024-10-10,2024-10-10,8,STRAIGHT_LINE,28135.94,0.0,EUR,ACTIVE
FA-AC54EE5A03,NIG-220,CP-220-202411-01,BUILDING,Buildings and improvements - CP-220-202411-01,150200,,2024-11-10,2024-11-10,30,STRAIGHT_LINE,84407.82,0.0,EUR,ACTIVE
FA-6844299E88,NIG-220,CP-220-202411-01,PLANT,Machinery and equipment - CP-220-202411-01,150300,,2024-11-10,2024-11-10,10,STRAIGHT_LINE,161781.66,0.0,EUR,ACTIVE
FA-38862BF294,NIG-220,CP-220-202411-01,VEHICLE,Vehicles - CP-220-202411-01,150400,,2024-11-10,2024-11-10,6,STRAIGHT_LINE,45720.9,0.0,EUR,ACTIVE
FA-A72AF36088,NIG-220,CP-220-202411-01,IT,Computer hardware and software - CP-220-202411-01,150500,,2024-11-10,2024-11-10,4,STRAIGHT_LINE,31652.93,0.0,EUR,ACTIVE
FA-B7C7AB9DA9,NIG-220,CP-220-202411-01,LEASEHOLD,Leasehold improvements - CP-220-202411-01,150600,,2024-11-10,2024-11-10,8,STRAIGHT_LINE,28135.94,0.0,EUR,ACTIVE
FA-465C12D2D7,NIG-220,CP-220-202412-01,BUILDING,Buildings and improvements - CP-220-202412-01,150200,,2024-12-10,2024-12-10,30,STRAIGHT_LINE,84407.82,0.0,EUR,ACTIVE
FA-B1EBEC5DBE,NIG-220,CP-220-202412-01,PLANT,Machinery and equipment - CP-220-202412-01,150300,,2024-12-10,2024-12-10,10,STRAIGHT_LINE,161781.66,0.0,EUR,ACTIVE
FA-E2A8BCC434,NIG-220,CP-220-202412-01,VEHICLE,Vehicles - CP-220-202412-01,150400,,2024-12-10,2024-12-10,6,STRAIGHT_LINE,45720.9,0.0,EUR,ACTIVE
FA-88B2A25F3B,NIG-220,CP-220-202412-01,IT,Computer hardware and software - CP-220-202412-01,150500,,2024-12-10,2024-12-10,4,STRAIGHT_LINE,31652.93,0.0,EUR,ACTIVE
FA-8B0851C654,NIG-220,CP-220-202412-01,LEASEHOLD,Leasehold improvements - CP-220-202412-01,150600,,2024-12-10,2024-12-10,8,STRAIGHT_LINE,28135.94,0.0,EUR,ACTIVE
FA-50C22529E5,NIG-300,CP-300-202301-01,BUILDING,Buildings and improvements - CP-300-202301-01,150200,,2023-01-10,2023-01-10,30,STRAIGHT_LINE,23479.61,0.0,USD,ACTIVE
FA-24532790BB,NIG-300,CP-300-202301-01,PLANT,Machinery and equipment - CP-300-202301-01,150300,,2023-01-10,2023-01-10,10,STRAIGHT_LINE,45002.59,0.0,USD,ACTIVE
FA-27BB024DBB,NIG-300,CP-300-202301-01,VEHICLE,Vehicles - CP-300-202301-01,150400,,2023-01-10,2023-01-10,6,STRAIGHT_LINE,12718.12,0.0,USD,ACTIVE
FA-2D8F10F86A,NIG-300,CP-300-202301-01,IT,Computer hardware and software - CP-300-202301-01,150500,,2023-01-10,2023-01-10,4,STRAIGHT_LINE,8804.85,0.0,USD,ACTIVE
FA-5239B57CE6,NIG-300,CP-300-202301-01,LEASEHOLD,Leasehold improvements - CP-300-202301-01,150600,,2023-01-10,2023-01-10,8,STRAIGHT_LINE,7826.54,0.0,USD,ACTIVE
FA-EA32C7E5BD,NIG-300,CP-300-202302-01,BUILDING,Buildings and improvements - CP-300-202302-01,150200,,2023-02-10,2023-02-10,30,STRAIGHT_LINE,23479.61,0.0,USD,ACTIVE
FA-547F607E89,NIG-300,CP-300-202302-01,PLANT,Machinery and equipment - CP-300-202302-01,150300,,2023-02-10,2023-02-10,10,STRAIGHT_LINE,45002.59,0.0,USD,ACTIVE
FA-B38D6FDD10,NIG-300,CP-300-202302-01,VEHICLE,Vehicles - CP-300-202302-01,150400,,2023-02-10,2023-02-10,6,STRAIGHT_LINE,12718.12,0.0,USD,ACTIVE
FA-0B3EFD2196,NIG-300,CP-300-202302-01,IT,Computer hardware and software - CP-300-202302-01,150500,,2023-02-10,2023-02-10,4,STRAIGHT_LINE,8804.85,0.0,USD,ACTIVE
FA-8CEF22A36B,NIG-300,CP-300-202302-01,LEASEHOLD,Leasehold improvements - CP-300-202302-01,150600,,2023-02-10,2023-02-10,8,STRAIGHT_LINE,7826.54,0.0,USD,ACTIVE
FA-CD139B1E83,NIG-300,CP-300-202303-01,BUILDING,Buildings and improvements - CP-300-202303-01,150200,,2023-03-10,2023-03-10,30,STRAIGHT_LINE,23479.61,0.0,USD,ACTIVE
FA-524C9BB5F2,NIG-300,CP-300-202303-01,PLANT,Machinery and equipment - CP-300-202303-01,150300,,2023-03-10,2023-03-10,10,STRAIGHT_LINE,45002.59,0.0,USD,ACTIVE
FA-DBEC0E1859,NIG-300,CP-300-202303-01,VEHICLE,Vehicles - CP-300-202303-01,150400,,2023-03-10,2023-03-10,6,STRAIGHT_LINE,12718.12,0.0,USD,ACTIVE
FA-DBCA9C0F56,NIG-300,CP-300-202303-01,IT,Computer hardware and software - CP-300-202303-01,150500,,2023-03-10,2023-03-10,4,STRAIGHT_LINE,8804.85,0.0,USD,ACTIVE
FA-DDF5FDA395,NIG-300,CP-300-202303-01,LEASEHOLD,Leasehold improvements - CP-300-202303-01,150600,,2023-03-10,2023-03-10,8,STRAIGHT_LINE,7826.54,0.0,USD,ACTIVE
FA-14489F62FB,NIG-300,CP-300-202304-01,BUILDING,Buildings and improvements - CP-300-202304-01,150200,,2023-04-10,2023-04-10,30,STRAIGHT_LINE,23479.61,0.0,USD,ACTIVE
FA-D734043218,NIG-300,CP-300-202304-01,PLANT,Machinery and equipment - CP-300-202304-01,150300,,2023-04-10,2023-04-10,10,STRAIGHT_LINE,45002.59,0.0,USD,ACTIVE
FA-6F7E1C8CCF,NIG-300,CP-300-202304-01,VEHICLE,Vehicles - CP-300-202304-01,150400,,2023-04-10,2023-04-10,6,STRAIGHT_LINE,12718.12,0.0,USD,ACTIVE
FA-CB19A5DBA1,NIG-300,CP-300-202304-01,IT,Computer hardware and software - CP-300-202304-01,150500,,2023-04-10,2023-04-10,4,STRAIGHT_LINE,8804.85,0.0,USD,ACTIVE
FA-213FA022BE,NIG-300,CP-300-202304-01,LEASEHOLD,Leasehold improvements - CP-300-202304-01,150600,,2023-04-10,2023-04-10,8,STRAIGHT_LINE,7826.54,0.0,USD,ACTIVE
FA-38829DA292,NIG-300,CP-300-202305-01,BUILDING,Buildings and improvements - CP-300-202305-01,150200,,2023-05-10,2023-05-10,30,STRAIGHT_LINE,23479.61,0.0,USD,ACTIVE
FA-B299DEF1B7,NIG-300,CP-300-202305-01,PLANT,Machinery and equipment - CP-300-202305-01,150300,,2023-05-10,2023-05-10,10,STRAIGHT_LINE,45002.59,0.0,USD,ACTIVE
FA-AC74CD79A4,NIG-300,CP-300-202305-01,VEHICLE,Vehicles - CP-300-202305-01,150400,,2023-05-10,2023-05-10,6,STRAIGHT_LINE,12718.12,0.0,USD,ACTIVE
FA-EA65AAE9C2,NIG-300,CP-300-202305-01,IT,Computer hardware and software - CP-300-202305-01,150500,,2023-05-10,2023-05-10,4,STRAIGHT_LINE,8804.85,0.0,USD,ACTIVE
FA-D18847A6CB,NIG-300,CP-300-202305-01,LEASEHOLD,Leasehold improvements - CP-300-202305-01,150600,,2023-05-10,2023-05-10,8,STRAIGHT_LINE,7826.54,0.0,USD,ACTIVE
FA-C84E4F5A4A,NIG-300,CP-300-202306-01,BUILDING,Buildings and improvements - CP-300-202306-01,150200,,2023-06-10,2023-06-10,30,STRAIGHT_LINE,23479.61,0.0,USD,ACTIVE
FA-55FD157947,NIG-300,CP-300-202306-01,PLANT,Machinery and equipment - CP-300-202306-01,150300,,2023-06-10,2023-06-10,10,STRAIGHT_LINE,45002.59,0.0,USD,ACTIVE
FA-775CFD176F,NIG-300,CP-300-202306-01,VEHICLE,Vehicles - CP-300-202306-01,150400,,2023-06-10,2023-06-10,6,STRAIGHT_LINE,12718.12,0.0,USD,ACTIVE
FA-5D9D0A29BB,NIG-300,CP-300-202306-01,IT,Computer hardware and software - CP-300-202306-01,150500,,2023-06-10,2023-06-10,4,STRAIGHT_LINE,8804.85,0.0,USD,ACTIVE
FA-1BC63F0E25,NIG-300,CP-300-202306-01,LEASEHOLD,Leasehold improvements - CP-300-202306-01,150600,,2023-06-10,2023-06-10,8,STRAIGHT_LINE,7826.54,0.0,USD,ACTIVE
FA-4CFF4DEE66,NIG-300,CP-300-202307-01,BUILDING,Buildings and improvements - CP-300-202307-01,150200,,2023-07-10,2023-07-10,30,STRAIGHT_LINE,23479.61,0.0,USD,ACTIVE
FA-948FFECE07,NIG-300,CP-300-202307-01,PLANT,Machinery and equipment - CP-300-202307-01,150300,,2023-07-10,2023-07-10,10,STRAIGHT_LINE,45002.59,0.0,USD,ACTIVE
FA-C0E638A0D1,NIG-300,CP-300-202307-01,VEHICLE,Vehicles - CP-300-202307-01,150400,,2023-07-10,2023-07-10,6,STRAIGHT_LINE,12718.12,0.0,USD,ACTIVE
FA-0202FCE3F1,NIG-300,CP-300-202307-01,IT,Computer hardware and software - CP-300-202307-01,150500,,2023-07-10,2023-07-10,4,STRAIGHT_LINE,8804.85,0.0,USD,ACTIVE
FA-56C9B46BCB,NIG-300,CP-300-202307-01,LEASEHOLD,Leasehold improvements - CP-300-202307-01,150600,,2023-07-10,2023-07-10,8,STRAIGHT_LINE,7826.54,0.0,USD,ACTIVE
FA-228AB757E1,NIG-300,CP-300-202308-01,BUILDING,Buildings and improvements - CP-300-202308-01,150200,,2023-08-10,2023-08-10,30,STRAIGHT_LINE,23479.61,0.0,USD,ACTIVE
FA-31FF31F073,NIG-300,CP-300-202308-01,PLANT,Machinery and equipment - CP-300-202308-01,150300,,2023-08-10,2023-08-10,10,STRAIGHT_LINE,45002.59,0.0,USD,ACTIVE
FA-DB5833FFCD,NIG-300,CP-300-202308-01,VEHICLE,Vehicles - CP-300-202308-01,150400,,2023-08-10,2023-08-10,6,STRAIGHT_LINE,12718.12,0.0,USD,ACTIVE
FA-8A66F51D03,NIG-300,CP-300-202308-01,IT,Computer hardware and software - CP-300-202308-01,150500,,2023-08-10,2023-08-10,4,STRAIGHT_LINE,8804.85,0.0,USD,ACTIVE
FA-0152F1EF27,NIG-300,CP-300-202308-01,LEASEHOLD,Leasehold improvements - CP-300-202308-01,150600,,2023-08-10,2023-08-10,8,STRAIGHT_LINE,7826.54,0.0,USD,ACTIVE
FA-8BCC6435A8,NIG-300,CP-300-202309-01,BUILDING,Buildings and improvements - CP-300-202309-01,150200,,2023-09-10,2023-09-10,30,STRAIGHT_LINE,23479.61,0.0,USD,ACTIVE
FA-1BD71CE41F,NIG-300,CP-300-202309-01,PLANT,Machinery and equipment - CP-300-202309-01,150300,,2023-09-10,2023-09-10,10,STRAIGHT_LINE,45002.59,0.0,USD,ACTIVE
FA-463DC16001,NIG-300,CP-300-202309-01,VEHICLE,Vehicles - CP-300-202309-01,150400,,2023-09-10,2023-09-10,6,STRAIGHT_LINE,12718.12,0.0,USD,ACTIVE
FA-9D0DC99BF4,NIG-300,CP-300-202309-01,IT,Computer hardware and software - CP-300-202309-01,150500,,2023-09-10,2023-09-10,4,STRAIGHT_LINE,8804.85,0.0,USD,ACTIVE
FA-3A411AB65E,NIG-300,CP-300-202309-01,LEASEHOLD,Leasehold improvements - CP-300-202309-01,150600,,2023-09-10,2023-09-10,8,STRAIGHT_LINE,7826.54,0.0,USD,ACTIVE
FA-B14E049A8C,NIG-300,CP-300-202310-01,BUILDING,Buildings and improvements - CP-300-202310-01,150200,,2023-10-10,2023-10-10,30,STRAIGHT_LINE,23479.61,0.0,USD,ACTIVE
FA-BC2E9CAA16,NIG-300,CP-300-202310-01,PLANT,Machinery and equipment - CP-300-202310-01,150300,,2023-10-10,2023-10-10,10,STRAIGHT_LINE,45002.59,0.0,USD,ACTIVE
FA-17D280E66A,NIG-300,CP-300-202310-01,VEHICLE,Vehicles - CP-300-202310-01,150400,,2023-10-10,2023-10-10,6,STRAIGHT_LINE,12718.12,0.0,USD,ACTIVE
FA-1AC9AF3534,NIG-300,CP-300-202310-01,IT,Computer hardware and software - CP-300-202310-01,150500,,2023-10-10,2023-10-10,4,STRAIGHT_LINE,8804.85,0.0,USD,ACTIVE
FA-8458CBCBA2,NIG-300,CP-300-202310-01,LEASEHOLD,Leasehold improvements - CP-300-202310-01,150600,,2023-10-10,2023-10-10,8,STRAIGHT_LINE,7826.54,0.0,USD,ACTIVE
FA-2D5A9E5A6B,NIG-300,CP-300-202311-01,BUILDING,Buildings and improvements - CP-300-202311-01,150200,,2023-11-10,2023-11-10,30,STRAIGHT_LINE,23479.61,0.0,USD,ACTIVE
FA-56B0E2D8A9,NIG-300,CP-300-202311-01,PLANT,Machinery and equipment - CP-300-202311-01,150300,,2023-11-10,2023-11-10,10,STRAIGHT_LINE,45002.59,0.0,USD,ACTIVE
FA-A8E800822A,NIG-300,CP-300-202311-01,VEHICLE,Vehicles - CP-300-202311-01,150400,,2023-11-10,2023-11-10,6,STRAIGHT_LINE,12718.12,0.0,USD,ACTIVE
FA-B7A15E9016,NIG-300,CP-300-202311-01,IT,Computer hardware and software - CP-300-202311-01,150500,,2023-11-10,2023-11-10,4,STRAIGHT_LINE,8804.85,0.0,USD,ACTIVE
FA-8F5C14C360,NIG-300,CP-300-202311-01,LEASEHOLD,Leasehold improvements - CP-300-202311-01,150600,,2023-11-10,2023-11-10,8,STRAIGHT_LINE,7826.54,0.0,USD,ACTIVE
FA-5FDF42C85C,NIG-300,CP-300-202312-01,BUILDING,Buildings and improvements - CP-300-202312-01,150200,,2023-12-10,2023-12-10,30,STRAIGHT_LINE,23479.61,0.0,USD,ACTIVE
FA-14DB7D5E7A,NIG-300,CP-300-202312-01,PLANT,Machinery and equipment - CP-300-202312-01,150300,,2023-12-10,2023-12-10,10,STRAIGHT_LINE,45002.59,0.0,USD,ACTIVE
FA-99DD7CB70E,NIG-300,CP-300-202312-01,VEHICLE,Vehicles - CP-300-202312-01,150400,,2023-12-10,2023-12-10,6,STRAIGHT_LINE,12718.12,0.0,USD,ACTIVE
FA-0BB8C0ECB6,NIG-300,CP-300-202312-01,IT,Computer hardware and software - CP-300-202312-01,150500,,2023-12-10,2023-12-10,4,STRAIGHT_LINE,8804.85,0.0,USD,ACTIVE
FA-D52B07A487,NIG-300,CP-300-202312-01,LEASEHOLD,Leasehold improvements - CP-300-202312-01,150600,,2023-12-10,2023-12-10,8,STRAIGHT_LINE,7826.54,0.0,USD,ACTIVE
FA-B2EAE04FD8,NIG-300,CP-300-202401-01,BUILDING,Buildings and improvements - CP-300-202401-01,150200,,2024-01-10,2024-01-10,30,STRAIGHT_LINE,59676.45,0.0,USD,ACTIVE
FA-F7FFE7841B,NIG-300,CP-300-202401-01,PLANT,Machinery and equipment - CP-300-202401-01,150300,,2024-01-10,2024-01-10,10,STRAIGHT_LINE,114379.87,0.0,USD,ACTIVE
FA-01EAADDDD6,NIG-300,CP-300-202401-01,VEHICLE,Vehicles - CP-300-202401-01,150400,,2024-01-10,2024-01-10,6,STRAIGHT_LINE,32324.74,0.0,USD,ACTIVE
FA-22D6B18C30,NIG-300,CP-300-202401-01,IT,Computer hardware and software - CP-300-202401-01,150500,,2024-01-10,2024-01-10,4,STRAIGHT_LINE,22378.67,0.0,USD,ACTIVE
FA-7424007F00,NIG-300,CP-300-202401-01,LEASEHOLD,Leasehold improvements - CP-300-202401-01,150600,,2024-01-10,2024-01-10,8,STRAIGHT_LINE,19892.15,0.0,USD,ACTIVE
FA-18DF9F056F,NIG-300,CP-300-202402-01,BUILDING,Buildings and improvements - CP-300-202402-01,150200,,2024-02-10,2024-02-10,30,STRAIGHT_LINE,59676.45,0.0,USD,ACTIVE
FA-BC37E507B8,NIG-300,CP-300-202402-01,PLANT,Machinery and equipment - CP-300-202402-01,150300,,2024-02-10,2024-02-10,10,STRAIGHT_LINE,114379.87,0.0,USD,ACTIVE
FA-F7A61BD39A,NIG-300,CP-300-202402-01,VEHICLE,Vehicles - CP-300-202402-01,150400,,2024-02-10,2024-02-10,6,STRAIGHT_LINE,32324.74,0.0,USD,ACTIVE
FA-B691421CB4,NIG-300,CP-300-202402-01,IT,Computer hardware and software - CP-300-202402-01,150500,,2024-02-10,2024-02-10,4,STRAIGHT_LINE,22378.67,0.0,USD,ACTIVE
FA-D58D1B3092,NIG-300,CP-300-202402-01,LEASEHOLD,Leasehold improvements - CP-300-202402-01,150600,,2024-02-10,2024-02-10,8,STRAIGHT_LINE,19892.15,0.0,USD,ACTIVE
FA-45D821A10C,NIG-300,CP-300-202403-01,BUILDING,Buildings and improvements - CP-300-202403-01,150200,,2024-03-10,2024-03-10,30,STRAIGHT_LINE,59676.45,0.0,USD,ACTIVE
FA-A308D47B35,NIG-300,CP-300-202403-01,PLANT,Machinery and equipment - CP-300-202403-01,150300,,2024-03-10,2024-03-10,10,STRAIGHT_LINE,114379.87,0.0,USD,ACTIVE
FA-3B70A52876,NIG-300,CP-300-202403-01,VEHICLE,Vehicles - CP-300-202403-01,150400,,2024-03-10,2024-03-10,6,STRAIGHT_LINE,32324.74,0.0,USD,ACTIVE
FA-AB6C9D1C4B,NIG-300,CP-300-202403-01,IT,Computer hardware and software - CP-300-202403-01,150500,,2024-03-10,2024-03-10,4,STRAIGHT_LINE,22378.67,0.0,USD,ACTIVE
FA-37DE14B96D,NIG-300,CP-300-202403-01,LEASEHOLD,Leasehold improvements - CP-300-202403-01,150600,,2024-03-10,2024-03-10,8,STRAIGHT_LINE,19892.15,0.0,USD,ACTIVE
FA-171C6399C6,NIG-300,CP-300-202404-01,BUILDING,Buildings and improvements - CP-300-202404-01,150200,,2024-04-10,2024-04-10,30,STRAIGHT_LINE,59676.45,0.0,USD,ACTIVE
FA-8433228E19,NIG-300,CP-300-202404-01,PLANT,Machinery and equipment - CP-300-202404-01,150300,,2024-04-10,2024-04-10,10,STRAIGHT_LINE,114379.87,0.0,USD,ACTIVE
FA-FDD1AB1137,NIG-300,CP-300-202404-01,VEHICLE,Vehicles - CP-300-202404-01,150400,,2024-04-10,2024-04-10,6,STRAIGHT_LINE,32324.74,0.0,USD,ACTIVE
FA-D024E133B0,NIG-300,CP-300-202404-01,IT,Computer hardware and software - CP-300-202404-01,150500,,2024-04-10,2024-04-10,4,STRAIGHT_LINE,22378.67,0.0,USD,ACTIVE
FA-140D540D92,NIG-300,CP-300-202404-01,LEASEHOLD,Leasehold improvements - CP-300-202404-01,150600,,2024-04-10,2024-04-10,8,STRAIGHT_LINE,19892.15,0.0,USD,ACTIVE
FA-ECBD05C550,NIG-300,CP-300-202405-01,BUILDING,Buildings and improvements - CP-300-202405-01,150200,,2024-05-10,2024-05-10,30,STRAIGHT_LINE,59676.45,0.0,USD,ACTIVE
FA-D12B60A9E3,NIG-300,CP-300-202405-01,PLANT,Machinery and equipment - CP-300-202405-01,150300,,2024-05-10,2024-05-10,10,STRAIGHT_LINE,114379.87,0.0,USD,ACTIVE
FA-02EFFCD973,NIG-300,CP-300-202405-01,VEHICLE,Vehicles - CP-300-202405-01,150400,,2024-05-10,2024-05-10,6,STRAIGHT_LINE,32324.74,0.0,USD,ACTIVE
FA-08F6902B5F,NIG-300,CP-300-202405-01,IT,Computer hardware and software - CP-300-202405-01,150500,,2024-05-10,2024-05-10,4,STRAIGHT_LINE,22378.67,0.0,USD,ACTIVE
FA-655BD466EB,NIG-300,CP-300-202405-01,LEASEHOLD,Leasehold improvements - CP-300-202405-01,150600,,2024-05-10,2024-05-10,8,STRAIGHT_LINE,19892.15,0.0,USD,ACTIVE
FA-4F191F7CA3,NIG-300,CP-300-202406-01,BUILDING,Buildings and improvements - CP-300-202406-01,150200,,2024-06-10,2024-06-10,30,STRAIGHT_LINE,59676.45,0.0,USD,ACTIVE
FA-03A1216A03,NIG-300,CP-300-202406-01,PLANT,Machinery and equipment - CP-300-202406-01,150300,,2024-06-10,2024-06-10,10,STRAIGHT_LINE,114379.87,0.0,USD,ACTIVE
FA-B096D52044,NIG-300,CP-300-202406-01,VEHICLE,Vehicles - CP-300-202406-01,150400,,2024-06-10,2024-06-10,6,STRAIGHT_LINE,32324.74,0.0,USD,ACTIVE
FA-FDB6CFB8A8,NIG-300,CP-300-202406-01,IT,Computer hardware and software - CP-300-202406-01,150500,,2024-06-10,2024-06-10,4,STRAIGHT_LINE,22378.67,0.0,USD,ACTIVE
FA-99ABBB7BBB,NIG-300,CP-300-202406-01,LEASEHOLD,Leasehold improvements - CP-300-202406-01,150600,,2024-06-10,2024-06-10,8,STRAIGHT_LINE,19892.15,0.0,USD,ACTIVE
FA-5AEFCF5727,NIG-300,CP-300-202407-01,BUILDING,Buildings and improvements - CP-300-202407-01,150200,,2024-07-10,2024-07-10,30,STRAIGHT_LINE,59676.45,0.0,USD,ACTIVE
FA-C1DD3FC730,NIG-300,CP-300-202407-01,PLANT,Machinery and equipment - CP-300-202407-01,150300,,2024-07-10,2024-07-10,10,STRAIGHT_LINE,114379.87,0.0,USD,ACTIVE
FA-B447BC2D6C,NIG-300,CP-300-202407-01,VEHICLE,Vehicles - CP-300-202407-01,150400,,2024-07-10,2024-07-10,6,STRAIGHT_LINE,32324.74,0.0,USD,ACTIVE
FA-E9930C426C,NIG-300,CP-300-202407-01,IT,Computer hardware and software - CP-300-202407-01,150500,,2024-07-10,2024-07-10,4,STRAIGHT_LINE,22378.67,0.0,USD,ACTIVE
FA-80E616A30B,NIG-300,CP-300-202407-01,LEASEHOLD,Leasehold improvements - CP-300-202407-01,150600,,2024-07-10,2024-07-10,8,STRAIGHT_LINE,19892.15,0.0,USD,ACTIVE
FA-1F034A0C3E,NIG-300,CP-300-202408-01,BUILDING,Buildings and improvements - CP-300-202408-01,150200,,2024-08-10,2024-08-10,30,STRAIGHT_LINE,59676.45,0.0,USD,ACTIVE
FA-E2BA591AAF,NIG-300,CP-300-202408-01,PLANT,Machinery and equipment - CP-300-202408-01,150300,,2024-08-10,2024-08-10,10,STRAIGHT_LINE,114379.87,0.0,USD,ACTIVE
FA-7EB890CA8D,NIG-300,CP-300-202408-01,VEHICLE,Vehicles - CP-300-202408-01,150400,,2024-08-10,2024-08-10,6,STRAIGHT_LINE,32324.74,0.0,USD,ACTIVE
FA-B4933EEC28,NIG-300,CP-300-202408-01,IT,Computer hardware and software - CP-300-202408-01,150500,,2024-08-10,2024-08-10,4,STRAIGHT_LINE,22378.67,0.0,USD,ACTIVE
FA-DE8810627F,NIG-300,CP-300-202408-01,LEASEHOLD,Leasehold improvements - CP-300-202408-01,150600,,2024-08-10,2024-08-10,8,STRAIGHT_LINE,19892.15,0.0,USD,ACTIVE
FA-D656357849,NIG-300,CP-300-202409-01,BUILDING,Buildings and improvements - CP-300-202409-01,150200,,2024-09-10,2024-09-10,30,STRAIGHT_LINE,59676.45,0.0,USD,ACTIVE
FA-64370FEE6D,NIG-300,CP-300-202409-01,PLANT,Machinery and equipment - CP-300-202409-01,150300,,2024-09-10,2024-09-10,10,STRAIGHT_LINE,114379.87,0.0,USD,ACTIVE
FA-CFC58A07A7,NIG-300,CP-300-202409-01,VEHICLE,Vehicles - CP-300-202409-01,150400,,2024-09-10,2024-09-10,6,STRAIGHT_LINE,32324.74,0.0,USD,ACTIVE
FA-3A0F6BD26C,NIG-300,CP-300-202409-01,IT,Computer hardware and software - CP-300-202409-01,150500,,2024-09-10,2024-09-10,4,STRAIGHT_LINE,22378.67,0.0,USD,ACTIVE
FA-BEFA6BA785,NIG-300,CP-300-202409-01,LEASEHOLD,Leasehold improvements - CP-300-202409-01,150600,,2024-09-10,2024-09-10,8,STRAIGHT_LINE,19892.15,0.0,USD,ACTIVE
FA-22F1D281C8,NIG-300,CP-300-202410-01,BUILDING,Buildings and improvements - CP-300-202410-01,150200,,2024-10-10,2024-10-10,30,STRAIGHT_LINE,59676.45,0.0,USD,ACTIVE
FA-E46D1AE57A,NIG-300,CP-300-202410-01,PLANT,Machinery and equipment - CP-300-202410-01,150300,,2024-10-10,2024-10-10,10,STRAIGHT_LINE,114379.87,0.0,USD,ACTIVE
FA-D533D0D15B,NIG-300,CP-300-202410-01,VEHICLE,Vehicles - CP-300-202410-01,150400,,2024-10-10,2024-10-10,6,STRAIGHT_LINE,32324.74,0.0,USD,ACTIVE
FA-E0E24EB715,NIG-300,CP-300-202410-01,IT,Computer hardware and software - CP-300-202410-01,150500,,2024-10-10,2024-10-10,4,STRAIGHT_LINE,22378.67,0.0,USD,ACTIVE
FA-02D373DA65,NIG-300,CP-300-202410-01,LEASEHOLD,Leasehold improvements - CP-300-202410-01,150600,,2024-10-10,2024-10-10,8,STRAIGHT_LINE,19892.15,0.0,USD,ACTIVE
FA-5669A21D57,NIG-300,CP-300-202411-01,BUILDING,Buildings and improvements - CP-300-202411-01,150200,,2024-11-10,2024-11-10,30,STRAIGHT_LINE,59676.45,0.0,USD,ACTIVE
FA-6556FFE885,NIG-300,CP-300-202411-01,PLANT,Machinery and equipment - CP-300-202411-01,150300,,2024-11-10,2024-11-10,10,STRAIGHT_LINE,114379.87,0.0,USD,ACTIVE
FA-686A80842E,NIG-300,CP-300-202411-01,VEHICLE,Vehicles - CP-300-202411-01,150400,,2024-11-10,2024-11-10,6,STRAIGHT_LINE,32324.74,0.0,USD,ACTIVE
FA-9160A957F7,NIG-300,CP-300-202411-01,IT,Computer hardware and software - CP-300-202411-01,150500,,2024-11-10,2024-11-10,4,STRAIGHT_LINE,22378.67,0.0,USD,ACTIVE
FA-786AEB8102,NIG-300,CP-300-202411-01,LEASEHOLD,Leasehold improvements - CP-300-202411-01,150600,,2024-11-10,2024-11-10,8,STRAIGHT_LINE,19892.15,0.0,USD,ACTIVE
FA-8E8BCB1CAD,NIG-300,CP-300-202412-01,BUILDING,Buildings and improvements - CP-300-202412-01,150200,,2024-12-10,2024-12-10,30,STRAIGHT_LINE,59676.45,0.0,USD,ACTIVE
FA-5FCDEB74CE,NIG-300,CP-300-202412-01,PLANT,Machinery and equipment - CP-300-202412-01,150300,,2024-12-10,2024-12-10,10,STRAIGHT_LINE,114379.87,0.0,USD,ACTIVE
FA-872C33E39B,NIG-300,CP-300-202412-01,VEHICLE,Vehicles - CP-300-202412-01,150400,,2024-12-10,2024-12-10,6,STRAIGHT_LINE,32324.74,0.0,USD,ACTIVE
FA-91A355D8A5,NIG-300,CP-300-202412-01,IT,Computer hardware and software - CP-300-202412-01,150500,,2024-12-10,2024-12-10,4,STRAIGHT_LINE,22378.67,0.0,USD,ACTIVE
FA-ED7551AD38,NIG-300,CP-300-202412-01,LEASEHOLD,Leasehold improvements - CP-300-202412-01,150600,,2024-12-10,2024-12-10,8,STRAIGHT_LINE,19892.15,0.0,USD,ACTIVE
FA-4C0142365C,NIG-300,CP-300-202501-01,BUILDING,Buildings and improvements - CP-300-202501-01,150200,,2025-01-10,2025-01-10,30,STRAIGHT_LINE,44310.55,0.0,USD,ACTIVE
FA-07590A3CDC,NIG-300,CP-300-202501-01,PLANT,Machinery and equipment - CP-300-202501-01,150300,,2025-01-10,2025-01-10,10,STRAIGHT_LINE,84928.55,0.0,USD,ACTIVE
FA-0FC26E84D5,NIG-300,CP-300-202501-01,VEHICLE,Vehicles - CP-300-202501-01,150400,,2025-01-10,2025-01-10,6,STRAIGHT_LINE,24001.55,0.0,USD,ACTIVE
FA-E0181397E3,NIG-300,CP-300-202501-01,IT,Computer hardware and software - CP-300-202501-01,150500,,2025-01-10,2025-01-10,4,STRAIGHT_LINE,16616.46,0.0,USD,ACTIVE
FA-FB864BC7EA,NIG-300,CP-300-202501-01,LEASEHOLD,Leasehold improvements - CP-300-202501-01,150600,,2025-01-10,2025-01-10,8,STRAIGHT_LINE,14770.18,0.0,USD,ACTIVE
FA-D4083058B1,NIG-300,CP-300-202502-01,BUILDING,Buildings and improvements - CP-300-202502-01,150200,,2025-02-10,2025-02-10,30,STRAIGHT_LINE,44310.55,0.0,USD,ACTIVE
FA-FD70A4BE07,NIG-300,CP-300-202502-01,PLANT,Machinery and equipment - CP-300-202502-01,150300,,2025-02-10,2025-02-10,10,STRAIGHT_LINE,84928.55,0.0,USD,ACTIVE
FA-1C53C11C65,NIG-300,CP-300-202502-01,VEHICLE,Vehicles - CP-300-202502-01,150400,,2025-02-10,2025-02-10,6,STRAIGHT_LINE,24001.55,0.0,USD,ACTIVE
FA-9C78DDB3A8,NIG-300,CP-300-202502-01,IT,Computer hardware and software - CP-300-202502-01,150500,,2025-02-10,2025-02-10,4,STRAIGHT_LINE,16616.46,0.0,USD,ACTIVE
FA-539BA1C632,NIG-300,CP-300-202502-01,LEASEHOLD,Leasehold improvements - CP-300-202502-01,150600,,2025-02-10,2025-02-10,8,STRAIGHT_LINE,14770.18,0.0,USD,ACTIVE
FA-17B06B6C51,NIG-300,CP-300-202503-01,BUILDING,Buildings and improvements - CP-300-202503-01,150200,,2025-03-10,2025-03-10,30,STRAIGHT_LINE,44310.55,0.0,USD,ACTIVE
FA-56406DF057,NIG-300,CP-300-202503-01,PLANT,Machinery and equipment - CP-300-202503-01,150300,,2025-03-10,2025-03-10,10,STRAIGHT_LINE,84928.55,0.0,USD,ACTIVE
FA-A106BFD368,NIG-300,CP-300-202503-01,VEHICLE,Vehicles - CP-300-202503-01,150400,,2025-03-10,2025-03-10,6,STRAIGHT_LINE,24001.55,0.0,USD,ACTIVE
FA-37BE0752EC,NIG-300,CP-300-202503-01,IT,Computer hardware and software - CP-300-202503-01,150500,,2025-03-10,2025-03-10,4,STRAIGHT_LINE,16616.46,0.0,USD,ACTIVE
FA-45334A5D63,NIG-300,CP-300-202503-01,LEASEHOLD,Leasehold improvements - CP-300-202503-01,150600,,2025-03-10,2025-03-10,8,STRAIGHT_LINE,14770.18,0.0,USD,ACTIVE
FA-2A7C3EA4F3,NIG-300,CP-300-202504-01,BUILDING,Buildings and improvements - CP-300-202504-01,150200,,2025-04-10,2025-04-10,30,STRAIGHT_LINE,44310.55,0.0,USD,ACTIVE
FA-72307C5C30,NIG-300,CP-300-202504-01,PLANT,Machinery and equipment - CP-300-202504-01,150300,,2025-04-10,2025-04-10,10,STRAIGHT_LINE,84928.55,0.0,USD,ACTIVE
FA-DE235B5A9B,NIG-300,CP-300-202504-01,VEHICLE,Vehicles - CP-300-202504-01,150400,,2025-04-10,2025-04-10,6,STRAIGHT_LINE,24001.55,0.0,USD,ACTIVE
FA-B0E4CAC83D,NIG-300,CP-300-202504-01,IT,Computer hardware and software - CP-300-202504-01,150500,,2025-04-10,2025-04-10,4,STRAIGHT_LINE,16616.46,0.0,USD,ACTIVE
FA-C35F12C073,NIG-300,CP-300-202504-01,LEASEHOLD,Leasehold improvements - CP-300-202504-01,150600,,2025-04-10,2025-04-10,8,STRAIGHT_LINE,14770.18,0.0,USD,ACTIVE
FA-172064829F,NIG-300,CP-300-202505-01,BUILDING,Buildings and improvements - CP-300-202505-01,150200,,2025-05-10,2025-05-10,30,STRAIGHT_LINE,44310.55,0.0,USD,ACTIVE
FA-8174008FF6,NIG-300,CP-300-202505-01,PLANT,Machinery and equipment - CP-300-202505-01,150300,,2025-05-10,2025-05-10,10,STRAIGHT_LINE,84928.55,0.0,USD,ACTIVE
FA-2DF4C1AEAB,NIG-300,CP-300-202505-01,VEHICLE,Vehicles - CP-300-202505-01,150400,,2025-05-10,2025-05-10,6,STRAIGHT_LINE,24001.55,0.0,USD,ACTIVE
FA-0614A1CA60,NIG-300,CP-300-202505-01,IT,Computer hardware and software - CP-300-202505-01,150500,,2025-05-10,2025-05-10,4,STRAIGHT_LINE,16616.46,0.0,USD,ACTIVE
FA-E0FE689ED1,NIG-300,CP-300-202505-01,LEASEHOLD,Leasehold improvements - CP-300-202505-01,150600,,2025-05-10,2025-05-10,8,STRAIGHT_LINE,14770.18,0.0,USD,ACTIVE
FA-A384A42FCD,NIG-300,CP-300-202506-01,BUILDING,Buildings and improvements - CP-300-202506-01,150200,,2025-06-10,2025-06-10,30,STRAIGHT_LINE,44310.55,0.0,USD,ACTIVE
FA-0659A88B7F,NIG-300,CP-300-202506-01,PLANT,Machinery and equipment - CP-300-202506-01,150300,,2025-06-10,2025-06-10,10,STRAIGHT_LINE,84928.55,0.0,USD,ACTIVE
FA-2413137AD3,NIG-300,CP-300-202506-01,VEHICLE,Vehicles - CP-300-202506-01,150400,,2025-06-10,2025-06-10,6,STRAIGHT_LINE,24001.55,0.0,USD,ACTIVE
FA-4292FE5FFE,NIG-300,CP-300-202506-01,IT,Computer hardware and software - CP-300-202506-01,150500,,2025-06-10,2025-06-10,4,STRAIGHT_LINE,16616.46,0.0,USD,ACTIVE
FA-68FAAEABF5,NIG-300,CP-300-202506-01,LEASEHOLD,Leasehold improvements - CP-300-202506-01,150600,,2025-06-10,2025-06-10,8,STRAIGHT_LINE,14770.18,0.0,USD,ACTIVE
FA-51E684FE8D,NIG-300,CP-300-202507-01,BUILDING,Buildings and improvements - CP-300-202507-01,150200,,2025-07-10,2025-07-10,30,STRAIGHT_LINE,44310.55,0.0,USD,ACTIVE
FA-16BFAA689D,NIG-300,CP-300-202507-01,PLANT,Machinery and equipment - CP-300-202507-01,150300,,2025-07-10,2025-07-10,10,STRAIGHT_LINE,84928.55,0.0,USD,ACTIVE
FA-61ACF66DCA,NIG-300,CP-300-202507-01,VEHICLE,Vehicles - CP-300-202507-01,150400,,2025-07-10,2025-07-10,6,STRAIGHT_LINE,24001.55,0.0,USD,ACTIVE
FA-FB32369918,NIG-300,CP-300-202507-01,IT,Computer hardware and software - CP-300-202507-01,150500,,2025-07-10,2025-07-10,4,STRAIGHT_LINE,16616.46,0.0,USD,ACTIVE
FA-556FBE4E0C,NIG-300,CP-300-202507-01,LEASEHOLD,Leasehold improvements - CP-300-202507-01,150600,,2025-07-10,2025-07-10,8,STRAIGHT_LINE,14770.18,0.0,USD,ACTIVE
FA-AE27F3F555,NIG-300,CP-300-202508-01,BUILDING,Buildings and improvements - CP-300-202508-01,150200,,2025-08-10,2025-08-10,30,STRAIGHT_LINE,44310.55,0.0,USD,ACTIVE
FA-DDC1574691,NIG-300,CP-300-202508-01,PLANT,Machinery and equipment - CP-300-202508-01,150300,,2025-08-10,2025-08-10,10,STRAIGHT_LINE,84928.55,0.0,USD,ACTIVE
FA-4A3892BA31,NIG-300,CP-300-202508-01,VEHICLE,Vehicles - CP-300-202508-01,150400,,2025-08-10,2025-08-10,6,STRAIGHT_LINE,24001.55,0.0,USD,ACTIVE
FA-DA221DFC61,NIG-300,CP-300-202508-01,IT,Computer hardware and software - CP-300-202508-01,150500,,2025-08-10,2025-08-10,4,STRAIGHT_LINE,16616.46,0.0,USD,ACTIVE
FA-0F41E89CC0,NIG-300,CP-300-202508-01,LEASEHOLD,Leasehold improvements - CP-300-202508-01,150600,,2025-08-10,2025-08-10,8,STRAIGHT_LINE,14770.18,0.0,USD,ACTIVE
FA-11F6E11575,NIG-300,CP-300-202509-01,BUILDING,Buildings and improvements - CP-300-202509-01,150200,,2025-09-10,2025-09-10,30,STRAIGHT_LINE,44310.55,0.0,USD,ACTIVE
FA-6568333B1D,NIG-300,CP-300-202509-01,PLANT,Machinery and equipment - CP-300-202509-01,150300,,2025-09-10,2025-09-10,10,STRAIGHT_LINE,84928.55,0.0,USD,ACTIVE
FA-36680AC617,NIG-300,CP-300-202509-01,VEHICLE,Vehicles - CP-300-202509-01,150400,,2025-09-10,2025-09-10,6,STRAIGHT_LINE,24001.55,0.0,USD,ACTIVE
FA-FD82202606,NIG-300,CP-300-202509-01,IT,Computer hardware and software - CP-300-202509-01,150500,,2025-09-10,2025-09-10,4,STRAIGHT_LINE,16616.46,0.0,USD,ACTIVE
FA-A2CC57BFBC,NIG-300,CP-300-202509-01,LEASEHOLD,Leasehold improvements - CP-300-202509-01,150600,,2025-09-10,2025-09-10,8,STRAIGHT_LINE,14770.18,0.0,USD,ACTIVE
FA-6A497303BC,NIG-300,CP-300-202510-01,BUILDING,Buildings and improvements - CP-300-202510-01,150200,,2025-10-10,2025-10-10,30,STRAIGHT_LINE,44310.55,0.0,USD,ACTIVE
FA-86D05ECF83,NIG-300,CP-300-202510-01,PLANT,Machinery and equipment - CP-300-202510-01,150300,,2025-10-10,2025-10-10,10,STRAIGHT_LINE,84928.55,0.0,USD,ACTIVE
FA-7828D47547,NIG-300,CP-300-202510-01,VEHICLE,Vehicles - CP-300-202510-01,150400,,2025-10-10,2025-10-10,6,STRAIGHT_LINE,24001.55,0.0,USD,ACTIVE
FA-537C3AABDF,NIG-300,CP-300-202510-01,IT,Computer hardware and software - CP-300-202510-01,150500,,2025-10-10,2025-10-10,4,STRAIGHT_LINE,16616.46,0.0,USD,ACTIVE
FA-E6CD9EC3C2,NIG-300,CP-300-202510-01,LEASEHOLD,Leasehold improvements - CP-300-202510-01,150600,,2025-10-10,2025-10-10,8,STRAIGHT_LINE,14770.18,0.0,USD,ACTIVE
FA-32718DCFA4,NIG-300,CP-300-202511-01,BUILDING,Buildings and improvements - CP-300-202511-01,150200,,2025-11-10,2025-11-10,30,STRAIGHT_LINE,44310.55,0.0,USD,ACTIVE
FA-B9EC55AC2F,NIG-300,CP-300-202511-01,PLANT,Machinery and equipment - CP-300-202511-01,150300,,2025-11-10,2025-11-10,10,STRAIGHT_LINE,84928.55,0.0,USD,ACTIVE
FA-17FC3F71EC,NIG-300,CP-300-202511-01,VEHICLE,Vehicles - CP-300-202511-01,150400,,2025-11-10,2025-11-10,6,STRAIGHT_LINE,24001.55,0.0,USD,ACTIVE
FA-09AE15F2E4,NIG-300,CP-300-202511-01,IT,Computer hardware and software - CP-300-202511-01,150500,,2025-11-10,2025-11-10,4,STRAIGHT_LINE,16616.46,0.0,USD,ACTIVE
FA-61FB46D795,NIG-300,CP-300-202511-01,LEASEHOLD,Leasehold improvements - CP-300-202511-01,150600,,2025-11-10,2025-11-10,8,STRAIGHT_LINE,14770.18,0.0,USD,ACTIVE
FA-5CFC148189,NIG-300,CP-300-202512-01,BUILDING,Buildings and improvements - CP-300-202512-01,150200,,2025-12-10,2025-12-10,30,STRAIGHT_LINE,44310.55,0.0,USD,ACTIVE
FA-2237C409C6,NIG-300,CP-300-202512-01,PLANT,Machinery and equipment - CP-300-202512-01,150300,,2025-12-10,2025-12-10,10,STRAIGHT_LINE,84928.55,0.0,USD,ACTIVE
FA-5315CC5F4C,NIG-300,CP-300-202512-01,VEHICLE,Vehicles - CP-300-202512-01,150400,,2025-12-10,2025-12-10,6,STRAIGHT_LINE,24001.55,0.0,USD,ACTIVE
FA-04DC98FB7A,NIG-300,CP-300-202512-01,IT,Computer hardware and software - CP-300-202512-01,150500,,2025-12-10,2025-12-10,4,STRAIGHT_LINE,16616.46,0.0,USD,ACTIVE
FA-1797ABA575,NIG-300,CP-300-202512-01,LEASEHOLD,Leasehold improvements - CP-300-202512-01,150600,,2025-12-10,2025-12-10,8,STRAIGHT_LINE,14770.18,0.0,USD,ACTIVE
FA-E462231E42,NIG-300,CP-300-202601-01,BUILDING,Buildings and improvements - CP-300-202601-01,150200,,2026-01-10,2026-01-10,30,STRAIGHT_LINE,55091.74,0.0,USD,ACTIVE
FA-349DB498BF,NIG-300,CP-300-202601-01,PLANT,Machinery and equipment - CP-300-202601-01,150300,,2026-01-10,2026-01-10,10,STRAIGHT_LINE,105592.51,0.0,USD,ACTIVE
FA-E908FB87FF,NIG-300,CP-300-202601-01,VEHICLE,Vehicles - CP-300-202601-01,150400,,2026-01-10,2026-01-10,6,STRAIGHT_LINE,29841.36,0.0,USD,ACTIVE
FA-3A6CEBDA73,NIG-300,CP-300-202601-01,IT,Computer hardware and software - CP-300-202601-01,150500,,2026-01-10,2026-01-10,4,STRAIGHT_LINE,20659.4,0.0,USD,ACTIVE
FA-9B51B1FC5B,NIG-300,CP-300-202601-01,LEASEHOLD,Leasehold improvements - CP-300-202601-01,150600,,2026-01-10,2026-01-10,8,STRAIGHT_LINE,18363.91,0.0,USD,ACTIVE
FA-38CCC6B36D,NIG-300,CP-300-202602-01,BUILDING,Buildings and improvements - CP-300-202602-01,150200,,2026-02-10,2026-02-10,30,STRAIGHT_LINE,55091.74,0.0,USD,ACTIVE
FA-C392B6277F,NIG-300,CP-300-202602-01,PLANT,Machinery and equipment - CP-300-202602-01,150300,,2026-02-10,2026-02-10,10,STRAIGHT_LINE,105592.51,0.0,USD,ACTIVE
FA-D10E06333C,NIG-300,CP-300-202602-01,VEHICLE,Vehicles - CP-300-202602-01,150400,,2026-02-10,2026-02-10,6,STRAIGHT_LINE,29841.36,0.0,USD,ACTIVE
FA-A2B05E82C3,NIG-300,CP-300-202602-01,IT,Computer hardware and software - CP-300-202602-01,150500,,2026-02-10,2026-02-10,4,STRAIGHT_LINE,20659.4,0.0,USD,ACTIVE
FA-128F5D00E0,NIG-300,CP-300-202602-01,LEASEHOLD,Leasehold improvements - CP-300-202602-01,150600,,2026-02-10,2026-02-10,8,STRAIGHT_LINE,18363.91,0.0,USD,ACTIVE
FA-207F4B0BDE,NIG-300,CP-300-202603-01,BUILDING,Buildings and improvements - CP-300-202603-01,150200,,2026-03-10,2026-03-10,30,STRAIGHT_LINE,55091.74,0.0,USD,ACTIVE
FA-AD73CDA3C9,NIG-300,CP-300-202603-01,PLANT,Machinery and equipment - CP-300-202603-01,150300,,2026-03-10,2026-03-10,10,STRAIGHT_LINE,105592.51,0.0,USD,ACTIVE
FA-4A79669AC5,NIG-300,CP-300-202603-01,VEHICLE,Vehicles - CP-300-202603-01,150400,,2026-03-10,2026-03-10,6,STRAIGHT_LINE,29841.36,0.0,USD,ACTIVE
FA-B5CFA1C619,NIG-300,CP-300-202603-01,IT,Computer hardware and software - CP-300-202603-01,150500,,2026-03-10,2026-03-10,4,STRAIGHT_LINE,20659.4,0.0,USD,ACTIVE
FA-2968E31C21,NIG-300,CP-300-202603-01,LEASEHOLD,Leasehold improvements - CP-300-202603-01,150600,,2026-03-10,2026-03-10,8,STRAIGHT_LINE,18363.91,0.0,USD,ACTIVE
FA-4E654D7178,NIG-300,CP-300-202604-01,BUILDING,Buildings and improvements - CP-300-202604-01,150200,,2026-04-10,2026-04-10,30,STRAIGHT_LINE,55091.74,0.0,USD,ACTIVE
FA-42B7F7949E,NIG-300,CP-300-202604-01,PLANT,Machinery and equipment - CP-300-202604-01,150300,,2026-04-10,2026-04-10,10,STRAIGHT_LINE,105592.51,0.0,USD,ACTIVE
FA-85E70C896C,NIG-300,CP-300-202604-01,VEHICLE,Vehicles - CP-300-202604-01,150400,,2026-04-10,2026-04-10,6,STRAIGHT_LINE,29841.36,0.0,USD,ACTIVE
FA-A8559F27E6,NIG-300,CP-300-202604-01,IT,Computer hardware and software - CP-300-202604-01,150500,,2026-04-10,2026-04-10,4,STRAIGHT_LINE,20659.4,0.0,USD,ACTIVE
FA-50F1083337,NIG-300,CP-300-202604-01,LEASEHOLD,Leasehold improvements - CP-300-202604-01,150600,,2026-04-10,2026-04-10,8,STRAIGHT_LINE,18363.91,0.0,USD,ACTIVE
FA-B8E6E30D3F,NIG-300,CP-300-202605-01,BUILDING,Buildings and improvements - CP-300-202605-01,150200,,2026-05-10,2026-05-10,30,STRAIGHT_LINE,55091.74,0.0,USD,ACTIVE
FA-25B2D6F268,NIG-300,CP-300-202605-01,PLANT,Machinery and equipment - CP-300-202605-01,150300,,2026-05-10,2026-05-10,10,STRAIGHT_LINE,105592.51,0.0,USD,ACTIVE
FA-5ACA61D685,NIG-300,CP-300-202605-01,VEHICLE,Vehicles - CP-300-202605-01,150400,,2026-05-10,2026-05-10,6,STRAIGHT_LINE,29841.36,0.0,USD,ACTIVE
FA-6581F0347D,NIG-300,CP-300-202605-01,IT,Computer hardware and software - CP-300-202605-01,150500,,2026-05-10,2026-05-10,4,STRAIGHT_LINE,20659.4,0.0,USD,ACTIVE
FA-8815B6846C,NIG-300,CP-300-202605-01,LEASEHOLD,Leasehold improvements - CP-300-202605-01,150600,,2026-05-10,2026-05-10,8,STRAIGHT_LINE,18363.91,0.0,USD,ACTIVE
FA-E30E01B781,NIG-300,CP-300-202606-01,BUILDING,Buildings and improvements - CP-300-202606-01,150200,,2026-06-10,2026-06-10,30,STRAIGHT_LINE,55091.74,0.0,USD,ACTIVE
FA-D56EAE6EFD,NIG-300,CP-300-202606-01,PLANT,Machinery and equipment - CP-300-202606-01,150300,,2026-06-10,2026-06-10,10,STRAIGHT_LINE,105592.51,0.0,USD,ACTIVE
FA-3AD97561AC,NIG-300,CP-300-202606-01,VEHICLE,Vehicles - CP-300-202606-01,150400,,2026-06-10,2026-06-10,6,STRAIGHT_LINE,29841.36,0.0,USD,ACTIVE
FA-32CE5CB314,NIG-300,CP-300-202606-01,IT,Computer hardware and software - CP-300-202606-01,150500,,2026-06-10,2026-06-10,4,STRAIGHT_LINE,20659.4,0.0,USD,ACTIVE
FA-F6620B21BF,NIG-300,CP-300-202606-01,LEASEHOLD,Leasehold improvements - CP-300-202606-01,150600,,2026-06-10,2026-06-10,8,STRAIGHT_LINE,18363.91,0.0,USD,ACTIVE
FA-4EC2E677B0,NIG-300,CP-300-202607-01,BUILDING,Buildings and improvements - CP-300-202607-01,150200,,2026-07-10,2026-07-10,30,STRAIGHT_LINE,55091.74,0.0,USD,ACTIVE
FA-59500DBD2F,NIG-300,CP-300-202607-01,PLANT,Machinery and equipment - CP-300-202607-01,150300,,2026-07-10,2026-07-10,10,STRAIGHT_LINE,105592.51,0.0,USD,ACTIVE
FA-C1F3BE5B28,NIG-300,CP-300-202607-01,VEHICLE,Vehicles - CP-300-202607-01,150400,,2026-07-10,2026-07-10,6,STRAIGHT_LINE,29841.36,0.0,USD,ACTIVE
FA-9AA482B174,NIG-300,CP-300-202607-01,IT,Computer hardware and software - CP-300-202607-01,150500,,2026-07-10,2026-07-10,4,STRAIGHT_LINE,20659.4,0.0,USD,ACTIVE
FA-BC2C5C0CCC,NIG-300,CP-300-202607-01,LEASEHOLD,Leasehold improvements - CP-300-202607-01,150600,,2026-07-10,2026-07-10,8,STRAIGHT_LINE,18363.91,0.0,USD,ACTIVE
FA-6D0F3EB937,NIG-300,CP-300-202608-01,BUILDING,Buildings and improvements - CP-300-202608-01,150200,,2026-08-10,2026-08-10,30,STRAIGHT_LINE,55091.74,0.0,USD,ACTIVE
FA-44F5CA5E52,NIG-300,CP-300-202608-01,PLANT,Machinery and equipment - CP-300-202608-01,150300,,2026-08-10,2026-08-10,10,STRAIGHT_LINE,105592.51,0.0,USD,ACTIVE
FA-193F41FA5A,NIG-300,CP-300-202608-01,VEHICLE,Vehicles - CP-300-202608-01,150400,,2026-08-10,2026-08-10,6,STRAIGHT_LINE,29841.36,0.0,USD,ACTIVE
FA-575C6CA636,NIG-300,CP-300-202608-01,IT,Computer hardware and software - CP-300-202608-01,150500,,2026-08-10,2026-08-10,4,STRAIGHT_LINE,20659.4,0.0,USD,ACTIVE
FA-5ABA611CCC,NIG-300,CP-300-202608-01,LEASEHOLD,Leasehold improvements - CP-300-202608-01,150600,,2026-08-10,2026-08-10,8,STRAIGHT_LINE,18363.91,0.0,USD,ACTIVE
FA-F275A16D64,NIG-310,CP-310-202301-01,BUILDING,Buildings and improvements - CP-310-202301-01,150200,,2023-01-10,2023-01-10,30,STRAIGHT_LINE,5238.47,0.0,CAD,ACTIVE
FA-BEB3B562D1,NIG-310,CP-310-202301-01,PLANT,Machinery and equipment - CP-310-202301-01,150300,,2023-01-10,2023-01-10,10,STRAIGHT_LINE,10040.4,0.0,CAD,ACTIVE
FA-E5B5D23CEA,NIG-310,CP-310-202301-01,VEHICLE,Vehicles - CP-310-202301-01,150400,,2023-01-10,2023-01-10,6,STRAIGHT_LINE,2837.5,0.0,CAD,ACTIVE
FA-E37E2D63DD,NIG-310,CP-310-202301-01,IT,Computer hardware and software - CP-310-202301-01,150500,,2023-01-10,2023-01-10,4,STRAIGHT_LINE,1964.43,0.0,CAD,ACTIVE
FA-AC0FA39BD9,NIG-310,CP-310-202301-01,LEASEHOLD,Leasehold improvements - CP-310-202301-01,150600,,2023-01-10,2023-01-10,8,STRAIGHT_LINE,1746.16,0.0,CAD,ACTIVE
FA-6B211CFF93,NIG-310,CP-310-202302-01,BUILDING,Buildings and improvements - CP-310-202302-01,150200,,2023-02-10,2023-02-10,30,STRAIGHT_LINE,5238.47,0.0,CAD,ACTIVE
FA-C479610A36,NIG-310,CP-310-202302-01,PLANT,Machinery and equipment - CP-310-202302-01,150300,,2023-02-10,2023-02-10,10,STRAIGHT_LINE,10040.4,0.0,CAD,ACTIVE
FA-41C7FE60E4,NIG-310,CP-310-202302-01,VEHICLE,Vehicles - CP-310-202302-01,150400,,2023-02-10,2023-02-10,6,STRAIGHT_LINE,2837.5,0.0,CAD,ACTIVE
FA-46C045E221,NIG-310,CP-310-202302-01,IT,Computer hardware and software - CP-310-202302-01,150500,,2023-02-10,2023-02-10,4,STRAIGHT_LINE,1964.43,0.0,CAD,ACTIVE
FA-424586E20E,NIG-310,CP-310-202302-01,LEASEHOLD,Leasehold improvements - CP-310-202302-01,150600,,2023-02-10,2023-02-10,8,STRAIGHT_LINE,1746.16,0.0,CAD,ACTIVE
FA-57D2BA189C,NIG-310,CP-310-202303-01,BUILDING,Buildings and improvements - CP-310-202303-01,150200,,2023-03-10,2023-03-10,30,STRAIGHT_LINE,5238.47,0.0,CAD,ACTIVE
FA-DE88289BEF,NIG-310,CP-310-202303-01,PLANT,Machinery and equipment - CP-310-202303-01,150300,,2023-03-10,2023-03-10,10,STRAIGHT_LINE,10040.4,0.0,CAD,ACTIVE
FA-9BC25E0DEC,NIG-310,CP-310-202303-01,VEHICLE,Vehicles - CP-310-202303-01,150400,,2023-03-10,2023-03-10,6,STRAIGHT_LINE,2837.5,0.0,CAD,ACTIVE
FA-BBD01FA59B,NIG-310,CP-310-202303-01,IT,Computer hardware and software - CP-310-202303-01,150500,,2023-03-10,2023-03-10,4,STRAIGHT_LINE,1964.43,0.0,CAD,ACTIVE
FA-94A6940586,NIG-310,CP-310-202303-01,LEASEHOLD,Leasehold improvements - CP-310-202303-01,150600,,2023-03-10,2023-03-10,8,STRAIGHT_LINE,1746.16,0.0,CAD,ACTIVE
FA-D6F3BC8FD0,NIG-310,CP-310-202304-01,BUILDING,Buildings and improvements - CP-310-202304-01,150200,,2023-04-10,2023-04-10,30,STRAIGHT_LINE,5238.47,0.0,CAD,ACTIVE
FA-4FAEB206F3,NIG-310,CP-310-202304-01,PLANT,Machinery and equipment - CP-310-202304-01,150300,,2023-04-10,2023-04-10,10,STRAIGHT_LINE,10040.4,0.0,CAD,ACTIVE
FA-338C5AF973,NIG-310,CP-310-202304-01,VEHICLE,Vehicles - CP-310-202304-01,150400,,2023-04-10,2023-04-10,6,STRAIGHT_LINE,2837.5,0.0,CAD,ACTIVE
FA-482C8BD3F5,NIG-310,CP-310-202304-01,IT,Computer hardware and software - CP-310-202304-01,150500,,2023-04-10,2023-04-10,4,STRAIGHT_LINE,1964.43,0.0,CAD,ACTIVE
FA-903DF90C5B,NIG-310,CP-310-202304-01,LEASEHOLD,Leasehold improvements - CP-310-202304-01,150600,,2023-04-10,2023-04-10,8,STRAIGHT_LINE,1746.16,0.0,CAD,ACTIVE
FA-C59438B410,NIG-310,CP-310-202305-01,BUILDING,Buildings and improvements - CP-310-202305-01,150200,,2023-05-10,2023-05-10,30,STRAIGHT_LINE,5238.47,0.0,CAD,ACTIVE
FA-103AC7C7F2,NIG-310,CP-310-202305-01,PLANT,Machinery and equipment - CP-310-202305-01,150300,,2023-05-10,2023-05-10,10,STRAIGHT_LINE,10040.4,0.0,CAD,ACTIVE
FA-E3A51A9C8D,NIG-310,CP-310-202305-01,VEHICLE,Vehicles - CP-310-202305-01,150400,,2023-05-10,2023-05-10,6,STRAIGHT_LINE,2837.5,0.0,CAD,ACTIVE
FA-80F6995E03,NIG-310,CP-310-202305-01,IT,Computer hardware and software - CP-310-202305-01,150500,,2023-05-10,2023-05-10,4,STRAIGHT_LINE,1964.43,0.0,CAD,ACTIVE
FA-777AC6BA91,NIG-310,CP-310-202305-01,LEASEHOLD,Leasehold improvements - CP-310-202305-01,150600,,2023-05-10,2023-05-10,8,STRAIGHT_LINE,1746.16,0.0,CAD,ACTIVE
FA-FFD308AB7B,NIG-310,CP-310-202306-01,BUILDING,Buildings and improvements - CP-310-202306-01,150200,,2023-06-10,2023-06-10,30,STRAIGHT_LINE,5238.47,0.0,CAD,ACTIVE
FA-9D36E56A2C,NIG-310,CP-310-202306-01,PLANT,Machinery and equipment - CP-310-202306-01,150300,,2023-06-10,2023-06-10,10,STRAIGHT_LINE,10040.4,0.0,CAD,ACTIVE
FA-4C75573177,NIG-310,CP-310-202306-01,VEHICLE,Vehicles - CP-310-202306-01,150400,,2023-06-10,2023-06-10,6,STRAIGHT_LINE,2837.5,0.0,CAD,ACTIVE
FA-1EA18ED894,NIG-310,CP-310-202306-01,IT,Computer hardware and software - CP-310-202306-01,150500,,2023-06-10,2023-06-10,4,STRAIGHT_LINE,1964.43,0.0,CAD,ACTIVE
FA-E93F04B9F4,NIG-310,CP-310-202306-01,LEASEHOLD,Leasehold improvements - CP-310-202306-01,150600,,2023-06-10,2023-06-10,8,STRAIGHT_LINE,1746.16,0.0,CAD,ACTIVE
FA-B4FC751D83,NIG-310,CP-310-202307-01,BUILDING,Buildings and improvements - CP-310-202307-01,150200,,2023-07-10,2023-07-10,30,STRAIGHT_LINE,5238.47,0.0,CAD,ACTIVE
FA-B2C463DC41,NIG-310,CP-310-202307-01,PLANT,Machinery and equipment - CP-310-202307-01,150300,,2023-07-10,2023-07-10,10,STRAIGHT_LINE,10040.4,0.0,CAD,ACTIVE
FA-7BAD40F139,NIG-310,CP-310-202307-01,VEHICLE,Vehicles - CP-310-202307-01,150400,,2023-07-10,2023-07-10,6,STRAIGHT_LINE,2837.5,0.0,CAD,ACTIVE
FA-2427A79441,NIG-310,CP-310-202307-01,IT,Computer hardware and software - CP-310-202307-01,150500,,2023-07-10,2023-07-10,4,STRAIGHT_LINE,1964.43,0.0,CAD,ACTIVE
FA-6CC9B810B5,NIG-310,CP-310-202307-01,LEASEHOLD,Leasehold improvements - CP-310-202307-01,150600,,2023-07-10,2023-07-10,8,STRAIGHT_LINE,1746.16,0.0,CAD,ACTIVE
FA-0237775380,NIG-310,CP-310-202308-01,BUILDING,Buildings and improvements - CP-310-202308-01,150200,,2023-08-10,2023-08-10,30,STRAIGHT_LINE,5238.47,0.0,CAD,ACTIVE
FA-9463E3AB17,NIG-310,CP-310-202308-01,PLANT,Machinery and equipment - CP-310-202308-01,150300,,2023-08-10,2023-08-10,10,STRAIGHT_LINE,10040.4,0.0,CAD,ACTIVE
FA-1D73C2C331,NIG-310,CP-310-202308-01,VEHICLE,Vehicles - CP-310-202308-01,150400,,2023-08-10,2023-08-10,6,STRAIGHT_LINE,2837.5,0.0,CAD,ACTIVE
FA-B8701518BA,NIG-310,CP-310-202308-01,IT,Computer hardware and software - CP-310-202308-01,150500,,2023-08-10,2023-08-10,4,STRAIGHT_LINE,1964.43,0.0,CAD,ACTIVE
FA-EAACB7100D,NIG-310,CP-310-202308-01,LEASEHOLD,Leasehold improvements - CP-310-202308-01,150600,,2023-08-10,2023-08-10,8,STRAIGHT_LINE,1746.16,0.0,CAD,ACTIVE
FA-ACA6F76FB6,NIG-310,CP-310-202309-01,BUILDING,Buildings and improvements - CP-310-202309-01,150200,,2023-09-10,2023-09-10,30,STRAIGHT_LINE,5238.47,0.0,CAD,ACTIVE
FA-579B7842EA,NIG-310,CP-310-202309-01,PLANT,Machinery and equipment - CP-310-202309-01,150300,,2023-09-10,2023-09-10,10,STRAIGHT_LINE,10040.4,0.0,CAD,ACTIVE
FA-EAE6B014B8,NIG-310,CP-310-202309-01,VEHICLE,Vehicles - CP-310-202309-01,150400,,2023-09-10,2023-09-10,6,STRAIGHT_LINE,2837.5,0.0,CAD,ACTIVE
FA-5C2F67701E,NIG-310,CP-310-202309-01,IT,Computer hardware and software - CP-310-202309-01,150500,,2023-09-10,2023-09-10,4,STRAIGHT_LINE,1964.43,0.0,CAD,ACTIVE
FA-776492C16B,NIG-310,CP-310-202309-01,LEASEHOLD,Leasehold improvements - CP-310-202309-01,150600,,2023-09-10,2023-09-10,8,STRAIGHT_LINE,1746.16,0.0,CAD,ACTIVE
FA-428F06ADC0,NIG-310,CP-310-202310-01,BUILDING,Buildings and improvements - CP-310-202310-01,150200,,2023-10-10,2023-10-10,30,STRAIGHT_LINE,5238.47,0.0,CAD,ACTIVE
FA-E1D60731FF,NIG-310,CP-310-202310-01,PLANT,Machinery and equipment - CP-310-202310-01,150300,,2023-10-10,2023-10-10,10,STRAIGHT_LINE,10040.4,0.0,CAD,ACTIVE
FA-DCCB8B47FA,NIG-310,CP-310-202310-01,VEHICLE,Vehicles - CP-310-202310-01,150400,,2023-10-10,2023-10-10,6,STRAIGHT_LINE,2837.5,0.0,CAD,ACTIVE
FA-3C0CD51C46,NIG-310,CP-310-202310-01,IT,Computer hardware and software - CP-310-202310-01,150500,,2023-10-10,2023-10-10,4,STRAIGHT_LINE,1964.43,0.0,CAD,ACTIVE
FA-24AFE0B736,NIG-310,CP-310-202310-01,LEASEHOLD,Leasehold improvements - CP-310-202310-01,150600,,2023-10-10,2023-10-10,8,STRAIGHT_LINE,1746.16,0.0,CAD,ACTIVE
FA-660C8AB00A,NIG-310,CP-310-202311-01,BUILDING,Buildings and improvements - CP-310-202311-01,150200,,2023-11-10,2023-11-10,30,STRAIGHT_LINE,5238.47,0.0,CAD,ACTIVE
FA-9E79DD76E7,NIG-310,CP-310-202311-01,PLANT,Machinery and equipment - CP-310-202311-01,150300,,2023-11-10,2023-11-10,10,STRAIGHT_LINE,10040.4,0.0,CAD,ACTIVE
FA-C78F940083,NIG-310,CP-310-202311-01,VEHICLE,Vehicles - CP-310-202311-01,150400,,2023-11-10,2023-11-10,6,STRAIGHT_LINE,2837.5,0.0,CAD,ACTIVE
FA-319879CD3B,NIG-310,CP-310-202311-01,IT,Computer hardware and software - CP-310-202311-01,150500,,2023-11-10,2023-11-10,4,STRAIGHT_LINE,1964.43,0.0,CAD,ACTIVE
FA-28E921F5E7,NIG-310,CP-310-202311-01,LEASEHOLD,Leasehold improvements - CP-310-202311-01,150600,,2023-11-10,2023-11-10,8,STRAIGHT_LINE,1746.16,0.0,CAD,ACTIVE
FA-C9EAC11090,NIG-310,CP-310-202312-01,BUILDING,Buildings and improvements - CP-310-202312-01,150200,,2023-12-10,2023-12-10,30,STRAIGHT_LINE,5238.47,0.0,CAD,ACTIVE
FA-B2D93F1338,NIG-310,CP-310-202312-01,PLANT,Machinery and equipment - CP-310-202312-01,150300,,2023-12-10,2023-12-10,10,STRAIGHT_LINE,10040.4,0.0,CAD,ACTIVE
FA-194A043E0F,NIG-310,CP-310-202312-01,VEHICLE,Vehicles - CP-310-202312-01,150400,,2023-12-10,2023-12-10,6,STRAIGHT_LINE,2837.5,0.0,CAD,ACTIVE
FA-58280AD89F,NIG-310,CP-310-202312-01,IT,Computer hardware and software - CP-310-202312-01,150500,,2023-12-10,2023-12-10,4,STRAIGHT_LINE,1964.43,0.0,CAD,ACTIVE
FA-EF31B5EFBB,NIG-310,CP-310-202312-01,LEASEHOLD,Leasehold improvements - CP-310-202312-01,150600,,2023-12-10,2023-12-10,8,STRAIGHT_LINE,1746.16,0.0,CAD,ACTIVE
FA-B4BCF2424F,NIG-310,CP-310-202401-01,BUILDING,Buildings and improvements - CP-310-202401-01,150200,,2024-01-10,2024-01-10,30,STRAIGHT_LINE,45901.4,0.0,CAD,ACTIVE
FA-6DE7E4E93B,NIG-310,CP-310-202401-01,PLANT,Machinery and equipment - CP-310-202401-01,150300,,2024-01-10,2024-01-10,10,STRAIGHT_LINE,87977.69,0.0,CAD,ACTIVE
FA-37E2894A5F,NIG-310,CP-310-202401-01,VEHICLE,Vehicles - CP-310-202401-01,150400,,2024-01-10,2024-01-10,6,STRAIGHT_LINE,24863.26,0.0,CAD,ACTIVE
FA-FD70BA2574,NIG-310,CP-310-202401-01,IT,Computer hardware and software - CP-310-202401-01,150500,,2024-01-10,2024-01-10,4,STRAIGHT_LINE,17213.03,0.0,CAD,ACTIVE
FA-79EE847671,NIG-310,CP-310-202401-01,LEASEHOLD,Leasehold improvements - CP-310-202401-01,150600,,2024-01-10,2024-01-10,8,STRAIGHT_LINE,15300.47,0.0,CAD,ACTIVE
FA-0E7B1023B7,NIG-310,CP-310-202402-01,BUILDING,Buildings and improvements - CP-310-202402-01,150200,,2024-02-10,2024-02-10,30,STRAIGHT_LINE,45901.4,0.0,CAD,ACTIVE
FA-956FD3313E,NIG-310,CP-310-202402-01,PLANT,Machinery and equipment - CP-310-202402-01,150300,,2024-02-10,2024-02-10,10,STRAIGHT_LINE,87977.69,0.0,CAD,ACTIVE
FA-241DBF2E07,NIG-310,CP-310-202402-01,VEHICLE,Vehicles - CP-310-202402-01,150400,,2024-02-10,2024-02-10,6,STRAIGHT_LINE,24863.26,0.0,CAD,ACTIVE
FA-F748328AB2,NIG-310,CP-310-202402-01,IT,Computer hardware and software - CP-310-202402-01,150500,,2024-02-10,2024-02-10,4,STRAIGHT_LINE,17213.03,0.0,CAD,ACTIVE
FA-E163DA3BFD,NIG-310,CP-310-202402-01,LEASEHOLD,Leasehold improvements - CP-310-202402-01,150600,,2024-02-10,2024-02-10,8,STRAIGHT_LINE,15300.47,0.0,CAD,ACTIVE
FA-3F7AAD3CE9,NIG-310,CP-310-202403-01,BUILDING,Buildings and improvements - CP-310-202403-01,150200,,2024-03-10,2024-03-10,30,STRAIGHT_LINE,45901.4,0.0,CAD,ACTIVE
FA-B4B18D90F6,NIG-310,CP-310-202403-01,PLANT,Machinery and equipment - CP-310-202403-01,150300,,2024-03-10,2024-03-10,10,STRAIGHT_LINE,87977.69,0.0,CAD,ACTIVE
FA-41091C6AB6,NIG-310,CP-310-202403-01,VEHICLE,Vehicles - CP-310-202403-01,150400,,2024-03-10,2024-03-10,6,STRAIGHT_LINE,24863.26,0.0,CAD,ACTIVE
FA-5CFF65750D,NIG-310,CP-310-202403-01,IT,Computer hardware and software - CP-310-202403-01,150500,,2024-03-10,2024-03-10,4,STRAIGHT_LINE,17213.03,0.0,CAD,ACTIVE
FA-CAA65542F7,NIG-310,CP-310-202403-01,LEASEHOLD,Leasehold improvements - CP-310-202403-01,150600,,2024-03-10,2024-03-10,8,STRAIGHT_LINE,15300.47,0.0,CAD,ACTIVE
FA-DEBF742719,NIG-310,CP-310-202404-01,BUILDING,Buildings and improvements - CP-310-202404-01,150200,,2024-04-10,2024-04-10,30,STRAIGHT_LINE,45901.4,0.0,CAD,ACTIVE
FA-982562D3EA,NIG-310,CP-310-202404-01,PLANT,Machinery and equipment - CP-310-202404-01,150300,,2024-04-10,2024-04-10,10,STRAIGHT_LINE,87977.69,0.0,CAD,ACTIVE
FA-ACDEDBF415,NIG-310,CP-310-202404-01,VEHICLE,Vehicles - CP-310-202404-01,150400,,2024-04-10,2024-04-10,6,STRAIGHT_LINE,24863.26,0.0,CAD,ACTIVE
FA-3056932377,NIG-310,CP-310-202404-01,IT,Computer hardware and software - CP-310-202404-01,150500,,2024-04-10,2024-04-10,4,STRAIGHT_LINE,17213.03,0.0,CAD,ACTIVE
FA-141D47268A,NIG-310,CP-310-202404-01,LEASEHOLD,Leasehold improvements - CP-310-202404-01,150600,,2024-04-10,2024-04-10,8,STRAIGHT_LINE,15300.47,0.0,CAD,ACTIVE
FA-062CEB12E8,NIG-310,CP-310-202405-01,BUILDING,Buildings and improvements - CP-310-202405-01,150200,,2024-05-10,2024-05-10,30,STRAIGHT_LINE,45901.4,0.0,CAD,ACTIVE
FA-5B6A54254A,NIG-310,CP-310-202405-01,PLANT,Machinery and equipment - CP-310-202405-01,150300,,2024-05-10,2024-05-10,10,STRAIGHT_LINE,87977.69,0.0,CAD,ACTIVE
FA-90A97733AF,NIG-310,CP-310-202405-01,VEHICLE,Vehicles - CP-310-202405-01,150400,,2024-05-10,2024-05-10,6,STRAIGHT_LINE,24863.26,0.0,CAD,ACTIVE
FA-FAA0FBD2D3,NIG-310,CP-310-202405-01,IT,Computer hardware and software - CP-310-202405-01,150500,,2024-05-10,2024-05-10,4,STRAIGHT_LINE,17213.03,0.0,CAD,ACTIVE
FA-0A23B916DF,NIG-310,CP-310-202405-01,LEASEHOLD,Leasehold improvements - CP-310-202405-01,150600,,2024-05-10,2024-05-10,8,STRAIGHT_LINE,15300.47,0.0,CAD,ACTIVE
FA-1876257F42,NIG-310,CP-310-202406-01,BUILDING,Buildings and improvements - CP-310-202406-01,150200,,2024-06-10,2024-06-10,30,STRAIGHT_LINE,45901.4,0.0,CAD,ACTIVE
FA-CBDCB007ED,NIG-310,CP-310-202406-01,PLANT,Machinery and equipment - CP-310-202406-01,150300,,2024-06-10,2024-06-10,10,STRAIGHT_LINE,87977.69,0.0,CAD,ACTIVE
FA-3722D23A99,NIG-310,CP-310-202406-01,VEHICLE,Vehicles - CP-310-202406-01,150400,,2024-06-10,2024-06-10,6,STRAIGHT_LINE,24863.26,0.0,CAD,ACTIVE
FA-619F87611B,NIG-310,CP-310-202406-01,IT,Computer hardware and software - CP-310-202406-01,150500,,2024-06-10,2024-06-10,4,STRAIGHT_LINE,17213.03,0.0,CAD,ACTIVE
FA-BF1CB843FB,NIG-310,CP-310-202406-01,LEASEHOLD,Leasehold improvements - CP-310-202406-01,150600,,2024-06-10,2024-06-10,8,STRAIGHT_LINE,15300.47,0.0,CAD,ACTIVE
FA-57B6083B4E,NIG-310,CP-310-202407-01,BUILDING,Buildings and improvements - CP-310-202407-01,150200,,2024-07-10,2024-07-10,30,STRAIGHT_LINE,45901.4,0.0,CAD,ACTIVE
FA-ADB2E38D30,NIG-310,CP-310-202407-01,PLANT,Machinery and equipment - CP-310-202407-01,150300,,2024-07-10,2024-07-10,10,STRAIGHT_LINE,87977.69,0.0,CAD,ACTIVE
FA-9C041A476B,NIG-310,CP-310-202407-01,VEHICLE,Vehicles - CP-310-202407-01,150400,,2024-07-10,2024-07-10,6,STRAIGHT_LINE,24863.26,0.0,CAD,ACTIVE
FA-A279ACF95D,NIG-310,CP-310-202407-01,IT,Computer hardware and software - CP-310-202407-01,150500,,2024-07-10,2024-07-10,4,STRAIGHT_LINE,17213.03,0.0,CAD,ACTIVE
FA-877C951FEE,NIG-310,CP-310-202407-01,LEASEHOLD,Leasehold improvements - CP-310-202407-01,150600,,2024-07-10,2024-07-10,8,STRAIGHT_LINE,15300.47,0.0,CAD,ACTIVE
FA-D28DD8686C,NIG-310,CP-310-202408-01,BUILDING,Buildings and improvements - CP-310-202408-01,150200,,2024-08-10,2024-08-10,30,STRAIGHT_LINE,45901.4,0.0,CAD,ACTIVE
FA-A31544E436,NIG-310,CP-310-202408-01,PLANT,Machinery and equipment - CP-310-202408-01,150300,,2024-08-10,2024-08-10,10,STRAIGHT_LINE,87977.69,0.0,CAD,ACTIVE
FA-3351E76B69,NIG-310,CP-310-202408-01,VEHICLE,Vehicles - CP-310-202408-01,150400,,2024-08-10,2024-08-10,6,STRAIGHT_LINE,24863.26,0.0,CAD,ACTIVE
FA-BD7DA703EC,NIG-310,CP-310-202408-01,IT,Computer hardware and software - CP-310-202408-01,150500,,2024-08-10,2024-08-10,4,STRAIGHT_LINE,17213.03,0.0,CAD,ACTIVE
FA-2072C9D089,NIG-310,CP-310-202408-01,LEASEHOLD,Leasehold improvements - CP-310-202408-01,150600,,2024-08-10,2024-08-10,8,STRAIGHT_LINE,15300.47,0.0,CAD,ACTIVE
FA-BE0E4EFA68,NIG-310,CP-310-202409-01,BUILDING,Buildings and improvements - CP-310-202409-01,150200,,2024-09-10,2024-09-10,30,STRAIGHT_LINE,45901.4,0.0,CAD,ACTIVE
FA-82BB2078A9,NIG-310,CP-310-202409-01,PLANT,Machinery and equipment - CP-310-202409-01,150300,,2024-09-10,2024-09-10,10,STRAIGHT_LINE,87977.69,0.0,CAD,ACTIVE
FA-E078A3A417,NIG-310,CP-310-202409-01,VEHICLE,Vehicles - CP-310-202409-01,150400,,2024-09-10,2024-09-10,6,STRAIGHT_LINE,24863.26,0.0,CAD,ACTIVE
FA-DF11B153B1,NIG-310,CP-310-202409-01,IT,Computer hardware and software - CP-310-202409-01,150500,,2024-09-10,2024-09-10,4,STRAIGHT_LINE,17213.03,0.0,CAD,ACTIVE
FA-C1213040B4,NIG-310,CP-310-202409-01,LEASEHOLD,Leasehold improvements - CP-310-202409-01,150600,,2024-09-10,2024-09-10,8,STRAIGHT_LINE,15300.47,0.0,CAD,ACTIVE
FA-5B51DBCE43,NIG-310,CP-310-202410-01,BUILDING,Buildings and improvements - CP-310-202410-01,150200,,2024-10-10,2024-10-10,30,STRAIGHT_LINE,45901.4,0.0,CAD,ACTIVE
FA-0F877BC9EC,NIG-310,CP-310-202410-01,PLANT,Machinery and equipment - CP-310-202410-01,150300,,2024-10-10,2024-10-10,10,STRAIGHT_LINE,87977.69,0.0,CAD,ACTIVE
FA-8FF628D622,NIG-310,CP-310-202410-01,VEHICLE,Vehicles - CP-310-202410-01,150400,,2024-10-10,2024-10-10,6,STRAIGHT_LINE,24863.26,0.0,CAD,ACTIVE
FA-E758963470,NIG-310,CP-310-202410-01,IT,Computer hardware and software - CP-310-202410-01,150500,,2024-10-10,2024-10-10,4,STRAIGHT_LINE,17213.03,0.0,CAD,ACTIVE
FA-6D2A8D0BAE,NIG-310,CP-310-202410-01,LEASEHOLD,Leasehold improvements - CP-310-202410-01,150600,,2024-10-10,2024-10-10,8,STRAIGHT_LINE,15300.47,0.0,CAD,ACTIVE
FA-8A222BDCD9,NIG-310,CP-310-202411-01,BUILDING,Buildings and improvements - CP-310-202411-01,150200,,2024-11-10,2024-11-10,30,STRAIGHT_LINE,45901.4,0.0,CAD,ACTIVE
FA-E970E5DDFE,NIG-310,CP-310-202411-01,PLANT,Machinery and equipment - CP-310-202411-01,150300,,2024-11-10,2024-11-10,10,STRAIGHT_LINE,87977.69,0.0,CAD,ACTIVE
FA-AC81777B95,NIG-310,CP-310-202411-01,VEHICLE,Vehicles - CP-310-202411-01,150400,,2024-11-10,2024-11-10,6,STRAIGHT_LINE,24863.26,0.0,CAD,ACTIVE
FA-4422CB2057,NIG-310,CP-310-202411-01,IT,Computer hardware and software - CP-310-202411-01,150500,,2024-11-10,2024-11-10,4,STRAIGHT_LINE,17213.03,0.0,CAD,ACTIVE
FA-FD77498976,NIG-310,CP-310-202411-01,LEASEHOLD,Leasehold improvements - CP-310-202411-01,150600,,2024-11-10,2024-11-10,8,STRAIGHT_LINE,15300.47,0.0,CAD,ACTIVE
FA-D4A062C46F,NIG-310,CP-310-202412-01,BUILDING,Buildings and improvements - CP-310-202412-01,150200,,2024-12-10,2024-12-10,30,STRAIGHT_LINE,45901.4,0.0,CAD,ACTIVE
FA-BDB238CF16,NIG-310,CP-310-202412-01,PLANT,Machinery and equipment - CP-310-202412-01,150300,,2024-12-10,2024-12-10,10,STRAIGHT_LINE,87977.69,0.0,CAD,ACTIVE
FA-63A3201FE1,NIG-310,CP-310-202412-01,VEHICLE,Vehicles - CP-310-202412-01,150400,,2024-12-10,2024-12-10,6,STRAIGHT_LINE,24863.26,0.0,CAD,ACTIVE
FA-A23F29E7FB,NIG-310,CP-310-202412-01,IT,Computer hardware and software - CP-310-202412-01,150500,,2024-12-10,2024-12-10,4,STRAIGHT_LINE,17213.03,0.0,CAD,ACTIVE
FA-7D481F3B2A,NIG-310,CP-310-202412-01,LEASEHOLD,Leasehold improvements - CP-310-202412-01,150600,,2024-12-10,2024-12-10,8,STRAIGHT_LINE,15300.47,0.0,CAD,ACTIVE
FA-4761BB3DF5,NIG-310,CP-310-202501-01,BUILDING,Buildings and improvements - CP-310-202501-01,150200,,2025-01-10,2025-01-10,30,STRAIGHT_LINE,5227.52,0.0,CAD,ACTIVE
FA-18623955FE,NIG-310,CP-310-202501-01,PLANT,Machinery and equipment - CP-310-202501-01,150300,,2025-01-10,2025-01-10,10,STRAIGHT_LINE,10019.41,0.0,CAD,ACTIVE
FA-A0DA658549,NIG-310,CP-310-202501-01,VEHICLE,Vehicles - CP-310-202501-01,150400,,2025-01-10,2025-01-10,6,STRAIGHT_LINE,2831.57,0.0,CAD,ACTIVE
FA-A77B81FD14,NIG-310,CP-310-202501-01,IT,Computer hardware and software - CP-310-202501-01,150500,,2025-01-10,2025-01-10,4,STRAIGHT_LINE,1960.32,0.0,CAD,ACTIVE
FA-E811EE0113,NIG-310,CP-310-202501-01,LEASEHOLD,Leasehold improvements - CP-310-202501-01,150600,,2025-01-10,2025-01-10,8,STRAIGHT_LINE,1742.51,0.0,CAD,ACTIVE
FA-648DB58DA3,NIG-310,CP-310-202502-01,BUILDING,Buildings and improvements - CP-310-202502-01,150200,,2025-02-10,2025-02-10,30,STRAIGHT_LINE,5227.52,0.0,CAD,ACTIVE
FA-477AC92078,NIG-310,CP-310-202502-01,PLANT,Machinery and equipment - CP-310-202502-01,150300,,2025-02-10,2025-02-10,10,STRAIGHT_LINE,10019.41,0.0,CAD,ACTIVE
FA-3CC6977EBC,NIG-310,CP-310-202502-01,VEHICLE,Vehicles - CP-310-202502-01,150400,,2025-02-10,2025-02-10,6,STRAIGHT_LINE,2831.57,0.0,CAD,ACTIVE
FA-CED7FC5BAE,NIG-310,CP-310-202502-01,IT,Computer hardware and software - CP-310-202502-01,150500,,2025-02-10,2025-02-10,4,STRAIGHT_LINE,1960.32,0.0,CAD,ACTIVE
FA-E714BD26E4,NIG-310,CP-310-202502-01,LEASEHOLD,Leasehold improvements - CP-310-202502-01,150600,,2025-02-10,2025-02-10,8,STRAIGHT_LINE,1742.51,0.0,CAD,ACTIVE
FA-17E20698DD,NIG-310,CP-310-202503-01,BUILDING,Buildings and improvements - CP-310-202503-01,150200,,2025-03-10,2025-03-10,30,STRAIGHT_LINE,5227.52,0.0,CAD,ACTIVE
FA-C7BFA41569,NIG-310,CP-310-202503-01,PLANT,Machinery and equipment - CP-310-202503-01,150300,,2025-03-10,2025-03-10,10,STRAIGHT_LINE,10019.41,0.0,CAD,ACTIVE
FA-B919D7DB8C,NIG-310,CP-310-202503-01,VEHICLE,Vehicles - CP-310-202503-01,150400,,2025-03-10,2025-03-10,6,STRAIGHT_LINE,2831.57,0.0,CAD,ACTIVE
FA-E240895E70,NIG-310,CP-310-202503-01,IT,Computer hardware and software - CP-310-202503-01,150500,,2025-03-10,2025-03-10,4,STRAIGHT_LINE,1960.32,0.0,CAD,ACTIVE
FA-81932B50D7,NIG-310,CP-310-202503-01,LEASEHOLD,Leasehold improvements - CP-310-202503-01,150600,,2025-03-10,2025-03-10,8,STRAIGHT_LINE,1742.51,0.0,CAD,ACTIVE
FA-285950A0B6,NIG-310,CP-310-202504-01,BUILDING,Buildings and improvements - CP-310-202504-01,150200,,2025-04-10,2025-04-10,30,STRAIGHT_LINE,5227.52,0.0,CAD,ACTIVE
FA-746E6A2120,NIG-310,CP-310-202504-01,PLANT,Machinery and equipment - CP-310-202504-01,150300,,2025-04-10,2025-04-10,10,STRAIGHT_LINE,10019.41,0.0,CAD,ACTIVE
FA-BC3BC2B36B,NIG-310,CP-310-202504-01,VEHICLE,Vehicles - CP-310-202504-01,150400,,2025-04-10,2025-04-10,6,STRAIGHT_LINE,2831.57,0.0,CAD,ACTIVE
FA-6D587512EB,NIG-310,CP-310-202504-01,IT,Computer hardware and software - CP-310-202504-01,150500,,2025-04-10,2025-04-10,4,STRAIGHT_LINE,1960.32,0.0,CAD,ACTIVE
FA-9AEE501424,NIG-310,CP-310-202504-01,LEASEHOLD,Leasehold improvements - CP-310-202504-01,150600,,2025-04-10,2025-04-10,8,STRAIGHT_LINE,1742.51,0.0,CAD,ACTIVE
FA-8F8BEFA82C,NIG-310,CP-310-202505-01,BUILDING,Buildings and improvements - CP-310-202505-01,150200,,2025-05-10,2025-05-10,30,STRAIGHT_LINE,5227.52,0.0,CAD,ACTIVE
FA-26BBF6CABB,NIG-310,CP-310-202505-01,PLANT,Machinery and equipment - CP-310-202505-01,150300,,2025-05-10,2025-05-10,10,STRAIGHT_LINE,10019.41,0.0,CAD,ACTIVE
FA-01865C9BA4,NIG-310,CP-310-202505-01,VEHICLE,Vehicles - CP-310-202505-01,150400,,2025-05-10,2025-05-10,6,STRAIGHT_LINE,2831.57,0.0,CAD,ACTIVE
FA-6DAB88E74A,NIG-310,CP-310-202505-01,IT,Computer hardware and software - CP-310-202505-01,150500,,2025-05-10,2025-05-10,4,STRAIGHT_LINE,1960.32,0.0,CAD,ACTIVE
FA-D6256BE0E8,NIG-310,CP-310-202505-01,LEASEHOLD,Leasehold improvements - CP-310-202505-01,150600,,2025-05-10,2025-05-10,8,STRAIGHT_LINE,1742.51,0.0,CAD,ACTIVE
FA-BEBB4332BA,NIG-310,CP-310-202506-01,BUILDING,Buildings and improvements - CP-310-202506-01,150200,,2025-06-10,2025-06-10,30,STRAIGHT_LINE,5227.52,0.0,CAD,ACTIVE
FA-4B04EEFAB6,NIG-310,CP-310-202506-01,PLANT,Machinery and equipment - CP-310-202506-01,150300,,2025-06-10,2025-06-10,10,STRAIGHT_LINE,10019.41,0.0,CAD,ACTIVE
FA-D1342BC0A0,NIG-310,CP-310-202506-01,VEHICLE,Vehicles - CP-310-202506-01,150400,,2025-06-10,2025-06-10,6,STRAIGHT_LINE,2831.57,0.0,CAD,ACTIVE
FA-ECDFD3BD4C,NIG-310,CP-310-202506-01,IT,Computer hardware and software - CP-310-202506-01,150500,,2025-06-10,2025-06-10,4,STRAIGHT_LINE,1960.32,0.0,CAD,ACTIVE
FA-F9D4BB9651,NIG-310,CP-310-202506-01,LEASEHOLD,Leasehold improvements - CP-310-202506-01,150600,,2025-06-10,2025-06-10,8,STRAIGHT_LINE,1742.51,0.0,CAD,ACTIVE
FA-C35AE5A146,NIG-310,CP-310-202507-01,BUILDING,Buildings and improvements - CP-310-202507-01,150200,,2025-07-10,2025-07-10,30,STRAIGHT_LINE,5227.52,0.0,CAD,ACTIVE
FA-9F219078C7,NIG-310,CP-310-202507-01,PLANT,Machinery and equipment - CP-310-202507-01,150300,,2025-07-10,2025-07-10,10,STRAIGHT_LINE,10019.41,0.0,CAD,ACTIVE
FA-2C16BE7050,NIG-310,CP-310-202507-01,VEHICLE,Vehicles - CP-310-202507-01,150400,,2025-07-10,2025-07-10,6,STRAIGHT_LINE,2831.57,0.0,CAD,ACTIVE
FA-C3A85D306B,NIG-310,CP-310-202507-01,IT,Computer hardware and software - CP-310-202507-01,150500,,2025-07-10,2025-07-10,4,STRAIGHT_LINE,1960.32,0.0,CAD,ACTIVE
FA-FB2E9CD258,NIG-310,CP-310-202507-01,LEASEHOLD,Leasehold improvements - CP-310-202507-01,150600,,2025-07-10,2025-07-10,8,STRAIGHT_LINE,1742.51,0.0,CAD,ACTIVE
FA-BEEE2C7C53,NIG-310,CP-310-202508-01,BUILDING,Buildings and improvements - CP-310-202508-01,150200,,2025-08-10,2025-08-10,30,STRAIGHT_LINE,5227.52,0.0,CAD,ACTIVE
FA-133E5B2507,NIG-310,CP-310-202508-01,PLANT,Machinery and equipment - CP-310-202508-01,150300,,2025-08-10,2025-08-10,10,STRAIGHT_LINE,10019.41,0.0,CAD,ACTIVE
FA-2911ACE613,NIG-310,CP-310-202508-01,VEHICLE,Vehicles - CP-310-202508-01,150400,,2025-08-10,2025-08-10,6,STRAIGHT_LINE,2831.57,0.0,CAD,ACTIVE
FA-4D13C60F7E,NIG-310,CP-310-202508-01,IT,Computer hardware and software - CP-310-202508-01,150500,,2025-08-10,2025-08-10,4,STRAIGHT_LINE,1960.32,0.0,CAD,ACTIVE
FA-908146EC24,NIG-310,CP-310-202508-01,LEASEHOLD,Leasehold improvements - CP-310-202508-01,150600,,2025-08-10,2025-08-10,8,STRAIGHT_LINE,1742.51,0.0,CAD,ACTIVE
FA-6840E26FFE,NIG-310,CP-310-202509-01,BUILDING,Buildings and improvements - CP-310-202509-01,150200,,2025-09-10,2025-09-10,30,STRAIGHT_LINE,5227.52,0.0,CAD,ACTIVE
FA-D41318FB4B,NIG-310,CP-310-202509-01,PLANT,Machinery and equipment - CP-310-202509-01,150300,,2025-09-10,2025-09-10,10,STRAIGHT_LINE,10019.41,0.0,CAD,ACTIVE
FA-5954918A97,NIG-310,CP-310-202509-01,VEHICLE,Vehicles - CP-310-202509-01,150400,,2025-09-10,2025-09-10,6,STRAIGHT_LINE,2831.57,0.0,CAD,ACTIVE
FA-706276A8CA,NIG-310,CP-310-202509-01,IT,Computer hardware and software - CP-310-202509-01,150500,,2025-09-10,2025-09-10,4,STRAIGHT_LINE,1960.32,0.0,CAD,ACTIVE
FA-DCE3DE5A1E,NIG-310,CP-310-202509-01,LEASEHOLD,Leasehold improvements - CP-310-202509-01,150600,,2025-09-10,2025-09-10,8,STRAIGHT_LINE,1742.51,0.0,CAD,ACTIVE
FA-4CFEAFF3CF,NIG-310,CP-310-202510-01,BUILDING,Buildings and improvements - CP-310-202510-01,150200,,2025-10-10,2025-10-10,30,STRAIGHT_LINE,5227.52,0.0,CAD,ACTIVE
FA-52B1D16225,NIG-310,CP-310-202510-01,PLANT,Machinery and equipment - CP-310-202510-01,150300,,2025-10-10,2025-10-10,10,STRAIGHT_LINE,10019.41,0.0,CAD,ACTIVE
FA-3E62E13C41,NIG-310,CP-310-202510-01,VEHICLE,Vehicles - CP-310-202510-01,150400,,2025-10-10,2025-10-10,6,STRAIGHT_LINE,2831.57,0.0,CAD,ACTIVE
FA-A155C8793A,NIG-310,CP-310-202510-01,IT,Computer hardware and software - CP-310-202510-01,150500,,2025-10-10,2025-10-10,4,STRAIGHT_LINE,1960.32,0.0,CAD,ACTIVE
FA-B78DA38FC0,NIG-310,CP-310-202510-01,LEASEHOLD,Leasehold improvements - CP-310-202510-01,150600,,2025-10-10,2025-10-10,8,STRAIGHT_LINE,1742.51,0.0,CAD,ACTIVE
FA-D31F967816,NIG-310,CP-310-202511-01,BUILDING,Buildings and improvements - CP-310-202511-01,150200,,2025-11-10,2025-11-10,30,STRAIGHT_LINE,5227.52,0.0,CAD,ACTIVE
FA-84C48893E4,NIG-310,CP-310-202511-01,PLANT,Machinery and equipment - CP-310-202511-01,150300,,2025-11-10,2025-11-10,10,STRAIGHT_LINE,10019.41,0.0,CAD,ACTIVE
FA-0AD32A298D,NIG-310,CP-310-202511-01,VEHICLE,Vehicles - CP-310-202511-01,150400,,2025-11-10,2025-11-10,6,STRAIGHT_LINE,2831.57,0.0,CAD,ACTIVE
FA-8FAF9B29AF,NIG-310,CP-310-202511-01,IT,Computer hardware and software - CP-310-202511-01,150500,,2025-11-10,2025-11-10,4,STRAIGHT_LINE,1960.32,0.0,CAD,ACTIVE
FA-267CA6286D,NIG-310,CP-310-202511-01,LEASEHOLD,Leasehold improvements - CP-310-202511-01,150600,,2025-11-10,2025-11-10,8,STRAIGHT_LINE,1742.51,0.0,CAD,ACTIVE
FA-698887B4CC,NIG-310,CP-310-202512-01,BUILDING,Buildings and improvements - CP-310-202512-01,150200,,2025-12-10,2025-12-10,30,STRAIGHT_LINE,5227.52,0.0,CAD,ACTIVE
FA-96B6866CA0,NIG-310,CP-310-202512-01,PLANT,Machinery and equipment - CP-310-202512-01,150300,,2025-12-10,2025-12-10,10,STRAIGHT_LINE,10019.41,0.0,CAD,ACTIVE
FA-CFADB92340,NIG-310,CP-310-202512-01,VEHICLE,Vehicles - CP-310-202512-01,150400,,2025-12-10,2025-12-10,6,STRAIGHT_LINE,2831.57,0.0,CAD,ACTIVE
FA-77CA5F00D0,NIG-310,CP-310-202512-01,IT,Computer hardware and software - CP-310-202512-01,150500,,2025-12-10,2025-12-10,4,STRAIGHT_LINE,1960.32,0.0,CAD,ACTIVE
FA-0FEF9DE3E5,NIG-310,CP-310-202512-01,LEASEHOLD,Leasehold improvements - CP-310-202512-01,150600,,2025-12-10,2025-12-10,8,STRAIGHT_LINE,1742.51,0.0,CAD,ACTIVE
FA-39F310BF07,NIG-310,CP-310-202601-01,BUILDING,Buildings and improvements - CP-310-202601-01,150200,,2026-01-10,2026-01-10,30,STRAIGHT_LINE,16521.01,0.0,CAD,ACTIVE
FA-07B8016E65,NIG-310,CP-310-202601-01,PLANT,Machinery and equipment - CP-310-202601-01,150300,,2026-01-10,2026-01-10,10,STRAIGHT_LINE,31665.28,0.0,CAD,ACTIVE
FA-0C949D3DBC,NIG-310,CP-310-202601-01,VEHICLE,Vehicles - CP-310-202601-01,150400,,2026-01-10,2026-01-10,6,STRAIGHT_LINE,8948.88,0.0,CAD,ACTIVE
FA-BA68D479EE,NIG-310,CP-310-202601-01,IT,Computer hardware and software - CP-310-202601-01,150500,,2026-01-10,2026-01-10,4,STRAIGHT_LINE,6195.38,0.0,CAD,ACTIVE
FA-C9225F9638,NIG-310,CP-310-202601-01,LEASEHOLD,Leasehold improvements - CP-310-202601-01,150600,,2026-01-10,2026-01-10,8,STRAIGHT_LINE,5507.0,0.0,CAD,ACTIVE
FA-5530784C8F,NIG-310,CP-310-202602-01,BUILDING,Buildings and improvements - CP-310-202602-01,150200,,2026-02-10,2026-02-10,30,STRAIGHT_LINE,16521.01,0.0,CAD,ACTIVE
FA-6D1B5FE039,NIG-310,CP-310-202602-01,PLANT,Machinery and equipment - CP-310-202602-01,150300,,2026-02-10,2026-02-10,10,STRAIGHT_LINE,31665.28,0.0,CAD,ACTIVE
FA-3B6313E928,NIG-310,CP-310-202602-01,VEHICLE,Vehicles - CP-310-202602-01,150400,,2026-02-10,2026-02-10,6,STRAIGHT_LINE,8948.88,0.0,CAD,ACTIVE
FA-92C8A1C4FB,NIG-310,CP-310-202602-01,IT,Computer hardware and software - CP-310-202602-01,150500,,2026-02-10,2026-02-10,4,STRAIGHT_LINE,6195.38,0.0,CAD,ACTIVE
FA-425048FA5B,NIG-310,CP-310-202602-01,LEASEHOLD,Leasehold improvements - CP-310-202602-01,150600,,2026-02-10,2026-02-10,8,STRAIGHT_LINE,5507.0,0.0,CAD,ACTIVE
FA-08E559B77A,NIG-310,CP-310-202603-01,BUILDING,Buildings and improvements - CP-310-202603-01,150200,,2026-03-10,2026-03-10,30,STRAIGHT_LINE,16521.01,0.0,CAD,ACTIVE
FA-DD0D6962AE,NIG-310,CP-310-202603-01,PLANT,Machinery and equipment - CP-310-202603-01,150300,,2026-03-10,2026-03-10,10,STRAIGHT_LINE,31665.28,0.0,CAD,ACTIVE
FA-D0B23F2B85,NIG-310,CP-310-202603-01,VEHICLE,Vehicles - CP-310-202603-01,150400,,2026-03-10,2026-03-10,6,STRAIGHT_LINE,8948.88,0.0,CAD,ACTIVE
FA-44E1D048C0,NIG-310,CP-310-202603-01,IT,Computer hardware and software - CP-310-202603-01,150500,,2026-03-10,2026-03-10,4,STRAIGHT_LINE,6195.38,0.0,CAD,ACTIVE
FA-165EFD877C,NIG-310,CP-310-202603-01,LEASEHOLD,Leasehold improvements - CP-310-202603-01,150600,,2026-03-10,2026-03-10,8,STRAIGHT_LINE,5507.0,0.0,CAD,ACTIVE
FA-F795A77E23,NIG-310,CP-310-202604-01,BUILDING,Buildings and improvements - CP-310-202604-01,150200,,2026-04-10,2026-04-10,30,STRAIGHT_LINE,16521.01,0.0,CAD,ACTIVE
FA-5ED78264E9,NIG-310,CP-310-202604-01,PLANT,Machinery and equipment - CP-310-202604-01,150300,,2026-04-10,2026-04-10,10,STRAIGHT_LINE,31665.28,0.0,CAD,ACTIVE
FA-29F895501C,NIG-310,CP-310-202604-01,VEHICLE,Vehicles - CP-310-202604-01,150400,,2026-04-10,2026-04-10,6,STRAIGHT_LINE,8948.88,0.0,CAD,ACTIVE
FA-06B9FB113D,NIG-310,CP-310-202604-01,IT,Computer hardware and software - CP-310-202604-01,150500,,2026-04-10,2026-04-10,4,STRAIGHT_LINE,6195.38,0.0,CAD,ACTIVE
FA-AE7BE48042,NIG-310,CP-310-202604-01,LEASEHOLD,Leasehold improvements - CP-310-202604-01,150600,,2026-04-10,2026-04-10,8,STRAIGHT_LINE,5507.0,0.0,CAD,ACTIVE
FA-560A236F34,NIG-310,CP-310-202605-01,BUILDING,Buildings and improvements - CP-310-202605-01,150200,,2026-05-10,2026-05-10,30,STRAIGHT_LINE,16521.01,0.0,CAD,ACTIVE
FA-EACA4C577B,NIG-310,CP-310-202605-01,PLANT,Machinery and equipment - CP-310-202605-01,150300,,2026-05-10,2026-05-10,10,STRAIGHT_LINE,31665.28,0.0,CAD,ACTIVE
FA-C6C364A5E9,NIG-310,CP-310-202605-01,VEHICLE,Vehicles - CP-310-202605-01,150400,,2026-05-10,2026-05-10,6,STRAIGHT_LINE,8948.88,0.0,CAD,ACTIVE
FA-773F4CBC0C,NIG-310,CP-310-202605-01,IT,Computer hardware and software - CP-310-202605-01,150500,,2026-05-10,2026-05-10,4,STRAIGHT_LINE,6195.38,0.0,CAD,ACTIVE
FA-730365F1E1,NIG-310,CP-310-202605-01,LEASEHOLD,Leasehold improvements - CP-310-202605-01,150600,,2026-05-10,2026-05-10,8,STRAIGHT_LINE,5507.0,0.0,CAD,ACTIVE
FA-071776F806,NIG-310,CP-310-202606-01,BUILDING,Buildings and improvements - CP-310-202606-01,150200,,2026-06-10,2026-06-10,30,STRAIGHT_LINE,16521.01,0.0,CAD,ACTIVE
FA-225E83CAC5,NIG-310,CP-310-202606-01,PLANT,Machinery and equipment - CP-310-202606-01,150300,,2026-06-10,2026-06-10,10,STRAIGHT_LINE,31665.28,0.0,CAD,ACTIVE
FA-1111D1DB20,NIG-310,CP-310-202606-01,VEHICLE,Vehicles - CP-310-202606-01,150400,,2026-06-10,2026-06-10,6,STRAIGHT_LINE,8948.88,0.0,CAD,ACTIVE
FA-14628ABF1F,NIG-310,CP-310-202606-01,IT,Computer hardware and software - CP-310-202606-01,150500,,2026-06-10,2026-06-10,4,STRAIGHT_LINE,6195.38,0.0,CAD,ACTIVE
FA-35BAC0B1EE,NIG-310,CP-310-202606-01,LEASEHOLD,Leasehold improvements - CP-310-202606-01,150600,,2026-06-10,2026-06-10,8,STRAIGHT_LINE,5507.0,0.0,CAD,ACTIVE
FA-2B41ACAF18,NIG-310,CP-310-202607-01,BUILDING,Buildings and improvements - CP-310-202607-01,150200,,2026-07-10,2026-07-10,30,STRAIGHT_LINE,16521.01,0.0,CAD,ACTIVE
FA-97AED23176,NIG-310,CP-310-202607-01,PLANT,Machinery and equipment - CP-310-202607-01,150300,,2026-07-10,2026-07-10,10,STRAIGHT_LINE,31665.28,0.0,CAD,ACTIVE
FA-4BA946294A,NIG-310,CP-310-202607-01,VEHICLE,Vehicles - CP-310-202607-01,150400,,2026-07-10,2026-07-10,6,STRAIGHT_LINE,8948.88,0.0,CAD,ACTIVE
FA-A57B782B65,NIG-310,CP-310-202607-01,IT,Computer hardware and software - CP-310-202607-01,150500,,2026-07-10,2026-07-10,4,STRAIGHT_LINE,6195.38,0.0,CAD,ACTIVE
FA-F5ABD657CC,NIG-310,CP-310-202607-01,LEASEHOLD,Leasehold improvements - CP-310-202607-01,150600,,2026-07-10,2026-07-10,8,STRAIGHT_LINE,5507.0,0.0,CAD,ACTIVE
FA-8C6D90CD6B,NIG-310,CP-310-202608-01,BUILDING,Buildings and improvements - CP-310-202608-01,150200,,2026-08-10,2026-08-10,30,STRAIGHT_LINE,16521.01,0.0,CAD,ACTIVE
FA-294D74DBF6,NIG-310,CP-310-202608-01,PLANT,Machinery and equipment - CP-310-202608-01,150300,,2026-08-10,2026-08-10,10,STRAIGHT_LINE,31665.28,0.0,CAD,ACTIVE
FA-055181D28D,NIG-310,CP-310-202608-01,VEHICLE,Vehicles - CP-310-202608-01,150400,,2026-08-10,2026-08-10,6,STRAIGHT_LINE,8948.88,0.0,CAD,ACTIVE
FA-F61CFDFF44,NIG-310,CP-310-202608-01,IT,Computer hardware and software - CP-310-202608-01,150500,,2026-08-10,2026-08-10,4,STRAIGHT_LINE,6195.38,0.0,CAD,ACTIVE
FA-D72CCECE46,NIG-310,CP-310-202608-01,LEASEHOLD,Leasehold improvements - CP-310-202608-01,150600,,2026-08-10,2026-08-10,8,STRAIGHT_LINE,5507.0,0.0,CAD,ACTIVE
FA-4388F014AF,NIG-320,CP-320-202401-01,BUILDING,Buildings and improvements - CP-320-202401-01,150200,,2024-01-10,2024-01-10,30,STRAIGHT_LINE,20635.98,0.0,GBP,ACTIVE
FA-09605138CD,NIG-320,CP-320-202401-01,PLANT,Machinery and equipment - CP-320-202401-01,150300,,2024-01-10,2024-01-10,10,STRAIGHT_LINE,39552.3,0.0,GBP,ACTIVE
FA-D33A2631D1,NIG-320,CP-320-202401-01,VEHICLE,Vehicles - CP-320-202401-01,150400,,2024-01-10,2024-01-10,6,STRAIGHT_LINE,11177.82,0.0,GBP,ACTIVE
FA-AEF3E0D4F1,NIG-320,CP-320-202401-01,IT,Computer hardware and software - CP-320-202401-01,150500,,2024-01-10,2024-01-10,4,STRAIGHT_LINE,7738.49,0.0,GBP,ACTIVE
FA-4DA8CCBDBA,NIG-320,CP-320-202401-01,LEASEHOLD,Leasehold improvements - CP-320-202401-01,150600,,2024-01-10,2024-01-10,8,STRAIGHT_LINE,6878.66,0.0,GBP,ACTIVE
FA-C336FD400A,NIG-320,CP-320-202402-01,BUILDING,Buildings and improvements - CP-320-202402-01,150200,,2024-02-10,2024-02-10,30,STRAIGHT_LINE,20635.98,0.0,GBP,ACTIVE
FA-8A4C508239,NIG-320,CP-320-202402-01,PLANT,Machinery and equipment - CP-320-202402-01,150300,,2024-02-10,2024-02-10,10,STRAIGHT_LINE,39552.3,0.0,GBP,ACTIVE
FA-55B5F2D27D,NIG-320,CP-320-202402-01,VEHICLE,Vehicles - CP-320-202402-01,150400,,2024-02-10,2024-02-10,6,STRAIGHT_LINE,11177.82,0.0,GBP,ACTIVE
FA-3CB2C2D140,NIG-320,CP-320-202402-01,IT,Computer hardware and software - CP-320-202402-01,150500,,2024-02-10,2024-02-10,4,STRAIGHT_LINE,7738.49,0.0,GBP,ACTIVE
FA-5D3458DDFB,NIG-320,CP-320-202402-01,LEASEHOLD,Leasehold improvements - CP-320-202402-01,150600,,2024-02-10,2024-02-10,8,STRAIGHT_LINE,6878.66,0.0,GBP,ACTIVE
FA-DE7893C62B,NIG-320,CP-320-202403-01,BUILDING,Buildings and improvements - CP-320-202403-01,150200,,2024-03-10,2024-03-10,30,STRAIGHT_LINE,20635.98,0.0,GBP,ACTIVE
FA-6175BC43EC,NIG-320,CP-320-202403-01,PLANT,Machinery and equipment - CP-320-202403-01,150300,,2024-03-10,2024-03-10,10,STRAIGHT_LINE,39552.3,0.0,GBP,ACTIVE
FA-48CEDF33B3,NIG-320,CP-320-202403-01,VEHICLE,Vehicles - CP-320-202403-01,150400,,2024-03-10,2024-03-10,6,STRAIGHT_LINE,11177.82,0.0,GBP,ACTIVE
FA-73BE13406A,NIG-320,CP-320-202403-01,IT,Computer hardware and software - CP-320-202403-01,150500,,2024-03-10,2024-03-10,4,STRAIGHT_LINE,7738.49,0.0,GBP,ACTIVE
FA-F01A8719EA,NIG-320,CP-320-202403-01,LEASEHOLD,Leasehold improvements - CP-320-202403-01,150600,,2024-03-10,2024-03-10,8,STRAIGHT_LINE,6878.66,0.0,GBP,ACTIVE
FA-ED21013E9E,NIG-320,CP-320-202404-01,BUILDING,Buildings and improvements - CP-320-202404-01,150200,,2024-04-10,2024-04-10,30,STRAIGHT_LINE,20635.98,0.0,GBP,ACTIVE
FA-132F7152EE,NIG-320,CP-320-202404-01,PLANT,Machinery and equipment - CP-320-202404-01,150300,,2024-04-10,2024-04-10,10,STRAIGHT_LINE,39552.3,0.0,GBP,ACTIVE
FA-E5976A5FF2,NIG-320,CP-320-202404-01,VEHICLE,Vehicles - CP-320-202404-01,150400,,2024-04-10,2024-04-10,6,STRAIGHT_LINE,11177.82,0.0,GBP,ACTIVE
FA-A9F4537293,NIG-320,CP-320-202404-01,IT,Computer hardware and software - CP-320-202404-01,150500,,2024-04-10,2024-04-10,4,STRAIGHT_LINE,7738.49,0.0,GBP,ACTIVE
FA-A57FD91679,NIG-320,CP-320-202404-01,LEASEHOLD,Leasehold improvements - CP-320-202404-01,150600,,2024-04-10,2024-04-10,8,STRAIGHT_LINE,6878.66,0.0,GBP,ACTIVE
FA-69B341322E,NIG-320,CP-320-202405-01,BUILDING,Buildings and improvements - CP-320-202405-01,150200,,2024-05-10,2024-05-10,30,STRAIGHT_LINE,20635.98,0.0,GBP,ACTIVE
FA-A11BDB3032,NIG-320,CP-320-202405-01,PLANT,Machinery and equipment - CP-320-202405-01,150300,,2024-05-10,2024-05-10,10,STRAIGHT_LINE,39552.3,0.0,GBP,ACTIVE
FA-3FAC3D8E15,NIG-320,CP-320-202405-01,VEHICLE,Vehicles - CP-320-202405-01,150400,,2024-05-10,2024-05-10,6,STRAIGHT_LINE,11177.82,0.0,GBP,ACTIVE
FA-932B42E460,NIG-320,CP-320-202405-01,IT,Computer hardware and software - CP-320-202405-01,150500,,2024-05-10,2024-05-10,4,STRAIGHT_LINE,7738.49,0.0,GBP,ACTIVE
FA-7EF1D86C06,NIG-320,CP-320-202405-01,LEASEHOLD,Leasehold improvements - CP-320-202405-01,150600,,2024-05-10,2024-05-10,8,STRAIGHT_LINE,6878.66,0.0,GBP,ACTIVE
FA-DD8117CB63,NIG-320,CP-320-202406-01,BUILDING,Buildings and improvements - CP-320-202406-01,150200,,2024-06-10,2024-06-10,30,STRAIGHT_LINE,20635.98,0.0,GBP,ACTIVE
FA-508747C3EB,NIG-320,CP-320-202406-01,PLANT,Machinery and equipment - CP-320-202406-01,150300,,2024-06-10,2024-06-10,10,STRAIGHT_LINE,39552.3,0.0,GBP,ACTIVE
FA-2F6BDB0B5D,NIG-320,CP-320-202406-01,VEHICLE,Vehicles - CP-320-202406-01,150400,,2024-06-10,2024-06-10,6,STRAIGHT_LINE,11177.82,0.0,GBP,ACTIVE
FA-84A657C530,NIG-320,CP-320-202406-01,IT,Computer hardware and software - CP-320-202406-01,150500,,2024-06-10,2024-06-10,4,STRAIGHT_LINE,7738.49,0.0,GBP,ACTIVE
FA-6612FA791A,NIG-320,CP-320-202406-01,LEASEHOLD,Leasehold improvements - CP-320-202406-01,150600,,2024-06-10,2024-06-10,8,STRAIGHT_LINE,6878.66,0.0,GBP,ACTIVE
FA-67455D3D49,NIG-320,CP-320-202407-01,BUILDING,Buildings and improvements - CP-320-202407-01,150200,,2024-07-10,2024-07-10,30,STRAIGHT_LINE,20635.98,0.0,GBP,ACTIVE
FA-38A4EC231A,NIG-320,CP-320-202407-01,PLANT,Machinery and equipment - CP-320-202407-01,150300,,2024-07-10,2024-07-10,10,STRAIGHT_LINE,39552.3,0.0,GBP,ACTIVE
FA-56C5E90C3B,NIG-320,CP-320-202407-01,VEHICLE,Vehicles - CP-320-202407-01,150400,,2024-07-10,2024-07-10,6,STRAIGHT_LINE,11177.82,0.0,GBP,ACTIVE
FA-D3AE77A1EF,NIG-320,CP-320-202407-01,IT,Computer hardware and software - CP-320-202407-01,150500,,2024-07-10,2024-07-10,4,STRAIGHT_LINE,7738.49,0.0,GBP,ACTIVE
FA-C1A3D98695,NIG-320,CP-320-202407-01,LEASEHOLD,Leasehold improvements - CP-320-202407-01,150600,,2024-07-10,2024-07-10,8,STRAIGHT_LINE,6878.66,0.0,GBP,ACTIVE
FA-A6251389A2,NIG-320,CP-320-202408-01,BUILDING,Buildings and improvements - CP-320-202408-01,150200,,2024-08-10,2024-08-10,30,STRAIGHT_LINE,20635.98,0.0,GBP,ACTIVE
FA-8618D649F4,NIG-320,CP-320-202408-01,PLANT,Machinery and equipment - CP-320-202408-01,150300,,2024-08-10,2024-08-10,10,STRAIGHT_LINE,39552.3,0.0,GBP,ACTIVE
FA-C11FBF7668,NIG-320,CP-320-202408-01,VEHICLE,Vehicles - CP-320-202408-01,150400,,2024-08-10,2024-08-10,6,STRAIGHT_LINE,11177.82,0.0,GBP,ACTIVE
FA-73E70BC08A,NIG-320,CP-320-202408-01,IT,Computer hardware and software - CP-320-202408-01,150500,,2024-08-10,2024-08-10,4,STRAIGHT_LINE,7738.49,0.0,GBP,ACTIVE
FA-99764891B5,NIG-320,CP-320-202408-01,LEASEHOLD,Leasehold improvements - CP-320-202408-01,150600,,2024-08-10,2024-08-10,8,STRAIGHT_LINE,6878.66,0.0,GBP,ACTIVE
FA-89DA6A8705,NIG-320,CP-320-202409-01,BUILDING,Buildings and improvements - CP-320-202409-01,150200,,2024-09-10,2024-09-10,30,STRAIGHT_LINE,20635.98,0.0,GBP,ACTIVE
FA-0085D825B2,NIG-320,CP-320-202409-01,PLANT,Machinery and equipment - CP-320-202409-01,150300,,2024-09-10,2024-09-10,10,STRAIGHT_LINE,39552.3,0.0,GBP,ACTIVE
FA-F17C8FC3DC,NIG-320,CP-320-202409-01,VEHICLE,Vehicles - CP-320-202409-01,150400,,2024-09-10,2024-09-10,6,STRAIGHT_LINE,11177.82,0.0,GBP,ACTIVE
FA-48A3B66D06,NIG-320,CP-320-202409-01,IT,Computer hardware and software - CP-320-202409-01,150500,,2024-09-10,2024-09-10,4,STRAIGHT_LINE,7738.49,0.0,GBP,ACTIVE
FA-D2386F1B0C,NIG-320,CP-320-202409-01,LEASEHOLD,Leasehold improvements - CP-320-202409-01,150600,,2024-09-10,2024-09-10,8,STRAIGHT_LINE,6878.66,0.0,GBP,ACTIVE
FA-6386A248EE,NIG-320,CP-320-202410-01,BUILDING,Buildings and improvements - CP-320-202410-01,150200,,2024-10-10,2024-10-10,30,STRAIGHT_LINE,20635.98,0.0,GBP,ACTIVE
FA-41475DCA68,NIG-320,CP-320-202410-01,PLANT,Machinery and equipment - CP-320-202410-01,150300,,2024-10-10,2024-10-10,10,STRAIGHT_LINE,39552.3,0.0,GBP,ACTIVE
FA-6237E79E67,NIG-320,CP-320-202410-01,VEHICLE,Vehicles - CP-320-202410-01,150400,,2024-10-10,2024-10-10,6,STRAIGHT_LINE,11177.82,0.0,GBP,ACTIVE
FA-CE7A77A594,NIG-320,CP-320-202410-01,IT,Computer hardware and software - CP-320-202410-01,150500,,2024-10-10,2024-10-10,4,STRAIGHT_LINE,7738.49,0.0,GBP,ACTIVE
FA-6CC5994C9D,NIG-320,CP-320-202410-01,LEASEHOLD,Leasehold improvements - CP-320-202410-01,150600,,2024-10-10,2024-10-10,8,STRAIGHT_LINE,6878.66,0.0,GBP,ACTIVE
FA-7A69717C8F,NIG-320,CP-320-202411-01,BUILDING,Buildings and improvements - CP-320-202411-01,150200,,2024-11-10,2024-11-10,30,STRAIGHT_LINE,20635.98,0.0,GBP,ACTIVE
FA-E7A195D215,NIG-320,CP-320-202411-01,PLANT,Machinery and equipment - CP-320-202411-01,150300,,2024-11-10,2024-11-10,10,STRAIGHT_LINE,39552.3,0.0,GBP,ACTIVE
FA-C3D70D19A1,NIG-320,CP-320-202411-01,VEHICLE,Vehicles - CP-320-202411-01,150400,,2024-11-10,2024-11-10,6,STRAIGHT_LINE,11177.82,0.0,GBP,ACTIVE
FA-055E75B1DA,NIG-320,CP-320-202411-01,IT,Computer hardware and software - CP-320-202411-01,150500,,2024-11-10,2024-11-10,4,STRAIGHT_LINE,7738.49,0.0,GBP,ACTIVE
FA-BF4AB7703A,NIG-320,CP-320-202411-01,LEASEHOLD,Leasehold improvements - CP-320-202411-01,150600,,2024-11-10,2024-11-10,8,STRAIGHT_LINE,6878.66,0.0,GBP,ACTIVE
FA-47F89C547B,NIG-320,CP-320-202412-01,BUILDING,Buildings and improvements - CP-320-202412-01,150200,,2024-12-10,2024-12-10,30,STRAIGHT_LINE,20635.98,0.0,GBP,ACTIVE
FA-8B508BDA69,NIG-320,CP-320-202412-01,PLANT,Machinery and equipment - CP-320-202412-01,150300,,2024-12-10,2024-12-10,10,STRAIGHT_LINE,39552.3,0.0,GBP,ACTIVE
FA-78ACC82839,NIG-320,CP-320-202412-01,VEHICLE,Vehicles - CP-320-202412-01,150400,,2024-12-10,2024-12-10,6,STRAIGHT_LINE,11177.82,0.0,GBP,ACTIVE
FA-A297E36A10,NIG-320,CP-320-202412-01,IT,Computer hardware and software - CP-320-202412-01,150500,,2024-12-10,2024-12-10,4,STRAIGHT_LINE,7738.49,0.0,GBP,ACTIVE
FA-54BD6BC727,NIG-320,CP-320-202412-01,LEASEHOLD,Leasehold improvements - CP-320-202412-01,150600,,2024-12-10,2024-12-10,8,STRAIGHT_LINE,6878.66,0.0,GBP,ACTIVE
FA-29A9B367BE,NIG-320,CP-320-202501-01,BUILDING,Buildings and improvements - CP-320-202501-01,150200,,2025-01-10,2025-01-10,30,STRAIGHT_LINE,3578.53,0.0,GBP,ACTIVE
FA-8D8140F547,NIG-320,CP-320-202501-01,PLANT,Machinery and equipment - CP-320-202501-01,150300,,2025-01-10,2025-01-10,10,STRAIGHT_LINE,6858.85,0.0,GBP,ACTIVE
FA-908CB7B7F1,NIG-320,CP-320-202501-01,VEHICLE,Vehicles - CP-320-202501-01,150400,,2025-01-10,2025-01-10,6,STRAIGHT_LINE,1938.37,0.0,GBP,ACTIVE
FA-2F0DA2FEAE,NIG-320,CP-320-202501-01,IT,Computer hardware and software - CP-320-202501-01,150500,,2025-01-10,2025-01-10,4,STRAIGHT_LINE,1341.95,0.0,GBP,ACTIVE
FA-63E626AB72,NIG-320,CP-320-202501-01,LEASEHOLD,Leasehold improvements - CP-320-202501-01,150600,,2025-01-10,2025-01-10,8,STRAIGHT_LINE,1192.84,0.0,GBP,ACTIVE
FA-A044D821D9,NIG-320,CP-320-202502-01,BUILDING,Buildings and improvements - CP-320-202502-01,150200,,2025-02-10,2025-02-10,30,STRAIGHT_LINE,3578.53,0.0,GBP,ACTIVE
FA-CE528B2846,NIG-320,CP-320-202502-01,PLANT,Machinery and equipment - CP-320-202502-01,150300,,2025-02-10,2025-02-10,10,STRAIGHT_LINE,6858.85,0.0,GBP,ACTIVE
FA-96CE5A7D39,NIG-320,CP-320-202502-01,VEHICLE,Vehicles - CP-320-202502-01,150400,,2025-02-10,2025-02-10,6,STRAIGHT_LINE,1938.37,0.0,GBP,ACTIVE
FA-163FF9D624,NIG-320,CP-320-202502-01,IT,Computer hardware and software - CP-320-202502-01,150500,,2025-02-10,2025-02-10,4,STRAIGHT_LINE,1341.95,0.0,GBP,ACTIVE
FA-4A3DA3A056,NIG-320,CP-320-202502-01,LEASEHOLD,Leasehold improvements - CP-320-202502-01,150600,,2025-02-10,2025-02-10,8,STRAIGHT_LINE,1192.84,0.0,GBP,ACTIVE
FA-4487593F9A,NIG-320,CP-320-202503-01,BUILDING,Buildings and improvements - CP-320-202503-01,150200,,2025-03-10,2025-03-10,30,STRAIGHT_LINE,3578.53,0.0,GBP,ACTIVE
FA-3A81A92A45,NIG-320,CP-320-202503-01,PLANT,Machinery and equipment - CP-320-202503-01,150300,,2025-03-10,2025-03-10,10,STRAIGHT_LINE,6858.85,0.0,GBP,ACTIVE
FA-FD048D3E70,NIG-320,CP-320-202503-01,VEHICLE,Vehicles - CP-320-202503-01,150400,,2025-03-10,2025-03-10,6,STRAIGHT_LINE,1938.37,0.0,GBP,ACTIVE
FA-6B30C17584,NIG-320,CP-320-202503-01,IT,Computer hardware and software - CP-320-202503-01,150500,,2025-03-10,2025-03-10,4,STRAIGHT_LINE,1341.95,0.0,GBP,ACTIVE
FA-8AB0A6FA64,NIG-320,CP-320-202503-01,LEASEHOLD,Leasehold improvements - CP-320-202503-01,150600,,2025-03-10,2025-03-10,8,STRAIGHT_LINE,1192.84,0.0,GBP,ACTIVE
FA-3A77B8A902,NIG-320,CP-320-202504-01,BUILDING,Buildings and improvements - CP-320-202504-01,150200,,2025-04-10,2025-04-10,30,STRAIGHT_LINE,3578.53,0.0,GBP,ACTIVE
FA-27E09C1837,NIG-320,CP-320-202504-01,PLANT,Machinery and equipment - CP-320-202504-01,150300,,2025-04-10,2025-04-10,10,STRAIGHT_LINE,6858.85,0.0,GBP,ACTIVE
FA-E8779FE3B0,NIG-320,CP-320-202504-01,VEHICLE,Vehicles - CP-320-202504-01,150400,,2025-04-10,2025-04-10,6,STRAIGHT_LINE,1938.37,0.0,GBP,ACTIVE
FA-D1D8642D61,NIG-320,CP-320-202504-01,IT,Computer hardware and software - CP-320-202504-01,150500,,2025-04-10,2025-04-10,4,STRAIGHT_LINE,1341.95,0.0,GBP,ACTIVE
FA-007C8FE2F1,NIG-320,CP-320-202504-01,LEASEHOLD,Leasehold improvements - CP-320-202504-01,150600,,2025-04-10,2025-04-10,8,STRAIGHT_LINE,1192.84,0.0,GBP,ACTIVE
FA-96D97C2C28,NIG-320,CP-320-202505-01,BUILDING,Buildings and improvements - CP-320-202505-01,150200,,2025-05-10,2025-05-10,30,STRAIGHT_LINE,3578.53,0.0,GBP,ACTIVE
FA-19E5DC1A66,NIG-320,CP-320-202505-01,PLANT,Machinery and equipment - CP-320-202505-01,150300,,2025-05-10,2025-05-10,10,STRAIGHT_LINE,6858.85,0.0,GBP,ACTIVE
FA-CDC4B1B885,NIG-320,CP-320-202505-01,VEHICLE,Vehicles - CP-320-202505-01,150400,,2025-05-10,2025-05-10,6,STRAIGHT_LINE,1938.37,0.0,GBP,ACTIVE
FA-1251CABA46,NIG-320,CP-320-202505-01,IT,Computer hardware and software - CP-320-202505-01,150500,,2025-05-10,2025-05-10,4,STRAIGHT_LINE,1341.95,0.0,GBP,ACTIVE
FA-8A144DF629,NIG-320,CP-320-202505-01,LEASEHOLD,Leasehold improvements - CP-320-202505-01,150600,,2025-05-10,2025-05-10,8,STRAIGHT_LINE,1192.84,0.0,GBP,ACTIVE
FA-9EDA444509,NIG-320,CP-320-202506-01,BUILDING,Buildings and improvements - CP-320-202506-01,150200,,2025-06-10,2025-06-10,30,STRAIGHT_LINE,3578.53,0.0,GBP,ACTIVE
FA-20DE896BAF,NIG-320,CP-320-202506-01,PLANT,Machinery and equipment - CP-320-202506-01,150300,,2025-06-10,2025-06-10,10,STRAIGHT_LINE,6858.85,0.0,GBP,ACTIVE
FA-02836FDAE9,NIG-320,CP-320-202506-01,VEHICLE,Vehicles - CP-320-202506-01,150400,,2025-06-10,2025-06-10,6,STRAIGHT_LINE,1938.37,0.0,GBP,ACTIVE
FA-B809C61F42,NIG-320,CP-320-202506-01,IT,Computer hardware and software - CP-320-202506-01,150500,,2025-06-10,2025-06-10,4,STRAIGHT_LINE,1341.95,0.0,GBP,ACTIVE
FA-1BA07C1287,NIG-320,CP-320-202506-01,LEASEHOLD,Leasehold improvements - CP-320-202506-01,150600,,2025-06-10,2025-06-10,8,STRAIGHT_LINE,1192.84,0.0,GBP,ACTIVE
FA-13AF269776,NIG-320,CP-320-202507-01,BUILDING,Buildings and improvements - CP-320-202507-01,150200,,2025-07-10,2025-07-10,30,STRAIGHT_LINE,3578.53,0.0,GBP,ACTIVE
FA-62508ECF98,NIG-320,CP-320-202507-01,PLANT,Machinery and equipment - CP-320-202507-01,150300,,2025-07-10,2025-07-10,10,STRAIGHT_LINE,6858.85,0.0,GBP,ACTIVE
FA-D79A176B01,NIG-320,CP-320-202507-01,VEHICLE,Vehicles - CP-320-202507-01,150400,,2025-07-10,2025-07-10,6,STRAIGHT_LINE,1938.37,0.0,GBP,ACTIVE
FA-F754D1981F,NIG-320,CP-320-202507-01,IT,Computer hardware and software - CP-320-202507-01,150500,,2025-07-10,2025-07-10,4,STRAIGHT_LINE,1341.95,0.0,GBP,ACTIVE
FA-D3E00FE19A,NIG-320,CP-320-202507-01,LEASEHOLD,Leasehold improvements - CP-320-202507-01,150600,,2025-07-10,2025-07-10,8,STRAIGHT_LINE,1192.84,0.0,GBP,ACTIVE
FA-E14FBDC6B8,NIG-320,CP-320-202508-01,BUILDING,Buildings and improvements - CP-320-202508-01,150200,,2025-08-10,2025-08-10,30,STRAIGHT_LINE,3578.53,0.0,GBP,ACTIVE
FA-698CAE9A41,NIG-320,CP-320-202508-01,PLANT,Machinery and equipment - CP-320-202508-01,150300,,2025-08-10,2025-08-10,10,STRAIGHT_LINE,6858.85,0.0,GBP,ACTIVE
FA-688FC9FCED,NIG-320,CP-320-202508-01,VEHICLE,Vehicles - CP-320-202508-01,150400,,2025-08-10,2025-08-10,6,STRAIGHT_LINE,1938.37,0.0,GBP,ACTIVE
FA-89BC668327,NIG-320,CP-320-202508-01,IT,Computer hardware and software - CP-320-202508-01,150500,,2025-08-10,2025-08-10,4,STRAIGHT_LINE,1341.95,0.0,GBP,ACTIVE
FA-E0D79BB2C1,NIG-320,CP-320-202508-01,LEASEHOLD,Leasehold improvements - CP-320-202508-01,150600,,2025-08-10,2025-08-10,8,STRAIGHT_LINE,1192.84,0.0,GBP,ACTIVE
FA-441247BD06,NIG-320,CP-320-202509-01,BUILDING,Buildings and improvements - CP-320-202509-01,150200,,2025-09-10,2025-09-10,30,STRAIGHT_LINE,3578.53,0.0,GBP,ACTIVE
FA-E1FB66C666,NIG-320,CP-320-202509-01,PLANT,Machinery and equipment - CP-320-202509-01,150300,,2025-09-10,2025-09-10,10,STRAIGHT_LINE,6858.85,0.0,GBP,ACTIVE
FA-D1FFC5EA5F,NIG-320,CP-320-202509-01,VEHICLE,Vehicles - CP-320-202509-01,150400,,2025-09-10,2025-09-10,6,STRAIGHT_LINE,1938.37,0.0,GBP,ACTIVE
FA-8181C509D4,NIG-320,CP-320-202509-01,IT,Computer hardware and software - CP-320-202509-01,150500,,2025-09-10,2025-09-10,4,STRAIGHT_LINE,1341.95,0.0,GBP,ACTIVE
FA-DF5AE4ACEA,NIG-320,CP-320-202509-01,LEASEHOLD,Leasehold improvements - CP-320-202509-01,150600,,2025-09-10,2025-09-10,8,STRAIGHT_LINE,1192.84,0.0,GBP,ACTIVE
FA-4FA11870A8,NIG-320,CP-320-202510-01,BUILDING,Buildings and improvements - CP-320-202510-01,150200,,2025-10-10,2025-10-10,30,STRAIGHT_LINE,3578.53,0.0,GBP,ACTIVE
FA-4940E60462,NIG-320,CP-320-202510-01,PLANT,Machinery and equipment - CP-320-202510-01,150300,,2025-10-10,2025-10-10,10,STRAIGHT_LINE,6858.85,0.0,GBP,ACTIVE
FA-ED5816A386,NIG-320,CP-320-202510-01,VEHICLE,Vehicles - CP-320-202510-01,150400,,2025-10-10,2025-10-10,6,STRAIGHT_LINE,1938.37,0.0,GBP,ACTIVE
FA-0B84B05247,NIG-320,CP-320-202510-01,IT,Computer hardware and software - CP-320-202510-01,150500,,2025-10-10,2025-10-10,4,STRAIGHT_LINE,1341.95,0.0,GBP,ACTIVE
FA-C4D3312C99,NIG-320,CP-320-202510-01,LEASEHOLD,Leasehold improvements - CP-320-202510-01,150600,,2025-10-10,2025-10-10,8,STRAIGHT_LINE,1192.84,0.0,GBP,ACTIVE
FA-A889B94FBE,NIG-320,CP-320-202511-01,BUILDING,Buildings and improvements - CP-320-202511-01,150200,,2025-11-10,2025-11-10,30,STRAIGHT_LINE,3578.53,0.0,GBP,ACTIVE
FA-E4B9B4CA9C,NIG-320,CP-320-202511-01,PLANT,Machinery and equipment - CP-320-202511-01,150300,,2025-11-10,2025-11-10,10,STRAIGHT_LINE,6858.85,0.0,GBP,ACTIVE
FA-1B9F8EF2D6,NIG-320,CP-320-202511-01,VEHICLE,Vehicles - CP-320-202511-01,150400,,2025-11-10,2025-11-10,6,STRAIGHT_LINE,1938.37,0.0,GBP,ACTIVE
FA-355AB9EAD4,NIG-320,CP-320-202511-01,IT,Computer hardware and software - CP-320-202511-01,150500,,2025-11-10,2025-11-10,4,STRAIGHT_LINE,1341.95,0.0,GBP,ACTIVE
FA-75813AF538,NIG-320,CP-320-202511-01,LEASEHOLD,Leasehold improvements - CP-320-202511-01,150600,,2025-11-10,2025-11-10,8,STRAIGHT_LINE,1192.84,0.0,GBP,ACTIVE
FA-0EED8DADE3,NIG-320,CP-320-202512-01,BUILDING,Buildings and improvements - CP-320-202512-01,150200,,2025-12-10,2025-12-10,30,STRAIGHT_LINE,3578.53,0.0,GBP,ACTIVE
FA-725658178E,NIG-320,CP-320-202512-01,PLANT,Machinery and equipment - CP-320-202512-01,150300,,2025-12-10,2025-12-10,10,STRAIGHT_LINE,6858.85,0.0,GBP,ACTIVE
FA-62EE49496F,NIG-320,CP-320-202512-01,VEHICLE,Vehicles - CP-320-202512-01,150400,,2025-12-10,2025-12-10,6,STRAIGHT_LINE,1938.37,0.0,GBP,ACTIVE
FA-504D7868CA,NIG-320,CP-320-202512-01,IT,Computer hardware and software - CP-320-202512-01,150500,,2025-12-10,2025-12-10,4,STRAIGHT_LINE,1341.95,0.0,GBP,ACTIVE
FA-A93759C597,NIG-320,CP-320-202512-01,LEASEHOLD,Leasehold improvements - CP-320-202512-01,150600,,2025-12-10,2025-12-10,8,STRAIGHT_LINE,1192.84,0.0,GBP,ACTIVE
FA-BC21F2B33B,NIG-320,CP-320-202601-01,BUILDING,Buildings and improvements - CP-320-202601-01,150200,,2026-01-10,2026-01-10,30,STRAIGHT_LINE,13086.34,0.0,GBP,ACTIVE
FA-3EDC89D109,NIG-320,CP-320-202601-01,PLANT,Machinery and equipment - CP-320-202601-01,150300,,2026-01-10,2026-01-10,10,STRAIGHT_LINE,25082.15,0.0,GBP,ACTIVE
FA-04767E6258,NIG-320,CP-320-202601-01,VEHICLE,Vehicles - CP-320-202601-01,150400,,2026-01-10,2026-01-10,6,STRAIGHT_LINE,7088.43,0.0,GBP,ACTIVE
FA-12E905E1E4,NIG-320,CP-320-202601-01,IT,Computer hardware and software - CP-320-202601-01,150500,,2026-01-10,2026-01-10,4,STRAIGHT_LINE,4907.38,0.0,GBP,ACTIVE
FA-061B6201E6,NIG-320,CP-320-202601-01,LEASEHOLD,Leasehold improvements - CP-320-202601-01,150600,,2026-01-10,2026-01-10,8,STRAIGHT_LINE,4362.11,0.0,GBP,ACTIVE
FA-8E85C8D787,NIG-320,CP-320-202602-01,BUILDING,Buildings and improvements - CP-320-202602-01,150200,,2026-02-10,2026-02-10,30,STRAIGHT_LINE,13086.34,0.0,GBP,ACTIVE
FA-63DB00CA1C,NIG-320,CP-320-202602-01,PLANT,Machinery and equipment - CP-320-202602-01,150300,,2026-02-10,2026-02-10,10,STRAIGHT_LINE,25082.15,0.0,GBP,ACTIVE
FA-84D7E883BF,NIG-320,CP-320-202602-01,VEHICLE,Vehicles - CP-320-202602-01,150400,,2026-02-10,2026-02-10,6,STRAIGHT_LINE,7088.43,0.0,GBP,ACTIVE
FA-B2FD092ECD,NIG-320,CP-320-202602-01,IT,Computer hardware and software - CP-320-202602-01,150500,,2026-02-10,2026-02-10,4,STRAIGHT_LINE,4907.38,0.0,GBP,ACTIVE
FA-506EA847DB,NIG-320,CP-320-202602-01,LEASEHOLD,Leasehold improvements - CP-320-202602-01,150600,,2026-02-10,2026-02-10,8,STRAIGHT_LINE,4362.11,0.0,GBP,ACTIVE
FA-CF931AF47C,NIG-320,CP-320-202603-01,BUILDING,Buildings and improvements - CP-320-202603-01,150200,,2026-03-10,2026-03-10,30,STRAIGHT_LINE,13086.34,0.0,GBP,ACTIVE
FA-4B4658B02E,NIG-320,CP-320-202603-01,PLANT,Machinery and equipment - CP-320-202603-01,150300,,2026-03-10,2026-03-10,10,STRAIGHT_LINE,25082.15,0.0,GBP,ACTIVE
FA-0DC80AB170,NIG-320,CP-320-202603-01,VEHICLE,Vehicles - CP-320-202603-01,150400,,2026-03-10,2026-03-10,6,STRAIGHT_LINE,7088.43,0.0,GBP,ACTIVE
FA-359E7D4705,NIG-320,CP-320-202603-01,IT,Computer hardware and software - CP-320-202603-01,150500,,2026-03-10,2026-03-10,4,STRAIGHT_LINE,4907.38,0.0,GBP,ACTIVE
FA-34228B999F,NIG-320,CP-320-202603-01,LEASEHOLD,Leasehold improvements - CP-320-202603-01,150600,,2026-03-10,2026-03-10,8,STRAIGHT_LINE,4362.11,0.0,GBP,ACTIVE
FA-53E55045AE,NIG-320,CP-320-202604-01,BUILDING,Buildings and improvements - CP-320-202604-01,150200,,2026-04-10,2026-04-10,30,STRAIGHT_LINE,13086.34,0.0,GBP,ACTIVE
FA-7D3927048D,NIG-320,CP-320-202604-01,PLANT,Machinery and equipment - CP-320-202604-01,150300,,2026-04-10,2026-04-10,10,STRAIGHT_LINE,25082.15,0.0,GBP,ACTIVE
FA-F27F7BAAF2,NIG-320,CP-320-202604-01,VEHICLE,Vehicles - CP-320-202604-01,150400,,2026-04-10,2026-04-10,6,STRAIGHT_LINE,7088.43,0.0,GBP,ACTIVE
FA-8FA0B4442A,NIG-320,CP-320-202604-01,IT,Computer hardware and software - CP-320-202604-01,150500,,2026-04-10,2026-04-10,4,STRAIGHT_LINE,4907.38,0.0,GBP,ACTIVE
FA-46E33A3C84,NIG-320,CP-320-202604-01,LEASEHOLD,Leasehold improvements - CP-320-202604-01,150600,,2026-04-10,2026-04-10,8,STRAIGHT_LINE,4362.11,0.0,GBP,ACTIVE
FA-0C21077E26,NIG-320,CP-320-202605-01,BUILDING,Buildings and improvements - CP-320-202605-01,150200,,2026-05-10,2026-05-10,30,STRAIGHT_LINE,13086.34,0.0,GBP,ACTIVE
FA-6472CFD95D,NIG-320,CP-320-202605-01,PLANT,Machinery and equipment - CP-320-202605-01,150300,,2026-05-10,2026-05-10,10,STRAIGHT_LINE,25082.15,0.0,GBP,ACTIVE
FA-9165148240,NIG-320,CP-320-202605-01,VEHICLE,Vehicles - CP-320-202605-01,150400,,2026-05-10,2026-05-10,6,STRAIGHT_LINE,7088.43,0.0,GBP,ACTIVE
FA-5370FC8204,NIG-320,CP-320-202605-01,IT,Computer hardware and software - CP-320-202605-01,150500,,2026-05-10,2026-05-10,4,STRAIGHT_LINE,4907.38,0.0,GBP,ACTIVE
FA-AA4946065F,NIG-320,CP-320-202605-01,LEASEHOLD,Leasehold improvements - CP-320-202605-01,150600,,2026-05-10,2026-05-10,8,STRAIGHT_LINE,4362.11,0.0,GBP,ACTIVE
FA-2D2E08B5BC,NIG-320,CP-320-202606-01,BUILDING,Buildings and improvements - CP-320-202606-01,150200,,2026-06-10,2026-06-10,30,STRAIGHT_LINE,13086.34,0.0,GBP,ACTIVE
FA-DC10F29F05,NIG-320,CP-320-202606-01,PLANT,Machinery and equipment - CP-320-202606-01,150300,,2026-06-10,2026-06-10,10,STRAIGHT_LINE,25082.15,0.0,GBP,ACTIVE
FA-4414573254,NIG-320,CP-320-202606-01,VEHICLE,Vehicles - CP-320-202606-01,150400,,2026-06-10,2026-06-10,6,STRAIGHT_LINE,7088.43,0.0,GBP,ACTIVE
FA-E8971E5E48,NIG-320,CP-320-202606-01,IT,Computer hardware and software - CP-320-202606-01,150500,,2026-06-10,2026-06-10,4,STRAIGHT_LINE,4907.38,0.0,GBP,ACTIVE
FA-3A94F6D309,NIG-320,CP-320-202606-01,LEASEHOLD,Leasehold improvements - CP-320-202606-01,150600,,2026-06-10,2026-06-10,8,STRAIGHT_LINE,4362.11,0.0,GBP,ACTIVE
FA-C7DBEE60E5,NIG-320,CP-320-202607-01,BUILDING,Buildings and improvements - CP-320-202607-01,150200,,2026-07-10,2026-07-10,30,STRAIGHT_LINE,13086.34,0.0,GBP,ACTIVE
FA-7AFBC34BB8,NIG-320,CP-320-202607-01,PLANT,Machinery and equipment - CP-320-202607-01,150300,,2026-07-10,2026-07-10,10,STRAIGHT_LINE,25082.15,0.0,GBP,ACTIVE
FA-40D737FAC8,NIG-320,CP-320-202607-01,VEHICLE,Vehicles - CP-320-202607-01,150400,,2026-07-10,2026-07-10,6,STRAIGHT_LINE,7088.43,0.0,GBP,ACTIVE
FA-3193465D48,NIG-320,CP-320-202607-01,IT,Computer hardware and software - CP-320-202607-01,150500,,2026-07-10,2026-07-10,4,STRAIGHT_LINE,4907.38,0.0,GBP,ACTIVE
FA-10FC25CFF8,NIG-320,CP-320-202607-01,LEASEHOLD,Leasehold improvements - CP-320-202607-01,150600,,2026-07-10,2026-07-10,8,STRAIGHT_LINE,4362.11,0.0,GBP,ACTIVE
FA-6A24626842,NIG-320,CP-320-202608-01,BUILDING,Buildings and improvements - CP-320-202608-01,150200,,2026-08-10,2026-08-10,30,STRAIGHT_LINE,13086.34,0.0,GBP,ACTIVE
FA-68FE239031,NIG-320,CP-320-202608-01,PLANT,Machinery and equipment - CP-320-202608-01,150300,,2026-08-10,2026-08-10,10,STRAIGHT_LINE,25082.15,0.0,GBP,ACTIVE
FA-D13E335AD7,NIG-320,CP-320-202608-01,VEHICLE,Vehicles - CP-320-202608-01,150400,,2026-08-10,2026-08-10,6,STRAIGHT_LINE,7088.43,0.0,GBP,ACTIVE
FA-1CB282CA34,NIG-320,CP-320-202608-01,IT,Computer hardware and software - CP-320-202608-01,150500,,2026-08-10,2026-08-10,4,STRAIGHT_LINE,4907.38,0.0,GBP,ACTIVE
FA-4A4FD2B974,NIG-320,CP-320-202608-01,LEASEHOLD,Leasehold improvements - CP-320-202608-01,150600,,2026-08-10,2026-08-10,8,STRAIGHT_LINE,4362.11,0.0,GBP,ACTIVE
FA-E39F2E306D,NIG-400,CP-400-202301-01,BUILDING,Buildings and improvements - CP-400-202301-01,150200,,2023-01-10,2023-01-10,30,STRAIGHT_LINE,11469.94,0.0,USD,ACTIVE
FA-E293891246,NIG-400,CP-400-202301-01,PLANT,Machinery and equipment - CP-400-202301-01,150300,,2023-01-10,2023-01-10,10,STRAIGHT_LINE,21984.04,0.0,USD,ACTIVE
FA-7BA3D8F38F,NIG-400,CP-400-202301-01,VEHICLE,Vehicles - CP-400-202301-01,150400,,2023-01-10,2023-01-10,6,STRAIGHT_LINE,6212.88,0.0,USD,ACTIVE
FA-E0A79E9584,NIG-400,CP-400-202301-01,IT,Computer hardware and software - CP-400-202301-01,150500,,2023-01-10,2023-01-10,4,STRAIGHT_LINE,4301.23,0.0,USD,ACTIVE
FA-793394BA33,NIG-400,CP-400-202301-01,LEASEHOLD,Leasehold improvements - CP-400-202301-01,150600,,2023-01-10,2023-01-10,8,STRAIGHT_LINE,3823.31,0.0,USD,ACTIVE
FA-9C79709DF0,NIG-400,CP-400-202302-01,BUILDING,Buildings and improvements - CP-400-202302-01,150200,,2023-02-10,2023-02-10,30,STRAIGHT_LINE,11469.94,0.0,USD,ACTIVE
FA-9975D3BB3B,NIG-400,CP-400-202302-01,PLANT,Machinery and equipment - CP-400-202302-01,150300,,2023-02-10,2023-02-10,10,STRAIGHT_LINE,21984.04,0.0,USD,ACTIVE
FA-275E12A2EC,NIG-400,CP-400-202302-01,VEHICLE,Vehicles - CP-400-202302-01,150400,,2023-02-10,2023-02-10,6,STRAIGHT_LINE,6212.88,0.0,USD,ACTIVE
FA-47948FF4A4,NIG-400,CP-400-202302-01,IT,Computer hardware and software - CP-400-202302-01,150500,,2023-02-10,2023-02-10,4,STRAIGHT_LINE,4301.23,0.0,USD,ACTIVE
FA-AA41DEFD92,NIG-400,CP-400-202302-01,LEASEHOLD,Leasehold improvements - CP-400-202302-01,150600,,2023-02-10,2023-02-10,8,STRAIGHT_LINE,3823.31,0.0,USD,ACTIVE
FA-8E3316800E,NIG-400,CP-400-202303-01,BUILDING,Buildings and improvements - CP-400-202303-01,150200,,2023-03-10,2023-03-10,30,STRAIGHT_LINE,11469.94,0.0,USD,ACTIVE
FA-78CE11F572,NIG-400,CP-400-202303-01,PLANT,Machinery and equipment - CP-400-202303-01,150300,,2023-03-10,2023-03-10,10,STRAIGHT_LINE,21984.04,0.0,USD,ACTIVE
FA-435529F59B,NIG-400,CP-400-202303-01,VEHICLE,Vehicles - CP-400-202303-01,150400,,2023-03-10,2023-03-10,6,STRAIGHT_LINE,6212.88,0.0,USD,ACTIVE
FA-F1B9F0813D,NIG-400,CP-400-202303-01,IT,Computer hardware and software - CP-400-202303-01,150500,,2023-03-10,2023-03-10,4,STRAIGHT_LINE,4301.23,0.0,USD,ACTIVE
FA-A1205FCDD8,NIG-400,CP-400-202303-01,LEASEHOLD,Leasehold improvements - CP-400-202303-01,150600,,2023-03-10,2023-03-10,8,STRAIGHT_LINE,3823.31,0.0,USD,ACTIVE
FA-9652B74D0A,NIG-400,CP-400-202304-01,BUILDING,Buildings and improvements - CP-400-202304-01,150200,,2023-04-10,2023-04-10,30,STRAIGHT_LINE,11469.94,0.0,USD,ACTIVE
FA-AF437013DA,NIG-400,CP-400-202304-01,PLANT,Machinery and equipment - CP-400-202304-01,150300,,2023-04-10,2023-04-10,10,STRAIGHT_LINE,21984.04,0.0,USD,ACTIVE
FA-2924474E3F,NIG-400,CP-400-202304-01,VEHICLE,Vehicles - CP-400-202304-01,150400,,2023-04-10,2023-04-10,6,STRAIGHT_LINE,6212.88,0.0,USD,ACTIVE
FA-BD60715CDF,NIG-400,CP-400-202304-01,IT,Computer hardware and software - CP-400-202304-01,150500,,2023-04-10,2023-04-10,4,STRAIGHT_LINE,4301.23,0.0,USD,ACTIVE
FA-1CC2D4BFCA,NIG-400,CP-400-202304-01,LEASEHOLD,Leasehold improvements - CP-400-202304-01,150600,,2023-04-10,2023-04-10,8,STRAIGHT_LINE,3823.31,0.0,USD,ACTIVE
FA-2DFA717A52,NIG-400,CP-400-202305-01,BUILDING,Buildings and improvements - CP-400-202305-01,150200,,2023-05-10,2023-05-10,30,STRAIGHT_LINE,11469.94,0.0,USD,ACTIVE
FA-D0E8659919,NIG-400,CP-400-202305-01,PLANT,Machinery and equipment - CP-400-202305-01,150300,,2023-05-10,2023-05-10,10,STRAIGHT_LINE,21984.04,0.0,USD,ACTIVE
FA-0AF1848159,NIG-400,CP-400-202305-01,VEHICLE,Vehicles - CP-400-202305-01,150400,,2023-05-10,2023-05-10,6,STRAIGHT_LINE,6212.88,0.0,USD,ACTIVE
FA-005B0CDB65,NIG-400,CP-400-202305-01,IT,Computer hardware and software - CP-400-202305-01,150500,,2023-05-10,2023-05-10,4,STRAIGHT_LINE,4301.23,0.0,USD,ACTIVE
FA-EC46EF28AC,NIG-400,CP-400-202305-01,LEASEHOLD,Leasehold improvements - CP-400-202305-01,150600,,2023-05-10,2023-05-10,8,STRAIGHT_LINE,3823.31,0.0,USD,ACTIVE
FA-40E4235806,NIG-400,CP-400-202306-01,BUILDING,Buildings and improvements - CP-400-202306-01,150200,,2023-06-10,2023-06-10,30,STRAIGHT_LINE,11469.94,0.0,USD,ACTIVE
FA-D252DE1F7A,NIG-400,CP-400-202306-01,PLANT,Machinery and equipment - CP-400-202306-01,150300,,2023-06-10,2023-06-10,10,STRAIGHT_LINE,21984.04,0.0,USD,ACTIVE
FA-EBF43A1C7D,NIG-400,CP-400-202306-01,VEHICLE,Vehicles - CP-400-202306-01,150400,,2023-06-10,2023-06-10,6,STRAIGHT_LINE,6212.88,0.0,USD,ACTIVE
FA-D597A3B6EE,NIG-400,CP-400-202306-01,IT,Computer hardware and software - CP-400-202306-01,150500,,2023-06-10,2023-06-10,4,STRAIGHT_LINE,4301.23,0.0,USD,ACTIVE
FA-E97A4261AB,NIG-400,CP-400-202306-01,LEASEHOLD,Leasehold improvements - CP-400-202306-01,150600,,2023-06-10,2023-06-10,8,STRAIGHT_LINE,3823.31,0.0,USD,ACTIVE
FA-7C9BC2C10F,NIG-400,CP-400-202307-01,BUILDING,Buildings and improvements - CP-400-202307-01,150200,,2023-07-10,2023-07-10,30,STRAIGHT_LINE,11469.94,0.0,USD,ACTIVE
FA-74A5D45DDA,NIG-400,CP-400-202307-01,PLANT,Machinery and equipment - CP-400-202307-01,150300,,2023-07-10,2023-07-10,10,STRAIGHT_LINE,21984.04,0.0,USD,ACTIVE
FA-3EEABC1ACF,NIG-400,CP-400-202307-01,VEHICLE,Vehicles - CP-400-202307-01,150400,,2023-07-10,2023-07-10,6,STRAIGHT_LINE,6212.88,0.0,USD,ACTIVE
FA-1D60CE72C1,NIG-400,CP-400-202307-01,IT,Computer hardware and software - CP-400-202307-01,150500,,2023-07-10,2023-07-10,4,STRAIGHT_LINE,4301.23,0.0,USD,ACTIVE
FA-F35A0F2E05,NIG-400,CP-400-202307-01,LEASEHOLD,Leasehold improvements - CP-400-202307-01,150600,,2023-07-10,2023-07-10,8,STRAIGHT_LINE,3823.31,0.0,USD,ACTIVE
FA-E4FEBCDB9A,NIG-400,CP-400-202308-01,BUILDING,Buildings and improvements - CP-400-202308-01,150200,,2023-08-10,2023-08-10,30,STRAIGHT_LINE,11469.94,0.0,USD,ACTIVE
FA-CCA05A2784,NIG-400,CP-400-202308-01,PLANT,Machinery and equipment - CP-400-202308-01,150300,,2023-08-10,2023-08-10,10,STRAIGHT_LINE,21984.04,0.0,USD,ACTIVE
FA-AB27B237E1,NIG-400,CP-400-202308-01,VEHICLE,Vehicles - CP-400-202308-01,150400,,2023-08-10,2023-08-10,6,STRAIGHT_LINE,6212.88,0.0,USD,ACTIVE
FA-778427ED64,NIG-400,CP-400-202308-01,IT,Computer hardware and software - CP-400-202308-01,150500,,2023-08-10,2023-08-10,4,STRAIGHT_LINE,4301.23,0.0,USD,ACTIVE
FA-BB07966F85,NIG-400,CP-400-202308-01,LEASEHOLD,Leasehold improvements - CP-400-202308-01,150600,,2023-08-10,2023-08-10,8,STRAIGHT_LINE,3823.31,0.0,USD,ACTIVE
FA-C664B8DBB8,NIG-400,CP-400-202309-01,BUILDING,Buildings and improvements - CP-400-202309-01,150200,,2023-09-10,2023-09-10,30,STRAIGHT_LINE,11469.94,0.0,USD,ACTIVE
FA-CAE6CB2681,NIG-400,CP-400-202309-01,PLANT,Machinery and equipment - CP-400-202309-01,150300,,2023-09-10,2023-09-10,10,STRAIGHT_LINE,21984.04,0.0,USD,ACTIVE
FA-A31D089AAC,NIG-400,CP-400-202309-01,VEHICLE,Vehicles - CP-400-202309-01,150400,,2023-09-10,2023-09-10,6,STRAIGHT_LINE,6212.88,0.0,USD,ACTIVE
FA-8820C56043,NIG-400,CP-400-202309-01,IT,Computer hardware and software - CP-400-202309-01,150500,,2023-09-10,2023-09-10,4,STRAIGHT_LINE,4301.23,0.0,USD,ACTIVE
FA-93EFAB8B63,NIG-400,CP-400-202309-01,LEASEHOLD,Leasehold improvements - CP-400-202309-01,150600,,2023-09-10,2023-09-10,8,STRAIGHT_LINE,3823.31,0.0,USD,ACTIVE
FA-A54666B248,NIG-400,CP-400-202310-01,BUILDING,Buildings and improvements - CP-400-202310-01,150200,,2023-10-10,2023-10-10,30,STRAIGHT_LINE,11469.94,0.0,USD,ACTIVE
FA-32E081003E,NIG-400,CP-400-202310-01,PLANT,Machinery and equipment - CP-400-202310-01,150300,,2023-10-10,2023-10-10,10,STRAIGHT_LINE,21984.04,0.0,USD,ACTIVE
FA-A1AE187EC9,NIG-400,CP-400-202310-01,VEHICLE,Vehicles - CP-400-202310-01,150400,,2023-10-10,2023-10-10,6,STRAIGHT_LINE,6212.88,0.0,USD,ACTIVE
FA-69CFC92B89,NIG-400,CP-400-202310-01,IT,Computer hardware and software - CP-400-202310-01,150500,,2023-10-10,2023-10-10,4,STRAIGHT_LINE,4301.23,0.0,USD,ACTIVE
FA-CD4ECE3898,NIG-400,CP-400-202310-01,LEASEHOLD,Leasehold improvements - CP-400-202310-01,150600,,2023-10-10,2023-10-10,8,STRAIGHT_LINE,3823.31,0.0,USD,ACTIVE
FA-38C9DD483C,NIG-400,CP-400-202311-01,BUILDING,Buildings and improvements - CP-400-202311-01,150200,,2023-11-10,2023-11-10,30,STRAIGHT_LINE,11469.94,0.0,USD,ACTIVE
FA-AF00255F49,NIG-400,CP-400-202311-01,PLANT,Machinery and equipment - CP-400-202311-01,150300,,2023-11-10,2023-11-10,10,STRAIGHT_LINE,21984.04,0.0,USD,ACTIVE
FA-AA38ABEEBD,NIG-400,CP-400-202311-01,VEHICLE,Vehicles - CP-400-202311-01,150400,,2023-11-10,2023-11-10,6,STRAIGHT_LINE,6212.88,0.0,USD,ACTIVE
FA-5ED6EBCC4A,NIG-400,CP-400-202311-01,IT,Computer hardware and software - CP-400-202311-01,150500,,2023-11-10,2023-11-10,4,STRAIGHT_LINE,4301.23,0.0,USD,ACTIVE
FA-9F1FEEBDA3,NIG-400,CP-400-202311-01,LEASEHOLD,Leasehold improvements - CP-400-202311-01,150600,,2023-11-10,2023-11-10,8,STRAIGHT_LINE,3823.31,0.0,USD,ACTIVE
FA-3D1BA2E75E,NIG-400,CP-400-202312-01,BUILDING,Buildings and improvements - CP-400-202312-01,150200,,2023-12-10,2023-12-10,30,STRAIGHT_LINE,11469.94,0.0,USD,ACTIVE
FA-1AEC5DEFAC,NIG-400,CP-400-202312-01,PLANT,Machinery and equipment - CP-400-202312-01,150300,,2023-12-10,2023-12-10,10,STRAIGHT_LINE,21984.04,0.0,USD,ACTIVE
FA-CFAE248A69,NIG-400,CP-400-202312-01,VEHICLE,Vehicles - CP-400-202312-01,150400,,2023-12-10,2023-12-10,6,STRAIGHT_LINE,6212.88,0.0,USD,ACTIVE
FA-CD845D76E7,NIG-400,CP-400-202312-01,IT,Computer hardware and software - CP-400-202312-01,150500,,2023-12-10,2023-12-10,4,STRAIGHT_LINE,4301.23,0.0,USD,ACTIVE
FA-FA90E0D1A7,NIG-400,CP-400-202312-01,LEASEHOLD,Leasehold improvements - CP-400-202312-01,150600,,2023-12-10,2023-12-10,8,STRAIGHT_LINE,3823.31,0.0,USD,ACTIVE
FA-1E70D51290,NIG-400,CP-400-202401-01,BUILDING,Buildings and improvements - CP-400-202401-01,150200,,2024-01-10,2024-01-10,30,STRAIGHT_LINE,9209.16,0.0,USD,ACTIVE
FA-0A613FC8FF,NIG-400,CP-400-202401-01,PLANT,Machinery and equipment - CP-400-202401-01,150300,,2024-01-10,2024-01-10,10,STRAIGHT_LINE,17650.89,0.0,USD,ACTIVE
FA-F791CA91C8,NIG-400,CP-400-202401-01,VEHICLE,Vehicles - CP-400-202401-01,150400,,2024-01-10,2024-01-10,6,STRAIGHT_LINE,4988.3,0.0,USD,ACTIVE
FA-FBCFA24A64,NIG-400,CP-400-202401-01,IT,Computer hardware and software - CP-400-202401-01,150500,,2024-01-10,2024-01-10,4,STRAIGHT_LINE,3453.44,0.0,USD,ACTIVE
FA-A2F2C0BC7E,NIG-400,CP-400-202401-01,LEASEHOLD,Leasehold improvements - CP-400-202401-01,150600,,2024-01-10,2024-01-10,8,STRAIGHT_LINE,3069.72,0.0,USD,ACTIVE
FA-0A76B6E2F9,NIG-400,CP-400-202402-01,BUILDING,Buildings and improvements - CP-400-202402-01,150200,,2024-02-10,2024-02-10,30,STRAIGHT_LINE,9209.16,0.0,USD,ACTIVE
FA-EA055BB27C,NIG-400,CP-400-202402-01,PLANT,Machinery and equipment - CP-400-202402-01,150300,,2024-02-10,2024-02-10,10,STRAIGHT_LINE,17650.89,0.0,USD,ACTIVE
FA-AA83FFA978,NIG-400,CP-400-202402-01,VEHICLE,Vehicles - CP-400-202402-01,150400,,2024-02-10,2024-02-10,6,STRAIGHT_LINE,4988.3,0.0,USD,ACTIVE
FA-409AB574F7,NIG-400,CP-400-202402-01,IT,Computer hardware and software - CP-400-202402-01,150500,,2024-02-10,2024-02-10,4,STRAIGHT_LINE,3453.44,0.0,USD,ACTIVE
FA-1321FE0849,NIG-400,CP-400-202402-01,LEASEHOLD,Leasehold improvements - CP-400-202402-01,150600,,2024-02-10,2024-02-10,8,STRAIGHT_LINE,3069.72,0.0,USD,ACTIVE
FA-8C292C2BD8,NIG-400,CP-400-202403-01,BUILDING,Buildings and improvements - CP-400-202403-01,150200,,2024-03-10,2024-03-10,30,STRAIGHT_LINE,9209.16,0.0,USD,ACTIVE
FA-B337C59CA8,NIG-400,CP-400-202403-01,PLANT,Machinery and equipment - CP-400-202403-01,150300,,2024-03-10,2024-03-10,10,STRAIGHT_LINE,17650.89,0.0,USD,ACTIVE
FA-B904CCC84D,NIG-400,CP-400-202403-01,VEHICLE,Vehicles - CP-400-202403-01,150400,,2024-03-10,2024-03-10,6,STRAIGHT_LINE,4988.3,0.0,USD,ACTIVE
FA-3951E70AF1,NIG-400,CP-400-202403-01,IT,Computer hardware and software - CP-400-202403-01,150500,,2024-03-10,2024-03-10,4,STRAIGHT_LINE,3453.44,0.0,USD,ACTIVE
FA-1D4695082F,NIG-400,CP-400-202403-01,LEASEHOLD,Leasehold improvements - CP-400-202403-01,150600,,2024-03-10,2024-03-10,8,STRAIGHT_LINE,3069.72,0.0,USD,ACTIVE
FA-59AD98878B,NIG-400,CP-400-202404-01,BUILDING,Buildings and improvements - CP-400-202404-01,150200,,2024-04-10,2024-04-10,30,STRAIGHT_LINE,9209.16,0.0,USD,ACTIVE
FA-A048C6A5EE,NIG-400,CP-400-202404-01,PLANT,Machinery and equipment - CP-400-202404-01,150300,,2024-04-10,2024-04-10,10,STRAIGHT_LINE,17650.89,0.0,USD,ACTIVE
FA-9FA9AA89AA,NIG-400,CP-400-202404-01,VEHICLE,Vehicles - CP-400-202404-01,150400,,2024-04-10,2024-04-10,6,STRAIGHT_LINE,4988.3,0.0,USD,ACTIVE
FA-2B31ABFAA3,NIG-400,CP-400-202404-01,IT,Computer hardware and software - CP-400-202404-01,150500,,2024-04-10,2024-04-10,4,STRAIGHT_LINE,3453.44,0.0,USD,ACTIVE
FA-DAE2866BD9,NIG-400,CP-400-202404-01,LEASEHOLD,Leasehold improvements - CP-400-202404-01,150600,,2024-04-10,2024-04-10,8,STRAIGHT_LINE,3069.72,0.0,USD,ACTIVE
FA-935F24CCC8,NIG-400,CP-400-202405-01,BUILDING,Buildings and improvements - CP-400-202405-01,150200,,2024-05-10,2024-05-10,30,STRAIGHT_LINE,9209.16,0.0,USD,ACTIVE
FA-5893294D65,NIG-400,CP-400-202405-01,PLANT,Machinery and equipment - CP-400-202405-01,150300,,2024-05-10,2024-05-10,10,STRAIGHT_LINE,17650.89,0.0,USD,ACTIVE
FA-3CEFA41F7B,NIG-400,CP-400-202405-01,VEHICLE,Vehicles - CP-400-202405-01,150400,,2024-05-10,2024-05-10,6,STRAIGHT_LINE,4988.3,0.0,USD,ACTIVE
FA-6C63110A0D,NIG-400,CP-400-202405-01,IT,Computer hardware and software - CP-400-202405-01,150500,,2024-05-10,2024-05-10,4,STRAIGHT_LINE,3453.44,0.0,USD,ACTIVE
FA-CA56C46000,NIG-400,CP-400-202405-01,LEASEHOLD,Leasehold improvements - CP-400-202405-01,150600,,2024-05-10,2024-05-10,8,STRAIGHT_LINE,3069.72,0.0,USD,ACTIVE
FA-52FF1E148F,NIG-400,CP-400-202406-01,BUILDING,Buildings and improvements - CP-400-202406-01,150200,,2024-06-10,2024-06-10,30,STRAIGHT_LINE,9209.16,0.0,USD,ACTIVE
FA-4E71D6E582,NIG-400,CP-400-202406-01,PLANT,Machinery and equipment - CP-400-202406-01,150300,,2024-06-10,2024-06-10,10,STRAIGHT_LINE,17650.89,0.0,USD,ACTIVE
FA-9AD0EB222D,NIG-400,CP-400-202406-01,VEHICLE,Vehicles - CP-400-202406-01,150400,,2024-06-10,2024-06-10,6,STRAIGHT_LINE,4988.3,0.0,USD,ACTIVE
FA-262D4BCE37,NIG-400,CP-400-202406-01,IT,Computer hardware and software - CP-400-202406-01,150500,,2024-06-10,2024-06-10,4,STRAIGHT_LINE,3453.44,0.0,USD,ACTIVE
FA-D9B052890A,NIG-400,CP-400-202406-01,LEASEHOLD,Leasehold improvements - CP-400-202406-01,150600,,2024-06-10,2024-06-10,8,STRAIGHT_LINE,3069.72,0.0,USD,ACTIVE
FA-7454359B1D,NIG-400,CP-400-202407-01,BUILDING,Buildings and improvements - CP-400-202407-01,150200,,2024-07-10,2024-07-10,30,STRAIGHT_LINE,9209.16,0.0,USD,ACTIVE
FA-6FD60E3972,NIG-400,CP-400-202407-01,PLANT,Machinery and equipment - CP-400-202407-01,150300,,2024-07-10,2024-07-10,10,STRAIGHT_LINE,17650.89,0.0,USD,ACTIVE
FA-E0283CCB7D,NIG-400,CP-400-202407-01,VEHICLE,Vehicles - CP-400-202407-01,150400,,2024-07-10,2024-07-10,6,STRAIGHT_LINE,4988.3,0.0,USD,ACTIVE
FA-3449C45899,NIG-400,CP-400-202407-01,IT,Computer hardware and software - CP-400-202407-01,150500,,2024-07-10,2024-07-10,4,STRAIGHT_LINE,3453.44,0.0,USD,ACTIVE
FA-6E434E2B1D,NIG-400,CP-400-202407-01,LEASEHOLD,Leasehold improvements - CP-400-202407-01,150600,,2024-07-10,2024-07-10,8,STRAIGHT_LINE,3069.72,0.0,USD,ACTIVE
FA-D44B74D5E4,NIG-400,CP-400-202408-01,BUILDING,Buildings and improvements - CP-400-202408-01,150200,,2024-08-10,2024-08-10,30,STRAIGHT_LINE,9209.16,0.0,USD,ACTIVE
FA-BBFE573CB8,NIG-400,CP-400-202408-01,PLANT,Machinery and equipment - CP-400-202408-01,150300,,2024-08-10,2024-08-10,10,STRAIGHT_LINE,17650.89,0.0,USD,ACTIVE
FA-2A6B1DAAFB,NIG-400,CP-400-202408-01,VEHICLE,Vehicles - CP-400-202408-01,150400,,2024-08-10,2024-08-10,6,STRAIGHT_LINE,4988.3,0.0,USD,ACTIVE
FA-FB23370767,NIG-400,CP-400-202408-01,IT,Computer hardware and software - CP-400-202408-01,150500,,2024-08-10,2024-08-10,4,STRAIGHT_LINE,3453.44,0.0,USD,ACTIVE
FA-2BDF109E53,NIG-400,CP-400-202408-01,LEASEHOLD,Leasehold improvements - CP-400-202408-01,150600,,2024-08-10,2024-08-10,8,STRAIGHT_LINE,3069.72,0.0,USD,ACTIVE
FA-894905ABF1,NIG-400,CP-400-202409-01,BUILDING,Buildings and improvements - CP-400-202409-01,150200,,2024-09-10,2024-09-10,30,STRAIGHT_LINE,9209.16,0.0,USD,ACTIVE
FA-A87E08BCBD,NIG-400,CP-400-202409-01,PLANT,Machinery and equipment - CP-400-202409-01,150300,,2024-09-10,2024-09-10,10,STRAIGHT_LINE,17650.89,0.0,USD,ACTIVE
FA-D377698EBD,NIG-400,CP-400-202409-01,VEHICLE,Vehicles - CP-400-202409-01,150400,,2024-09-10,2024-09-10,6,STRAIGHT_LINE,4988.3,0.0,USD,ACTIVE
FA-53A00AD372,NIG-400,CP-400-202409-01,IT,Computer hardware and software - CP-400-202409-01,150500,,2024-09-10,2024-09-10,4,STRAIGHT_LINE,3453.44,0.0,USD,ACTIVE
FA-162995F9B2,NIG-400,CP-400-202409-01,LEASEHOLD,Leasehold improvements - CP-400-202409-01,150600,,2024-09-10,2024-09-10,8,STRAIGHT_LINE,3069.72,0.0,USD,ACTIVE
FA-4D6FC9FB33,NIG-400,CP-400-202410-01,BUILDING,Buildings and improvements - CP-400-202410-01,150200,,2024-10-10,2024-10-10,30,STRAIGHT_LINE,9209.16,0.0,USD,ACTIVE
FA-41AB494B52,NIG-400,CP-400-202410-01,PLANT,Machinery and equipment - CP-400-202410-01,150300,,2024-10-10,2024-10-10,10,STRAIGHT_LINE,17650.89,0.0,USD,ACTIVE
FA-0EBE74D738,NIG-400,CP-400-202410-01,VEHICLE,Vehicles - CP-400-202410-01,150400,,2024-10-10,2024-10-10,6,STRAIGHT_LINE,4988.3,0.0,USD,ACTIVE
FA-B0CD691075,NIG-400,CP-400-202410-01,IT,Computer hardware and software - CP-400-202410-01,150500,,2024-10-10,2024-10-10,4,STRAIGHT_LINE,3453.44,0.0,USD,ACTIVE
FA-797DBDA05D,NIG-400,CP-400-202410-01,LEASEHOLD,Leasehold improvements - CP-400-202410-01,150600,,2024-10-10,2024-10-10,8,STRAIGHT_LINE,3069.72,0.0,USD,ACTIVE
FA-80CB40D680,NIG-400,CP-400-202411-01,BUILDING,Buildings and improvements - CP-400-202411-01,150200,,2024-11-10,2024-11-10,30,STRAIGHT_LINE,9209.16,0.0,USD,ACTIVE
FA-B8178ADE3A,NIG-400,CP-400-202411-01,PLANT,Machinery and equipment - CP-400-202411-01,150300,,2024-11-10,2024-11-10,10,STRAIGHT_LINE,17650.89,0.0,USD,ACTIVE
FA-0A5B5A6B69,NIG-400,CP-400-202411-01,VEHICLE,Vehicles - CP-400-202411-01,150400,,2024-11-10,2024-11-10,6,STRAIGHT_LINE,4988.3,0.0,USD,ACTIVE
FA-AAFAA32A41,NIG-400,CP-400-202411-01,IT,Computer hardware and software - CP-400-202411-01,150500,,2024-11-10,2024-11-10,4,STRAIGHT_LINE,3453.44,0.0,USD,ACTIVE
FA-B24EF1A9DB,NIG-400,CP-400-202411-01,LEASEHOLD,Leasehold improvements - CP-400-202411-01,150600,,2024-11-10,2024-11-10,8,STRAIGHT_LINE,3069.72,0.0,USD,ACTIVE
FA-D49F074D70,NIG-400,CP-400-202412-01,BUILDING,Buildings and improvements - CP-400-202412-01,150200,,2024-12-10,2024-12-10,30,STRAIGHT_LINE,9209.16,0.0,USD,ACTIVE
FA-6D60415C8A,NIG-400,CP-400-202412-01,PLANT,Machinery and equipment - CP-400-202412-01,150300,,2024-12-10,2024-12-10,10,STRAIGHT_LINE,17650.89,0.0,USD,ACTIVE
FA-88B5243D27,NIG-400,CP-400-202412-01,VEHICLE,Vehicles - CP-400-202412-01,150400,,2024-12-10,2024-12-10,6,STRAIGHT_LINE,4988.3,0.0,USD,ACTIVE
FA-A5663CFD36,NIG-400,CP-400-202412-01,IT,Computer hardware and software - CP-400-202412-01,150500,,2024-12-10,2024-12-10,4,STRAIGHT_LINE,3453.44,0.0,USD,ACTIVE
FA-15062900F9,NIG-400,CP-400-202412-01,LEASEHOLD,Leasehold improvements - CP-400-202412-01,150600,,2024-12-10,2024-12-10,8,STRAIGHT_LINE,3069.72,0.0,USD,ACTIVE
FA-90D5D01878,NIG-400,CP-400-202601-01,BUILDING,Buildings and improvements - CP-400-202601-01,150200,,2026-01-10,2026-01-10,30,STRAIGHT_LINE,9230.87,0.0,USD,ACTIVE
FA-320D00E5AE,NIG-400,CP-400-202601-01,PLANT,Machinery and equipment - CP-400-202601-01,150300,,2026-01-10,2026-01-10,10,STRAIGHT_LINE,17692.5,0.0,USD,ACTIVE
FA-AFF6152928,NIG-400,CP-400-202601-01,VEHICLE,Vehicles - CP-400-202601-01,150400,,2026-01-10,2026-01-10,6,STRAIGHT_LINE,5000.06,0.0,USD,ACTIVE
FA-F63F3A8046,NIG-400,CP-400-202601-01,IT,Computer hardware and software - CP-400-202601-01,150500,,2026-01-10,2026-01-10,4,STRAIGHT_LINE,3461.58,0.0,USD,ACTIVE
FA-ACF379BD1A,NIG-400,CP-400-202601-01,LEASEHOLD,Leasehold improvements - CP-400-202601-01,150600,,2026-01-10,2026-01-10,8,STRAIGHT_LINE,3076.96,0.0,USD,ACTIVE
FA-953850DCDD,NIG-400,CP-400-202602-01,BUILDING,Buildings and improvements - CP-400-202602-01,150200,,2026-02-10,2026-02-10,30,STRAIGHT_LINE,9230.87,0.0,USD,ACTIVE
FA-E2488B7CDD,NIG-400,CP-400-202602-01,PLANT,Machinery and equipment - CP-400-202602-01,150300,,2026-02-10,2026-02-10,10,STRAIGHT_LINE,17692.5,0.0,USD,ACTIVE
FA-0C23232359,NIG-400,CP-400-202602-01,VEHICLE,Vehicles - CP-400-202602-01,150400,,2026-02-10,2026-02-10,6,STRAIGHT_LINE,5000.06,0.0,USD,ACTIVE
FA-2D7E134C1A,NIG-400,CP-400-202602-01,IT,Computer hardware and software - CP-400-202602-01,150500,,2026-02-10,2026-02-10,4,STRAIGHT_LINE,3461.58,0.0,USD,ACTIVE
FA-A4FF3449A5,NIG-400,CP-400-202602-01,LEASEHOLD,Leasehold improvements - CP-400-202602-01,150600,,2026-02-10,2026-02-10,8,STRAIGHT_LINE,3076.96,0.0,USD,ACTIVE
FA-D5DC2CBDCA,NIG-400,CP-400-202603-01,BUILDING,Buildings and improvements - CP-400-202603-01,150200,,2026-03-10,2026-03-10,30,STRAIGHT_LINE,9230.87,0.0,USD,ACTIVE
FA-406FCFB21C,NIG-400,CP-400-202603-01,PLANT,Machinery and equipment - CP-400-202603-01,150300,,2026-03-10,2026-03-10,10,STRAIGHT_LINE,17692.5,0.0,USD,ACTIVE
FA-C38BE4DAF5,NIG-400,CP-400-202603-01,VEHICLE,Vehicles - CP-400-202603-01,150400,,2026-03-10,2026-03-10,6,STRAIGHT_LINE,5000.06,0.0,USD,ACTIVE
FA-3BE0E4C5A0,NIG-400,CP-400-202603-01,IT,Computer hardware and software - CP-400-202603-01,150500,,2026-03-10,2026-03-10,4,STRAIGHT_LINE,3461.58,0.0,USD,ACTIVE
FA-D90C23A916,NIG-400,CP-400-202603-01,LEASEHOLD,Leasehold improvements - CP-400-202603-01,150600,,2026-03-10,2026-03-10,8,STRAIGHT_LINE,3076.96,0.0,USD,ACTIVE
FA-3647A3F1FE,NIG-400,CP-400-202604-01,BUILDING,Buildings and improvements - CP-400-202604-01,150200,,2026-04-10,2026-04-10,30,STRAIGHT_LINE,9230.87,0.0,USD,ACTIVE
FA-263B5D782E,NIG-400,CP-400-202604-01,PLANT,Machinery and equipment - CP-400-202604-01,150300,,2026-04-10,2026-04-10,10,STRAIGHT_LINE,17692.5,0.0,USD,ACTIVE
FA-64679FE3F4,NIG-400,CP-400-202604-01,VEHICLE,Vehicles - CP-400-202604-01,150400,,2026-04-10,2026-04-10,6,STRAIGHT_LINE,5000.06,0.0,USD,ACTIVE
FA-3CB8FC4352,NIG-400,CP-400-202604-01,IT,Computer hardware and software - CP-400-202604-01,150500,,2026-04-10,2026-04-10,4,STRAIGHT_LINE,3461.58,0.0,USD,ACTIVE
FA-579AD39698,NIG-400,CP-400-202604-01,LEASEHOLD,Leasehold improvements - CP-400-202604-01,150600,,2026-04-10,2026-04-10,8,STRAIGHT_LINE,3076.96,0.0,USD,ACTIVE
FA-D6C72FCEE3,NIG-400,CP-400-202605-01,BUILDING,Buildings and improvements - CP-400-202605-01,150200,,2026-05-10,2026-05-10,30,STRAIGHT_LINE,9230.87,0.0,USD,ACTIVE
FA-EBA2F31E4B,NIG-400,CP-400-202605-01,PLANT,Machinery and equipment - CP-400-202605-01,150300,,2026-05-10,2026-05-10,10,STRAIGHT_LINE,17692.5,0.0,USD,ACTIVE
FA-D37B9FFB63,NIG-400,CP-400-202605-01,VEHICLE,Vehicles - CP-400-202605-01,150400,,2026-05-10,2026-05-10,6,STRAIGHT_LINE,5000.06,0.0,USD,ACTIVE
FA-9C2E77A792,NIG-400,CP-400-202605-01,IT,Computer hardware and software - CP-400-202605-01,150500,,2026-05-10,2026-05-10,4,STRAIGHT_LINE,3461.58,0.0,USD,ACTIVE
FA-5BCBA0C12A,NIG-400,CP-400-202605-01,LEASEHOLD,Leasehold improvements - CP-400-202605-01,150600,,2026-05-10,2026-05-10,8,STRAIGHT_LINE,3076.96,0.0,USD,ACTIVE
FA-595ADC33F2,NIG-400,CP-400-202606-01,BUILDING,Buildings and improvements - CP-400-202606-01,150200,,2026-06-10,2026-06-10,30,STRAIGHT_LINE,9230.87,0.0,USD,ACTIVE
FA-8EE26F5AE1,NIG-400,CP-400-202606-01,PLANT,Machinery and equipment - CP-400-202606-01,150300,,2026-06-10,2026-06-10,10,STRAIGHT_LINE,17692.5,0.0,USD,ACTIVE
FA-70DE0B0C9D,NIG-400,CP-400-202606-01,VEHICLE,Vehicles - CP-400-202606-01,150400,,2026-06-10,2026-06-10,6,STRAIGHT_LINE,5000.06,0.0,USD,ACTIVE
FA-E7A2BB7EDD,NIG-400,CP-400-202606-01,IT,Computer hardware and software - CP-400-202606-01,150500,,2026-06-10,2026-06-10,4,STRAIGHT_LINE,3461.58,0.0,USD,ACTIVE
FA-823699820D,NIG-400,CP-400-202606-01,LEASEHOLD,Leasehold improvements - CP-400-202606-01,150600,,2026-06-10,2026-06-10,8,STRAIGHT_LINE,3076.96,0.0,USD,ACTIVE
FA-D222FA8524,NIG-400,CP-400-202607-01,BUILDING,Buildings and improvements - CP-400-202607-01,150200,,2026-07-10,2026-07-10,30,STRAIGHT_LINE,9230.87,0.0,USD,ACTIVE
FA-60362925D8,NIG-400,CP-400-202607-01,PLANT,Machinery and equipment - CP-400-202607-01,150300,,2026-07-10,2026-07-10,10,STRAIGHT_LINE,17692.5,0.0,USD,ACTIVE
FA-B3B33AC65C,NIG-400,CP-400-202607-01,VEHICLE,Vehicles - CP-400-202607-01,150400,,2026-07-10,2026-07-10,6,STRAIGHT_LINE,5000.06,0.0,USD,ACTIVE
FA-0EE7DAC5B2,NIG-400,CP-400-202607-01,IT,Computer hardware and software - CP-400-202607-01,150500,,2026-07-10,2026-07-10,4,STRAIGHT_LINE,3461.58,0.0,USD,ACTIVE
FA-FEFED7F3CD,NIG-400,CP-400-202607-01,LEASEHOLD,Leasehold improvements - CP-400-202607-01,150600,,2026-07-10,2026-07-10,8,STRAIGHT_LINE,3076.96,0.0,USD,ACTIVE
FA-B48DC91F0B,NIG-400,CP-400-202608-01,BUILDING,Buildings and improvements - CP-400-202608-01,150200,,2026-08-10,2026-08-10,30,STRAIGHT_LINE,9230.87,0.0,USD,ACTIVE
FA-DA2FC61D3D,NIG-400,CP-400-202608-01,PLANT,Machinery and equipment - CP-400-202608-01,150300,,2026-08-10,2026-08-10,10,STRAIGHT_LINE,17692.5,0.0,USD,ACTIVE
FA-FE872AE02B,NIG-400,CP-400-202608-01,VEHICLE,Vehicles - CP-400-202608-01,150400,,2026-08-10,2026-08-10,6,STRAIGHT_LINE,5000.06,0.0,USD,ACTIVE
FA-5B8EF30DD6,NIG-400,CP-400-202608-01,IT,Computer hardware and software - CP-400-202608-01,150500,,2026-08-10,2026-08-10,4,STRAIGHT_LINE,3461.58,0.0,USD,ACTIVE
FA-D20F99CD7C,NIG-400,CP-400-202608-01,LEASEHOLD,Leasehold improvements - CP-400-202608-01,150600,,2026-08-10,2026-08-10,8,STRAIGHT_LINE,3076.96,0.0,USD,ACTIVE
FA-13D0080FAC,NIG-410,CP-410-202407-01,VEHICLE,Vehicles - CP-410-202407-01,150400,,2024-07-10,2024-07-10,6,STRAIGHT_LINE,35687.04,0.0,EUR,ACTIVE
FA-F592AD2631,NIG-410,CP-410-202407-01,IT,Computer hardware and software - CP-410-202407-01,150500,,2024-07-10,2024-07-10,4,STRAIGHT_LINE,24706.41,0.0,EUR,ACTIVE
FA-3C9B1F0E45,NIG-410,CP-410-202407-01,LEASEHOLD,Leasehold improvements - CP-410-202407-01,150600,,2024-07-10,2024-07-10,8,STRAIGHT_LINE,21961.26,0.0,EUR,ACTIVE
FA-2AD33F3A1C,NIG-410,CP-410-202408-01,VEHICLE,Vehicles - CP-410-202408-01,150400,,2024-08-10,2024-08-10,6,STRAIGHT_LINE,35687.04,0.0,EUR,ACTIVE
FA-471A0B6AE9,NIG-410,CP-410-202408-01,IT,Computer hardware and software - CP-410-202408-01,150500,,2024-08-10,2024-08-10,4,STRAIGHT_LINE,24706.41,0.0,EUR,ACTIVE
FA-FB150F495C,NIG-410,CP-410-202408-01,LEASEHOLD,Leasehold improvements - CP-410-202408-01,150600,,2024-08-10,2024-08-10,8,STRAIGHT_LINE,21961.26,0.0,EUR,ACTIVE
FA-B306BD837A,NIG-410,CP-410-202409-01,VEHICLE,Vehicles - CP-410-202409-01,150400,,2024-09-10,2024-09-10,6,STRAIGHT_LINE,35687.04,0.0,EUR,ACTIVE
FA-0607F240E2,NIG-410,CP-410-202409-01,IT,Computer hardware and software - CP-410-202409-01,150500,,2024-09-10,2024-09-10,4,STRAIGHT_LINE,24706.41,0.0,EUR,ACTIVE
FA-F94CFE64C9,NIG-410,CP-410-202409-01,LEASEHOLD,Leasehold improvements - CP-410-202409-01,150600,,2024-09-10,2024-09-10,8,STRAIGHT_LINE,21961.26,0.0,EUR,ACTIVE
FA-F7FFA785D3,NIG-410,CP-410-202410-01,VEHICLE,Vehicles - CP-410-202410-01,150400,,2024-10-10,2024-10-10,6,STRAIGHT_LINE,35687.04,0.0,EUR,ACTIVE
FA-3C31D01D0D,NIG-410,CP-410-202410-01,IT,Computer hardware and software - CP-410-202410-01,150500,,2024-10-10,2024-10-10,4,STRAIGHT_LINE,24706.41,0.0,EUR,ACTIVE
FA-495D82EE6E,NIG-410,CP-410-202410-01,LEASEHOLD,Leasehold improvements - CP-410-202410-01,150600,,2024-10-10,2024-10-10,8,STRAIGHT_LINE,21961.26,0.0,EUR,ACTIVE
FA-6CA9CEC812,NIG-410,CP-410-202411-01,VEHICLE,Vehicles - CP-410-202411-01,150400,,2024-11-10,2024-11-10,6,STRAIGHT_LINE,35687.04,0.0,EUR,ACTIVE
FA-B286BC1A6D,NIG-410,CP-410-202411-01,IT,Computer hardware and software - CP-410-202411-01,150500,,2024-11-10,2024-11-10,4,STRAIGHT_LINE,24706.41,0.0,EUR,ACTIVE
FA-67F136ED6D,NIG-410,CP-410-202411-01,LEASEHOLD,Leasehold improvements - CP-410-202411-01,150600,,2024-11-10,2024-11-10,8,STRAIGHT_LINE,21961.26,0.0,EUR,ACTIVE
FA-DA72F027C7,NIG-410,CP-410-202412-01,VEHICLE,Vehicles - CP-410-202412-01,150400,,2024-12-10,2024-12-10,6,STRAIGHT_LINE,35687.04,0.0,EUR,ACTIVE
FA-5D1EBFCBC9,NIG-410,CP-410-202412-01,IT,Computer hardware and software - CP-410-202412-01,150500,,2024-12-10,2024-12-10,4,STRAIGHT_LINE,24706.41,0.0,EUR,ACTIVE
FA-B50467AB09,NIG-410,CP-410-202412-01,LEASEHOLD,Leasehold improvements - CP-410-202412-01,150600,,2024-12-10,2024-12-10,8,STRAIGHT_LINE,21961.26,0.0,EUR,ACTIVE
FA-1472E1569C,NIG-410,CP-410-202501-01,BUILDING,Buildings and improvements - CP-410-202501-01,150200,,2025-01-10,2025-01-10,30,STRAIGHT_LINE,29723.93,0.0,EUR,ACTIVE
FA-235A8774A2,NIG-410,CP-410-202501-01,PLANT,Machinery and equipment - CP-410-202501-01,150300,,2025-01-10,2025-01-10,10,STRAIGHT_LINE,56970.87,0.0,EUR,ACTIVE
FA-601240FBA4,NIG-410,CP-410-202501-01,VEHICLE,Vehicles - CP-410-202501-01,150400,,2025-01-10,2025-01-10,6,STRAIGHT_LINE,16100.46,0.0,EUR,ACTIVE
FA-F88746E35B,NIG-410,CP-410-202501-01,IT,Computer hardware and software - CP-410-202501-01,150500,,2025-01-10,2025-01-10,4,STRAIGHT_LINE,11146.47,0.0,EUR,ACTIVE
FA-CF4F8623B7,NIG-410,CP-410-202501-01,LEASEHOLD,Leasehold improvements - CP-410-202501-01,150600,,2025-01-10,2025-01-10,8,STRAIGHT_LINE,9907.98,0.0,EUR,ACTIVE
FA-E41AF5693C,NIG-410,CP-410-202502-01,BUILDING,Buildings and improvements - CP-410-202502-01,150200,,2025-02-10,2025-02-10,30,STRAIGHT_LINE,29723.93,0.0,EUR,ACTIVE
FA-618CD10FE9,NIG-410,CP-410-202502-01,PLANT,Machinery and equipment - CP-410-202502-01,150300,,2025-02-10,2025-02-10,10,STRAIGHT_LINE,56970.87,0.0,EUR,ACTIVE
FA-91C17CC5B2,NIG-410,CP-410-202502-01,VEHICLE,Vehicles - CP-410-202502-01,150400,,2025-02-10,2025-02-10,6,STRAIGHT_LINE,16100.46,0.0,EUR,ACTIVE
FA-0A864B4CDF,NIG-410,CP-410-202502-01,IT,Computer hardware and software - CP-410-202502-01,150500,,2025-02-10,2025-02-10,4,STRAIGHT_LINE,11146.47,0.0,EUR,ACTIVE
FA-FDA246F2D9,NIG-410,CP-410-202502-01,LEASEHOLD,Leasehold improvements - CP-410-202502-01,150600,,2025-02-10,2025-02-10,8,STRAIGHT_LINE,9907.98,0.0,EUR,ACTIVE
FA-30C61CEEED,NIG-410,CP-410-202503-01,BUILDING,Buildings and improvements - CP-410-202503-01,150200,,2025-03-10,2025-03-10,30,STRAIGHT_LINE,29723.93,0.0,EUR,ACTIVE
FA-A0D237B238,NIG-410,CP-410-202503-01,PLANT,Machinery and equipment - CP-410-202503-01,150300,,2025-03-10,2025-03-10,10,STRAIGHT_LINE,56970.87,0.0,EUR,ACTIVE
FA-3766DF9B48,NIG-410,CP-410-202503-01,VEHICLE,Vehicles - CP-410-202503-01,150400,,2025-03-10,2025-03-10,6,STRAIGHT_LINE,16100.46,0.0,EUR,ACTIVE
FA-33D1F84B4D,NIG-410,CP-410-202503-01,IT,Computer hardware and software - CP-410-202503-01,150500,,2025-03-10,2025-03-10,4,STRAIGHT_LINE,11146.47,0.0,EUR,ACTIVE
FA-5B5110AAC1,NIG-410,CP-410-202503-01,LEASEHOLD,Leasehold improvements - CP-410-202503-01,150600,,2025-03-10,2025-03-10,8,STRAIGHT_LINE,9907.98,0.0,EUR,ACTIVE
FA-DED58109E2,NIG-410,CP-410-202504-01,BUILDING,Buildings and improvements - CP-410-202504-01,150200,,2025-04-10,2025-04-10,30,STRAIGHT_LINE,29723.93,0.0,EUR,ACTIVE
FA-7CE23EAF40,NIG-410,CP-410-202504-01,PLANT,Machinery and equipment - CP-410-202504-01,150300,,2025-04-10,2025-04-10,10,STRAIGHT_LINE,56970.87,0.0,EUR,ACTIVE
FA-3DE4B8AB86,NIG-410,CP-410-202504-01,VEHICLE,Vehicles - CP-410-202504-01,150400,,2025-04-10,2025-04-10,6,STRAIGHT_LINE,16100.46,0.0,EUR,ACTIVE
FA-A2D7F906AD,NIG-410,CP-410-202504-01,IT,Computer hardware and software - CP-410-202504-01,150500,,2025-04-10,2025-04-10,4,STRAIGHT_LINE,11146.47,0.0,EUR,ACTIVE
FA-C6D81751E8,NIG-410,CP-410-202504-01,LEASEHOLD,Leasehold improvements - CP-410-202504-01,150600,,2025-04-10,2025-04-10,8,STRAIGHT_LINE,9907.98,0.0,EUR,ACTIVE
FA-EA37267818,NIG-410,CP-410-202505-01,BUILDING,Buildings and improvements - CP-410-202505-01,150200,,2025-05-10,2025-05-10,30,STRAIGHT_LINE,29723.93,0.0,EUR,ACTIVE
FA-456A36C98B,NIG-410,CP-410-202505-01,PLANT,Machinery and equipment - CP-410-202505-01,150300,,2025-05-10,2025-05-10,10,STRAIGHT_LINE,56970.87,0.0,EUR,ACTIVE
FA-8A859DA3C8,NIG-410,CP-410-202505-01,VEHICLE,Vehicles - CP-410-202505-01,150400,,2025-05-10,2025-05-10,6,STRAIGHT_LINE,16100.46,0.0,EUR,ACTIVE
FA-C6CD2A57B7,NIG-410,CP-410-202505-01,IT,Computer hardware and software - CP-410-202505-01,150500,,2025-05-10,2025-05-10,4,STRAIGHT_LINE,11146.47,0.0,EUR,ACTIVE
FA-0D8E71D116,NIG-410,CP-410-202505-01,LEASEHOLD,Leasehold improvements - CP-410-202505-01,150600,,2025-05-10,2025-05-10,8,STRAIGHT_LINE,9907.98,0.0,EUR,ACTIVE
FA-CCC6547A8A,NIG-410,CP-410-202506-01,BUILDING,Buildings and improvements - CP-410-202506-01,150200,,2025-06-10,2025-06-10,30,STRAIGHT_LINE,29723.93,0.0,EUR,ACTIVE
FA-CC93421B7F,NIG-410,CP-410-202506-01,PLANT,Machinery and equipment - CP-410-202506-01,150300,,2025-06-10,2025-06-10,10,STRAIGHT_LINE,56970.87,0.0,EUR,ACTIVE
FA-880AFCA18A,NIG-410,CP-410-202506-01,VEHICLE,Vehicles - CP-410-202506-01,150400,,2025-06-10,2025-06-10,6,STRAIGHT_LINE,16100.46,0.0,EUR,ACTIVE
FA-2F0C0449D5,NIG-410,CP-410-202506-01,IT,Computer hardware and software - CP-410-202506-01,150500,,2025-06-10,2025-06-10,4,STRAIGHT_LINE,11146.47,0.0,EUR,ACTIVE
FA-AE13146DA3,NIG-410,CP-410-202506-01,LEASEHOLD,Leasehold improvements - CP-410-202506-01,150600,,2025-06-10,2025-06-10,8,STRAIGHT_LINE,9907.98,0.0,EUR,ACTIVE
FA-E41D533662,NIG-410,CP-410-202507-01,BUILDING,Buildings and improvements - CP-410-202507-01,150200,,2025-07-10,2025-07-10,30,STRAIGHT_LINE,29723.93,0.0,EUR,ACTIVE
FA-6208AD1320,NIG-410,CP-410-202507-01,PLANT,Machinery and equipment - CP-410-202507-01,150300,,2025-07-10,2025-07-10,10,STRAIGHT_LINE,56970.87,0.0,EUR,ACTIVE
FA-A8244618EF,NIG-410,CP-410-202507-01,VEHICLE,Vehicles - CP-410-202507-01,150400,,2025-07-10,2025-07-10,6,STRAIGHT_LINE,16100.46,0.0,EUR,ACTIVE
FA-7B14D50493,NIG-410,CP-410-202507-01,IT,Computer hardware and software - CP-410-202507-01,150500,,2025-07-10,2025-07-10,4,STRAIGHT_LINE,11146.47,0.0,EUR,ACTIVE
FA-94F694C6B1,NIG-410,CP-410-202507-01,LEASEHOLD,Leasehold improvements - CP-410-202507-01,150600,,2025-07-10,2025-07-10,8,STRAIGHT_LINE,9907.98,0.0,EUR,ACTIVE
FA-C6334C4729,NIG-410,CP-410-202508-01,BUILDING,Buildings and improvements - CP-410-202508-01,150200,,2025-08-10,2025-08-10,30,STRAIGHT_LINE,29723.93,0.0,EUR,ACTIVE
FA-27A71632EB,NIG-410,CP-410-202508-01,PLANT,Machinery and equipment - CP-410-202508-01,150300,,2025-08-10,2025-08-10,10,STRAIGHT_LINE,56970.87,0.0,EUR,ACTIVE
FA-69734D1BE4,NIG-410,CP-410-202508-01,VEHICLE,Vehicles - CP-410-202508-01,150400,,2025-08-10,2025-08-10,6,STRAIGHT_LINE,16100.46,0.0,EUR,ACTIVE
FA-AAC37939A2,NIG-410,CP-410-202508-01,IT,Computer hardware and software - CP-410-202508-01,150500,,2025-08-10,2025-08-10,4,STRAIGHT_LINE,11146.47,0.0,EUR,ACTIVE
FA-C91EF0DFEA,NIG-410,CP-410-202508-01,LEASEHOLD,Leasehold improvements - CP-410-202508-01,150600,,2025-08-10,2025-08-10,8,STRAIGHT_LINE,9907.98,0.0,EUR,ACTIVE
FA-3E1349C236,NIG-410,CP-410-202509-01,BUILDING,Buildings and improvements - CP-410-202509-01,150200,,2025-09-10,2025-09-10,30,STRAIGHT_LINE,29723.93,0.0,EUR,ACTIVE
FA-5C6E6E1E76,NIG-410,CP-410-202509-01,PLANT,Machinery and equipment - CP-410-202509-01,150300,,2025-09-10,2025-09-10,10,STRAIGHT_LINE,56970.87,0.0,EUR,ACTIVE
FA-23527F3220,NIG-410,CP-410-202509-01,VEHICLE,Vehicles - CP-410-202509-01,150400,,2025-09-10,2025-09-10,6,STRAIGHT_LINE,16100.46,0.0,EUR,ACTIVE
FA-16BA2AB71F,NIG-410,CP-410-202509-01,IT,Computer hardware and software - CP-410-202509-01,150500,,2025-09-10,2025-09-10,4,STRAIGHT_LINE,11146.47,0.0,EUR,ACTIVE
FA-78D8668594,NIG-410,CP-410-202509-01,LEASEHOLD,Leasehold improvements - CP-410-202509-01,150600,,2025-09-10,2025-09-10,8,STRAIGHT_LINE,9907.98,0.0,EUR,ACTIVE
FA-D9382FAD55,NIG-410,CP-410-202510-01,BUILDING,Buildings and improvements - CP-410-202510-01,150200,,2025-10-10,2025-10-10,30,STRAIGHT_LINE,29723.93,0.0,EUR,ACTIVE
FA-DDA2863763,NIG-410,CP-410-202510-01,PLANT,Machinery and equipment - CP-410-202510-01,150300,,2025-10-10,2025-10-10,10,STRAIGHT_LINE,56970.87,0.0,EUR,ACTIVE
FA-FAB92D9D30,NIG-410,CP-410-202510-01,VEHICLE,Vehicles - CP-410-202510-01,150400,,2025-10-10,2025-10-10,6,STRAIGHT_LINE,16100.46,0.0,EUR,ACTIVE
FA-DD89D3836E,NIG-410,CP-410-202510-01,IT,Computer hardware and software - CP-410-202510-01,150500,,2025-10-10,2025-10-10,4,STRAIGHT_LINE,11146.47,0.0,EUR,ACTIVE
FA-B15F3FE039,NIG-410,CP-410-202510-01,LEASEHOLD,Leasehold improvements - CP-410-202510-01,150600,,2025-10-10,2025-10-10,8,STRAIGHT_LINE,9907.98,0.0,EUR,ACTIVE
FA-48DDF6F9B7,NIG-410,CP-410-202511-01,BUILDING,Buildings and improvements - CP-410-202511-01,150200,,2025-11-10,2025-11-10,30,STRAIGHT_LINE,29723.93,0.0,EUR,ACTIVE
FA-AE6574087E,NIG-410,CP-410-202511-01,PLANT,Machinery and equipment - CP-410-202511-01,150300,,2025-11-10,2025-11-10,10,STRAIGHT_LINE,56970.87,0.0,EUR,ACTIVE
FA-E8A76940BC,NIG-410,CP-410-202511-01,VEHICLE,Vehicles - CP-410-202511-01,150400,,2025-11-10,2025-11-10,6,STRAIGHT_LINE,16100.46,0.0,EUR,ACTIVE
FA-7C3400DB5C,NIG-410,CP-410-202511-01,IT,Computer hardware and software - CP-410-202511-01,150500,,2025-11-10,2025-11-10,4,STRAIGHT_LINE,11146.47,0.0,EUR,ACTIVE
FA-2A7B169C7E,NIG-410,CP-410-202511-01,LEASEHOLD,Leasehold improvements - CP-410-202511-01,150600,,2025-11-10,2025-11-10,8,STRAIGHT_LINE,9907.98,0.0,EUR,ACTIVE
FA-589B838F1D,NIG-410,CP-410-202512-01,BUILDING,Buildings and improvements - CP-410-202512-01,150200,,2025-12-10,2025-12-10,30,STRAIGHT_LINE,29723.93,0.0,EUR,ACTIVE
FA-07BFA6F31B,NIG-410,CP-410-202512-01,PLANT,Machinery and equipment - CP-410-202512-01,150300,,2025-12-10,2025-12-10,10,STRAIGHT_LINE,56970.87,0.0,EUR,ACTIVE
FA-4E4911B775,NIG-410,CP-410-202512-01,VEHICLE,Vehicles - CP-410-202512-01,150400,,2025-12-10,2025-12-10,6,STRAIGHT_LINE,16100.46,0.0,EUR,ACTIVE
FA-1B6704486D,NIG-410,CP-410-202512-01,IT,Computer hardware and software - CP-410-202512-01,150500,,2025-12-10,2025-12-10,4,STRAIGHT_LINE,11146.47,0.0,EUR,ACTIVE
FA-B50E36A637,NIG-410,CP-410-202512-01,LEASEHOLD,Leasehold improvements - CP-410-202512-01,150600,,2025-12-10,2025-12-10,8,STRAIGHT_LINE,9907.98,0.0,EUR,ACTIVE
FA-7962D34139,NIG-410,CP-410-202601-01,BUILDING,Buildings and improvements - CP-410-202601-01,150200,,2026-01-10,2026-01-10,30,STRAIGHT_LINE,8757.4,0.0,EUR,ACTIVE
FA-94F6B12411,NIG-410,CP-410-202601-01,PLANT,Machinery and equipment - CP-410-202601-01,150300,,2026-01-10,2026-01-10,10,STRAIGHT_LINE,16785.01,0.0,EUR,ACTIVE
FA-D1555F7E5E,NIG-410,CP-410-202601-01,VEHICLE,Vehicles - CP-410-202601-01,150400,,2026-01-10,2026-01-10,6,STRAIGHT_LINE,4743.59,0.0,EUR,ACTIVE
FA-FF26E3C5C7,NIG-410,CP-410-202601-01,IT,Computer hardware and software - CP-410-202601-01,150500,,2026-01-10,2026-01-10,4,STRAIGHT_LINE,3284.02,0.0,EUR,ACTIVE
FA-D5767ECDBC,NIG-410,CP-410-202601-01,LEASEHOLD,Leasehold improvements - CP-410-202601-01,150600,,2026-01-10,2026-01-10,8,STRAIGHT_LINE,2919.13,0.0,EUR,ACTIVE
FA-8F4DEF7F55,NIG-410,CP-410-202602-01,BUILDING,Buildings and improvements - CP-410-202602-01,150200,,2026-02-10,2026-02-10,30,STRAIGHT_LINE,8757.4,0.0,EUR,ACTIVE
FA-03A92549CC,NIG-410,CP-410-202602-01,PLANT,Machinery and equipment - CP-410-202602-01,150300,,2026-02-10,2026-02-10,10,STRAIGHT_LINE,16785.01,0.0,EUR,ACTIVE
FA-E6247AF647,NIG-410,CP-410-202602-01,VEHICLE,Vehicles - CP-410-202602-01,150400,,2026-02-10,2026-02-10,6,STRAIGHT_LINE,4743.59,0.0,EUR,ACTIVE
FA-61203606C9,NIG-410,CP-410-202602-01,IT,Computer hardware and software - CP-410-202602-01,150500,,2026-02-10,2026-02-10,4,STRAIGHT_LINE,3284.02,0.0,EUR,ACTIVE
FA-F03635B6C1,NIG-410,CP-410-202602-01,LEASEHOLD,Leasehold improvements - CP-410-202602-01,150600,,2026-02-10,2026-02-10,8,STRAIGHT_LINE,2919.13,0.0,EUR,ACTIVE
FA-E8F0537DDE,NIG-410,CP-410-202603-01,BUILDING,Buildings and improvements - CP-410-202603-01,150200,,2026-03-10,2026-03-10,30,STRAIGHT_LINE,8757.4,0.0,EUR,ACTIVE
FA-E07DC553EA,NIG-410,CP-410-202603-01,PLANT,Machinery and equipment - CP-410-202603-01,150300,,2026-03-10,2026-03-10,10,STRAIGHT_LINE,16785.01,0.0,EUR,ACTIVE
FA-8E2A87FA4C,NIG-410,CP-410-202603-01,VEHICLE,Vehicles - CP-410-202603-01,150400,,2026-03-10,2026-03-10,6,STRAIGHT_LINE,4743.59,0.0,EUR,ACTIVE
FA-717F597F77,NIG-410,CP-410-202603-01,IT,Computer hardware and software - CP-410-202603-01,150500,,2026-03-10,2026-03-10,4,STRAIGHT_LINE,3284.02,0.0,EUR,ACTIVE
FA-96A89AD9F8,NIG-410,CP-410-202603-01,LEASEHOLD,Leasehold improvements - CP-410-202603-01,150600,,2026-03-10,2026-03-10,8,STRAIGHT_LINE,2919.13,0.0,EUR,ACTIVE
FA-2FB66F59D1,NIG-410,CP-410-202604-01,BUILDING,Buildings and improvements - CP-410-202604-01,150200,,2026-04-10,2026-04-10,30,STRAIGHT_LINE,8757.4,0.0,EUR,ACTIVE
FA-799C7486C5,NIG-410,CP-410-202604-01,PLANT,Machinery and equipment - CP-410-202604-01,150300,,2026-04-10,2026-04-10,10,STRAIGHT_LINE,16785.01,0.0,EUR,ACTIVE
FA-4DDF98C0D6,NIG-410,CP-410-202604-01,VEHICLE,Vehicles - CP-410-202604-01,150400,,2026-04-10,2026-04-10,6,STRAIGHT_LINE,4743.59,0.0,EUR,ACTIVE
FA-E3553157E4,NIG-410,CP-410-202604-01,IT,Computer hardware and software - CP-410-202604-01,150500,,2026-04-10,2026-04-10,4,STRAIGHT_LINE,3284.02,0.0,EUR,ACTIVE
FA-D115EA0D7E,NIG-410,CP-410-202604-01,LEASEHOLD,Leasehold improvements - CP-410-202604-01,150600,,2026-04-10,2026-04-10,8,STRAIGHT_LINE,2919.13,0.0,EUR,ACTIVE
FA-9ED6CF70F7,NIG-410,CP-410-202605-01,BUILDING,Buildings and improvements - CP-410-202605-01,150200,,2026-05-10,2026-05-10,30,STRAIGHT_LINE,8757.4,0.0,EUR,ACTIVE
FA-5D49B636D3,NIG-410,CP-410-202605-01,PLANT,Machinery and equipment - CP-410-202605-01,150300,,2026-05-10,2026-05-10,10,STRAIGHT_LINE,16785.01,0.0,EUR,ACTIVE
FA-5AAE4A5D6B,NIG-410,CP-410-202605-01,VEHICLE,Vehicles - CP-410-202605-01,150400,,2026-05-10,2026-05-10,6,STRAIGHT_LINE,4743.59,0.0,EUR,ACTIVE
FA-15C35635A9,NIG-410,CP-410-202605-01,IT,Computer hardware and software - CP-410-202605-01,150500,,2026-05-10,2026-05-10,4,STRAIGHT_LINE,3284.02,0.0,EUR,ACTIVE
FA-837C172A0E,NIG-410,CP-410-202605-01,LEASEHOLD,Leasehold improvements - CP-410-202605-01,150600,,2026-05-10,2026-05-10,8,STRAIGHT_LINE,2919.13,0.0,EUR,ACTIVE
FA-327B9B7B51,NIG-410,CP-410-202606-01,BUILDING,Buildings and improvements - CP-410-202606-01,150200,,2026-06-10,2026-06-10,30,STRAIGHT_LINE,8757.4,0.0,EUR,ACTIVE
FA-A3DFEFEA70,NIG-410,CP-410-202606-01,PLANT,Machinery and equipment - CP-410-202606-01,150300,,2026-06-10,2026-06-10,10,STRAIGHT_LINE,16785.01,0.0,EUR,ACTIVE
FA-A5890CCDB6,NIG-410,CP-410-202606-01,VEHICLE,Vehicles - CP-410-202606-01,150400,,2026-06-10,2026-06-10,6,STRAIGHT_LINE,4743.59,0.0,EUR,ACTIVE
FA-AF5686C383,NIG-410,CP-410-202606-01,IT,Computer hardware and software - CP-410-202606-01,150500,,2026-06-10,2026-06-10,4,STRAIGHT_LINE,3284.02,0.0,EUR,ACTIVE
FA-CF9FEB71A0,NIG-410,CP-410-202606-01,LEASEHOLD,Leasehold improvements - CP-410-202606-01,150600,,2026-06-10,2026-06-10,8,STRAIGHT_LINE,2919.13,0.0,EUR,ACTIVE
FA-25AD2488D1,NIG-410,CP-410-202607-01,BUILDING,Buildings and improvements - CP-410-202607-01,150200,,2026-07-10,2026-07-10,30,STRAIGHT_LINE,8757.4,0.0,EUR,ACTIVE
FA-2EBE6F8421,NIG-410,CP-410-202607-01,PLANT,Machinery and equipment - CP-410-202607-01,150300,,2026-07-10,2026-07-10,10,STRAIGHT_LINE,16785.01,0.0,EUR,ACTIVE
FA-C3C9760233,NIG-410,CP-410-202607-01,VEHICLE,Vehicles - CP-410-202607-01,150400,,2026-07-10,2026-07-10,6,STRAIGHT_LINE,4743.59,0.0,EUR,ACTIVE
FA-D1126366A9,NIG-410,CP-410-202607-01,IT,Computer hardware and software - CP-410-202607-01,150500,,2026-07-10,2026-07-10,4,STRAIGHT_LINE,3284.02,0.0,EUR,ACTIVE
FA-03941462E9,NIG-410,CP-410-202607-01,LEASEHOLD,Leasehold improvements - CP-410-202607-01,150600,,2026-07-10,2026-07-10,8,STRAIGHT_LINE,2919.13,0.0,EUR,ACTIVE
FA-BFF2A314BB,NIG-410,CP-410-202608-01,BUILDING,Buildings and improvements - CP-410-202608-01,150200,,2026-08-10,2026-08-10,30,STRAIGHT_LINE,8757.4,0.0,EUR,ACTIVE
FA-E26FD1D740,NIG-410,CP-410-202608-01,PLANT,Machinery and equipment - CP-410-202608-01,150300,,2026-08-10,2026-08-10,10,STRAIGHT_LINE,16785.01,0.0,EUR,ACTIVE
FA-DCC9B9CB60,NIG-410,CP-410-202608-01,VEHICLE,Vehicles - CP-410-202608-01,150400,,2026-08-10,2026-08-10,6,STRAIGHT_LINE,4743.59,0.0,EUR,ACTIVE
FA-850BFEF0DD,NIG-410,CP-410-202608-01,IT,Computer hardware and software - CP-410-202608-01,150500,,2026-08-10,2026-08-10,4,STRAIGHT_LINE,3284.02,0.0,EUR,ACTIVE
FA-F9DE7832D4,NIG-410,CP-410-202608-01,LEASEHOLD,Leasehold improvements - CP-410-202608-01,150600,,2026-08-10,2026-08-10,8,STRAIGHT_LINE,2919.13,0.0,EUR,ACTIVE
FA-3193416141,NIG-500,CP-500-202301-01,BUILDING,Buildings and improvements - CP-500-202301-01,150200,,2023-01-10,2023-01-10,30,STRAIGHT_LINE,5292.32,0.0,USD,ACTIVE
FA-C5F561043C,NIG-500,CP-500-202301-01,PLANT,Machinery and equipment - CP-500-202301-01,150300,,2023-01-10,2023-01-10,10,STRAIGHT_LINE,10143.62,0.0,USD,ACTIVE
FA-83D8CB9841,NIG-500,CP-500-202301-01,VEHICLE,Vehicles - CP-500-202301-01,150400,,2023-01-10,2023-01-10,6,STRAIGHT_LINE,2866.67,0.0,USD,ACTIVE
FA-3D46C956B5,NIG-500,CP-500-202301-01,IT,Computer hardware and software - CP-500-202301-01,150500,,2023-01-10,2023-01-10,4,STRAIGHT_LINE,1984.62,0.0,USD,ACTIVE
FA-827D917E21,NIG-500,CP-500-202301-01,LEASEHOLD,Leasehold improvements - CP-500-202301-01,150600,,2023-01-10,2023-01-10,8,STRAIGHT_LINE,1764.11,0.0,USD,ACTIVE
FA-B9CA1FCB4F,NIG-500,CP-500-202302-01,BUILDING,Buildings and improvements - CP-500-202302-01,150200,,2023-02-10,2023-02-10,30,STRAIGHT_LINE,5292.32,0.0,USD,ACTIVE
FA-B2F61514F6,NIG-500,CP-500-202302-01,PLANT,Machinery and equipment - CP-500-202302-01,150300,,2023-02-10,2023-02-10,10,STRAIGHT_LINE,10143.62,0.0,USD,ACTIVE
FA-92BF88BCCA,NIG-500,CP-500-202302-01,VEHICLE,Vehicles - CP-500-202302-01,150400,,2023-02-10,2023-02-10,6,STRAIGHT_LINE,2866.67,0.0,USD,ACTIVE
FA-584817444E,NIG-500,CP-500-202302-01,IT,Computer hardware and software - CP-500-202302-01,150500,,2023-02-10,2023-02-10,4,STRAIGHT_LINE,1984.62,0.0,USD,ACTIVE
FA-21D31CEF3E,NIG-500,CP-500-202302-01,LEASEHOLD,Leasehold improvements - CP-500-202302-01,150600,,2023-02-10,2023-02-10,8,STRAIGHT_LINE,1764.11,0.0,USD,ACTIVE
FA-094329E46C,NIG-500,CP-500-202303-01,BUILDING,Buildings and improvements - CP-500-202303-01,150200,,2023-03-10,2023-03-10,30,STRAIGHT_LINE,5292.32,0.0,USD,ACTIVE
FA-C5F316CBE3,NIG-500,CP-500-202303-01,PLANT,Machinery and equipment - CP-500-202303-01,150300,,2023-03-10,2023-03-10,10,STRAIGHT_LINE,10143.62,0.0,USD,ACTIVE
FA-1CC41DE09D,NIG-500,CP-500-202303-01,VEHICLE,Vehicles - CP-500-202303-01,150400,,2023-03-10,2023-03-10,6,STRAIGHT_LINE,2866.67,0.0,USD,ACTIVE
FA-C0F0D24662,NIG-500,CP-500-202303-01,IT,Computer hardware and software - CP-500-202303-01,150500,,2023-03-10,2023-03-10,4,STRAIGHT_LINE,1984.62,0.0,USD,ACTIVE
FA-1C69EFB17D,NIG-500,CP-500-202303-01,LEASEHOLD,Leasehold improvements - CP-500-202303-01,150600,,2023-03-10,2023-03-10,8,STRAIGHT_LINE,1764.11,0.0,USD,ACTIVE
FA-A192ECF38F,NIG-500,CP-500-202304-01,BUILDING,Buildings and improvements - CP-500-202304-01,150200,,2023-04-10,2023-04-10,30,STRAIGHT_LINE,5292.32,0.0,USD,ACTIVE
FA-A5D1081B7F,NIG-500,CP-500-202304-01,PLANT,Machinery and equipment - CP-500-202304-01,150300,,2023-04-10,2023-04-10,10,STRAIGHT_LINE,10143.62,0.0,USD,ACTIVE
FA-91138FB2C5,NIG-500,CP-500-202304-01,VEHICLE,Vehicles - CP-500-202304-01,150400,,2023-04-10,2023-04-10,6,STRAIGHT_LINE,2866.67,0.0,USD,ACTIVE
FA-F4064CE016,NIG-500,CP-500-202304-01,IT,Computer hardware and software - CP-500-202304-01,150500,,2023-04-10,2023-04-10,4,STRAIGHT_LINE,1984.62,0.0,USD,ACTIVE
FA-3931758659,NIG-500,CP-500-202304-01,LEASEHOLD,Leasehold improvements - CP-500-202304-01,150600,,2023-04-10,2023-04-10,8,STRAIGHT_LINE,1764.11,0.0,USD,ACTIVE
FA-BA08E85E83,NIG-500,CP-500-202305-01,BUILDING,Buildings and improvements - CP-500-202305-01,150200,,2023-05-10,2023-05-10,30,STRAIGHT_LINE,5292.32,0.0,USD,ACTIVE
FA-5375F2DE2C,NIG-500,CP-500-202305-01,PLANT,Machinery and equipment - CP-500-202305-01,150300,,2023-05-10,2023-05-10,10,STRAIGHT_LINE,10143.62,0.0,USD,ACTIVE
FA-3FF21FC80C,NIG-500,CP-500-202305-01,VEHICLE,Vehicles - CP-500-202305-01,150400,,2023-05-10,2023-05-10,6,STRAIGHT_LINE,2866.67,0.0,USD,ACTIVE
FA-635D66F1B1,NIG-500,CP-500-202305-01,IT,Computer hardware and software - CP-500-202305-01,150500,,2023-05-10,2023-05-10,4,STRAIGHT_LINE,1984.62,0.0,USD,ACTIVE
FA-D28253FE27,NIG-500,CP-500-202305-01,LEASEHOLD,Leasehold improvements - CP-500-202305-01,150600,,2023-05-10,2023-05-10,8,STRAIGHT_LINE,1764.11,0.0,USD,ACTIVE
FA-E5B104770D,NIG-500,CP-500-202306-01,BUILDING,Buildings and improvements - CP-500-202306-01,150200,,2023-06-10,2023-06-10,30,STRAIGHT_LINE,5292.32,0.0,USD,ACTIVE
FA-F234A86296,NIG-500,CP-500-202306-01,PLANT,Machinery and equipment - CP-500-202306-01,150300,,2023-06-10,2023-06-10,10,STRAIGHT_LINE,10143.62,0.0,USD,ACTIVE
FA-98E6660969,NIG-500,CP-500-202306-01,VEHICLE,Vehicles - CP-500-202306-01,150400,,2023-06-10,2023-06-10,6,STRAIGHT_LINE,2866.67,0.0,USD,ACTIVE
FA-17C9F10EE5,NIG-500,CP-500-202306-01,IT,Computer hardware and software - CP-500-202306-01,150500,,2023-06-10,2023-06-10,4,STRAIGHT_LINE,1984.62,0.0,USD,ACTIVE
FA-BF6B385640,NIG-500,CP-500-202306-01,LEASEHOLD,Leasehold improvements - CP-500-202306-01,150600,,2023-06-10,2023-06-10,8,STRAIGHT_LINE,1764.11,0.0,USD,ACTIVE
FA-92464BB129,NIG-500,CP-500-202307-01,BUILDING,Buildings and improvements - CP-500-202307-01,150200,,2023-07-10,2023-07-10,30,STRAIGHT_LINE,5292.32,0.0,USD,ACTIVE
FA-BAC1AA1E43,NIG-500,CP-500-202307-01,PLANT,Machinery and equipment - CP-500-202307-01,150300,,2023-07-10,2023-07-10,10,STRAIGHT_LINE,10143.62,0.0,USD,ACTIVE
FA-D7DC8ADB1C,NIG-500,CP-500-202307-01,VEHICLE,Vehicles - CP-500-202307-01,150400,,2023-07-10,2023-07-10,6,STRAIGHT_LINE,2866.67,0.0,USD,ACTIVE
FA-A0947AB2E0,NIG-500,CP-500-202307-01,IT,Computer hardware and software - CP-500-202307-01,150500,,2023-07-10,2023-07-10,4,STRAIGHT_LINE,1984.62,0.0,USD,ACTIVE
FA-3C5F2EF165,NIG-500,CP-500-202307-01,LEASEHOLD,Leasehold improvements - CP-500-202307-01,150600,,2023-07-10,2023-07-10,8,STRAIGHT_LINE,1764.11,0.0,USD,ACTIVE
FA-1B7A99D4C7,NIG-500,CP-500-202308-01,BUILDING,Buildings and improvements - CP-500-202308-01,150200,,2023-08-10,2023-08-10,30,STRAIGHT_LINE,5292.32,0.0,USD,ACTIVE
FA-054BB0B0D4,NIG-500,CP-500-202308-01,PLANT,Machinery and equipment - CP-500-202308-01,150300,,2023-08-10,2023-08-10,10,STRAIGHT_LINE,10143.62,0.0,USD,ACTIVE
FA-E97FBD706B,NIG-500,CP-500-202308-01,VEHICLE,Vehicles - CP-500-202308-01,150400,,2023-08-10,2023-08-10,6,STRAIGHT_LINE,2866.67,0.0,USD,ACTIVE
FA-3D4E4FD25A,NIG-500,CP-500-202308-01,IT,Computer hardware and software - CP-500-202308-01,150500,,2023-08-10,2023-08-10,4,STRAIGHT_LINE,1984.62,0.0,USD,ACTIVE
FA-D58587AFA5,NIG-500,CP-500-202308-01,LEASEHOLD,Leasehold improvements - CP-500-202308-01,150600,,2023-08-10,2023-08-10,8,STRAIGHT_LINE,1764.11,0.0,USD,ACTIVE
FA-BD56A3AFFA,NIG-500,CP-500-202309-01,BUILDING,Buildings and improvements - CP-500-202309-01,150200,,2023-09-10,2023-09-10,30,STRAIGHT_LINE,5292.32,0.0,USD,ACTIVE
FA-987C676FBD,NIG-500,CP-500-202309-01,PLANT,Machinery and equipment - CP-500-202309-01,150300,,2023-09-10,2023-09-10,10,STRAIGHT_LINE,10143.62,0.0,USD,ACTIVE
FA-9C04752E03,NIG-500,CP-500-202309-01,VEHICLE,Vehicles - CP-500-202309-01,150400,,2023-09-10,2023-09-10,6,STRAIGHT_LINE,2866.67,0.0,USD,ACTIVE
FA-90DD4B35D7,NIG-500,CP-500-202309-01,IT,Computer hardware and software - CP-500-202309-01,150500,,2023-09-10,2023-09-10,4,STRAIGHT_LINE,1984.62,0.0,USD,ACTIVE
FA-8FD0B828E5,NIG-500,CP-500-202309-01,LEASEHOLD,Leasehold improvements - CP-500-202309-01,150600,,2023-09-10,2023-09-10,8,STRAIGHT_LINE,1764.11,0.0,USD,ACTIVE
FA-DF819326E8,NIG-500,CP-500-202310-01,BUILDING,Buildings and improvements - CP-500-202310-01,150200,,2023-10-10,2023-10-10,30,STRAIGHT_LINE,5292.32,0.0,USD,ACTIVE
FA-724142A6C5,NIG-500,CP-500-202310-01,PLANT,Machinery and equipment - CP-500-202310-01,150300,,2023-10-10,2023-10-10,10,STRAIGHT_LINE,10143.62,0.0,USD,ACTIVE
FA-4D233CE995,NIG-500,CP-500-202310-01,VEHICLE,Vehicles - CP-500-202310-01,150400,,2023-10-10,2023-10-10,6,STRAIGHT_LINE,2866.67,0.0,USD,ACTIVE
FA-F9FE62971F,NIG-500,CP-500-202310-01,IT,Computer hardware and software - CP-500-202310-01,150500,,2023-10-10,2023-10-10,4,STRAIGHT_LINE,1984.62,0.0,USD,ACTIVE
FA-AAA142FCF3,NIG-500,CP-500-202310-01,LEASEHOLD,Leasehold improvements - CP-500-202310-01,150600,,2023-10-10,2023-10-10,8,STRAIGHT_LINE,1764.11,0.0,USD,ACTIVE
FA-F61EE1BCDB,NIG-500,CP-500-202311-01,BUILDING,Buildings and improvements - CP-500-202311-01,150200,,2023-11-10,2023-11-10,30,STRAIGHT_LINE,5292.32,0.0,USD,ACTIVE
FA-636D2FB1B1,NIG-500,CP-500-202311-01,PLANT,Machinery and equipment - CP-500-202311-01,150300,,2023-11-10,2023-11-10,10,STRAIGHT_LINE,10143.62,0.0,USD,ACTIVE
FA-BD0E2538C8,NIG-500,CP-500-202311-01,VEHICLE,Vehicles - CP-500-202311-01,150400,,2023-11-10,2023-11-10,6,STRAIGHT_LINE,2866.67,0.0,USD,ACTIVE
FA-86C2DD84BB,NIG-500,CP-500-202311-01,IT,Computer hardware and software - CP-500-202311-01,150500,,2023-11-10,2023-11-10,4,STRAIGHT_LINE,1984.62,0.0,USD,ACTIVE
FA-7F677E740B,NIG-500,CP-500-202311-01,LEASEHOLD,Leasehold improvements - CP-500-202311-01,150600,,2023-11-10,2023-11-10,8,STRAIGHT_LINE,1764.11,0.0,USD,ACTIVE
FA-0684A35A91,NIG-500,CP-500-202312-01,BUILDING,Buildings and improvements - CP-500-202312-01,150200,,2023-12-10,2023-12-10,30,STRAIGHT_LINE,5292.32,0.0,USD,ACTIVE
FA-EFD1632102,NIG-500,CP-500-202312-01,PLANT,Machinery and equipment - CP-500-202312-01,150300,,2023-12-10,2023-12-10,10,STRAIGHT_LINE,10143.62,0.0,USD,ACTIVE
FA-3A410A3FAE,NIG-500,CP-500-202312-01,VEHICLE,Vehicles - CP-500-202312-01,150400,,2023-12-10,2023-12-10,6,STRAIGHT_LINE,2866.67,0.0,USD,ACTIVE
FA-A618C8039D,NIG-500,CP-500-202312-01,IT,Computer hardware and software - CP-500-202312-01,150500,,2023-12-10,2023-12-10,4,STRAIGHT_LINE,1984.62,0.0,USD,ACTIVE
FA-852185E0B2,NIG-500,CP-500-202312-01,LEASEHOLD,Leasehold improvements - CP-500-202312-01,150600,,2023-12-10,2023-12-10,8,STRAIGHT_LINE,1764.11,0.0,USD,ACTIVE
FA-85AB7B5140,NIG-500,CP-500-202401-01,BUILDING,Buildings and improvements - CP-500-202401-01,150200,,2024-01-10,2024-01-10,30,STRAIGHT_LINE,10119.1,0.0,USD,ACTIVE
FA-BBAFF7D774,NIG-500,CP-500-202401-01,PLANT,Machinery and equipment - CP-500-202401-01,150300,,2024-01-10,2024-01-10,10,STRAIGHT_LINE,19394.94,0.0,USD,ACTIVE
FA-A7CD098705,NIG-500,CP-500-202401-01,VEHICLE,Vehicles - CP-500-202401-01,150400,,2024-01-10,2024-01-10,6,STRAIGHT_LINE,5481.18,0.0,USD,ACTIVE
FA-0E2266E09E,NIG-500,CP-500-202401-01,IT,Computer hardware and software - CP-500-202401-01,150500,,2024-01-10,2024-01-10,4,STRAIGHT_LINE,3794.66,0.0,USD,ACTIVE
FA-CF69894D6D,NIG-500,CP-500-202401-01,LEASEHOLD,Leasehold improvements - CP-500-202401-01,150600,,2024-01-10,2024-01-10,8,STRAIGHT_LINE,3373.03,0.0,USD,ACTIVE
FA-98871720CC,NIG-500,CP-500-202402-01,BUILDING,Buildings and improvements - CP-500-202402-01,150200,,2024-02-10,2024-02-10,30,STRAIGHT_LINE,10119.1,0.0,USD,ACTIVE
FA-D4AE455EF9,NIG-500,CP-500-202402-01,PLANT,Machinery and equipment - CP-500-202402-01,150300,,2024-02-10,2024-02-10,10,STRAIGHT_LINE,19394.94,0.0,USD,ACTIVE
FA-8A803EA5FB,NIG-500,CP-500-202402-01,VEHICLE,Vehicles - CP-500-202402-01,150400,,2024-02-10,2024-02-10,6,STRAIGHT_LINE,5481.18,0.0,USD,ACTIVE
FA-E2746D9ABE,NIG-500,CP-500-202402-01,IT,Computer hardware and software - CP-500-202402-01,150500,,2024-02-10,2024-02-10,4,STRAIGHT_LINE,3794.66,0.0,USD,ACTIVE
FA-FBF396CFAA,NIG-500,CP-500-202402-01,LEASEHOLD,Leasehold improvements - CP-500-202402-01,150600,,2024-02-10,2024-02-10,8,STRAIGHT_LINE,3373.03,0.0,USD,ACTIVE
FA-1DF4290E3A,NIG-500,CP-500-202403-01,BUILDING,Buildings and improvements - CP-500-202403-01,150200,,2024-03-10,2024-03-10,30,STRAIGHT_LINE,10119.1,0.0,USD,ACTIVE
FA-59C3D79306,NIG-500,CP-500-202403-01,PLANT,Machinery and equipment - CP-500-202403-01,150300,,2024-03-10,2024-03-10,10,STRAIGHT_LINE,19394.94,0.0,USD,ACTIVE
FA-26AD0C1CCF,NIG-500,CP-500-202403-01,VEHICLE,Vehicles - CP-500-202403-01,150400,,2024-03-10,2024-03-10,6,STRAIGHT_LINE,5481.18,0.0,USD,ACTIVE
FA-4AD6348C36,NIG-500,CP-500-202403-01,IT,Computer hardware and software - CP-500-202403-01,150500,,2024-03-10,2024-03-10,4,STRAIGHT_LINE,3794.66,0.0,USD,ACTIVE
FA-8CE8B6DD7E,NIG-500,CP-500-202403-01,LEASEHOLD,Leasehold improvements - CP-500-202403-01,150600,,2024-03-10,2024-03-10,8,STRAIGHT_LINE,3373.03,0.0,USD,ACTIVE
FA-E632A23E32,NIG-500,CP-500-202404-01,BUILDING,Buildings and improvements - CP-500-202404-01,150200,,2024-04-10,2024-04-10,30,STRAIGHT_LINE,10119.1,0.0,USD,ACTIVE
FA-BA716C7966,NIG-500,CP-500-202404-01,PLANT,Machinery and equipment - CP-500-202404-01,150300,,2024-04-10,2024-04-10,10,STRAIGHT_LINE,19394.94,0.0,USD,ACTIVE
FA-41FFA70A44,NIG-500,CP-500-202404-01,VEHICLE,Vehicles - CP-500-202404-01,150400,,2024-04-10,2024-04-10,6,STRAIGHT_LINE,5481.18,0.0,USD,ACTIVE
FA-5CB1BF17B8,NIG-500,CP-500-202404-01,IT,Computer hardware and software - CP-500-202404-01,150500,,2024-04-10,2024-04-10,4,STRAIGHT_LINE,3794.66,0.0,USD,ACTIVE
FA-54D44D2166,NIG-500,CP-500-202404-01,LEASEHOLD,Leasehold improvements - CP-500-202404-01,150600,,2024-04-10,2024-04-10,8,STRAIGHT_LINE,3373.03,0.0,USD,ACTIVE
FA-981B8BEA9C,NIG-500,CP-500-202405-01,BUILDING,Buildings and improvements - CP-500-202405-01,150200,,2024-05-10,2024-05-10,30,STRAIGHT_LINE,10119.1,0.0,USD,ACTIVE
FA-42B9B9FD78,NIG-500,CP-500-202405-01,PLANT,Machinery and equipment - CP-500-202405-01,150300,,2024-05-10,2024-05-10,10,STRAIGHT_LINE,19394.94,0.0,USD,ACTIVE
FA-CA9817B2B6,NIG-500,CP-500-202405-01,VEHICLE,Vehicles - CP-500-202405-01,150400,,2024-05-10,2024-05-10,6,STRAIGHT_LINE,5481.18,0.0,USD,ACTIVE
FA-D069EEC341,NIG-500,CP-500-202405-01,IT,Computer hardware and software - CP-500-202405-01,150500,,2024-05-10,2024-05-10,4,STRAIGHT_LINE,3794.66,0.0,USD,ACTIVE
FA-EB81EB520B,NIG-500,CP-500-202405-01,LEASEHOLD,Leasehold improvements - CP-500-202405-01,150600,,2024-05-10,2024-05-10,8,STRAIGHT_LINE,3373.03,0.0,USD,ACTIVE
FA-CE213A7CF9,NIG-500,CP-500-202406-01,BUILDING,Buildings and improvements - CP-500-202406-01,150200,,2024-06-10,2024-06-10,30,STRAIGHT_LINE,10119.1,0.0,USD,ACTIVE
FA-42AAE4285C,NIG-500,CP-500-202406-01,PLANT,Machinery and equipment - CP-500-202406-01,150300,,2024-06-10,2024-06-10,10,STRAIGHT_LINE,19394.94,0.0,USD,ACTIVE
FA-FF665202AD,NIG-500,CP-500-202406-01,VEHICLE,Vehicles - CP-500-202406-01,150400,,2024-06-10,2024-06-10,6,STRAIGHT_LINE,5481.18,0.0,USD,ACTIVE
FA-CD31912E76,NIG-500,CP-500-202406-01,IT,Computer hardware and software - CP-500-202406-01,150500,,2024-06-10,2024-06-10,4,STRAIGHT_LINE,3794.66,0.0,USD,ACTIVE
FA-48305315E0,NIG-500,CP-500-202406-01,LEASEHOLD,Leasehold improvements - CP-500-202406-01,150600,,2024-06-10,2024-06-10,8,STRAIGHT_LINE,3373.03,0.0,USD,ACTIVE
FA-F636E17192,NIG-500,CP-500-202407-01,BUILDING,Buildings and improvements - CP-500-202407-01,150200,,2024-07-10,2024-07-10,30,STRAIGHT_LINE,10119.1,0.0,USD,ACTIVE
FA-4FEF7BC82C,NIG-500,CP-500-202407-01,PLANT,Machinery and equipment - CP-500-202407-01,150300,,2024-07-10,2024-07-10,10,STRAIGHT_LINE,19394.94,0.0,USD,ACTIVE
FA-07BCE2A158,NIG-500,CP-500-202407-01,VEHICLE,Vehicles - CP-500-202407-01,150400,,2024-07-10,2024-07-10,6,STRAIGHT_LINE,5481.18,0.0,USD,ACTIVE
FA-72B2FD8A84,NIG-500,CP-500-202407-01,IT,Computer hardware and software - CP-500-202407-01,150500,,2024-07-10,2024-07-10,4,STRAIGHT_LINE,3794.66,0.0,USD,ACTIVE
FA-5A0824F3C6,NIG-500,CP-500-202407-01,LEASEHOLD,Leasehold improvements - CP-500-202407-01,150600,,2024-07-10,2024-07-10,8,STRAIGHT_LINE,3373.03,0.0,USD,ACTIVE
FA-62071E2098,NIG-500,CP-500-202408-01,BUILDING,Buildings and improvements - CP-500-202408-01,150200,,2024-08-10,2024-08-10,30,STRAIGHT_LINE,10119.1,0.0,USD,ACTIVE
FA-DD39C0415D,NIG-500,CP-500-202408-01,PLANT,Machinery and equipment - CP-500-202408-01,150300,,2024-08-10,2024-08-10,10,STRAIGHT_LINE,19394.94,0.0,USD,ACTIVE
FA-7246AC2611,NIG-500,CP-500-202408-01,VEHICLE,Vehicles - CP-500-202408-01,150400,,2024-08-10,2024-08-10,6,STRAIGHT_LINE,5481.18,0.0,USD,ACTIVE
FA-4C049B4971,NIG-500,CP-500-202408-01,IT,Computer hardware and software - CP-500-202408-01,150500,,2024-08-10,2024-08-10,4,STRAIGHT_LINE,3794.66,0.0,USD,ACTIVE
FA-005C8DBB50,NIG-500,CP-500-202408-01,LEASEHOLD,Leasehold improvements - CP-500-202408-01,150600,,2024-08-10,2024-08-10,8,STRAIGHT_LINE,3373.03,0.0,USD,ACTIVE
FA-0080211555,NIG-500,CP-500-202409-01,BUILDING,Buildings and improvements - CP-500-202409-01,150200,,2024-09-10,2024-09-10,30,STRAIGHT_LINE,10119.1,0.0,USD,ACTIVE
FA-655CC646D5,NIG-500,CP-500-202409-01,PLANT,Machinery and equipment - CP-500-202409-01,150300,,2024-09-10,2024-09-10,10,STRAIGHT_LINE,19394.94,0.0,USD,ACTIVE
FA-208CFC40B7,NIG-500,CP-500-202409-01,VEHICLE,Vehicles - CP-500-202409-01,150400,,2024-09-10,2024-09-10,6,STRAIGHT_LINE,5481.18,0.0,USD,ACTIVE
FA-938F7342BD,NIG-500,CP-500-202409-01,IT,Computer hardware and software - CP-500-202409-01,150500,,2024-09-10,2024-09-10,4,STRAIGHT_LINE,3794.66,0.0,USD,ACTIVE
FA-21D9B3633E,NIG-500,CP-500-202409-01,LEASEHOLD,Leasehold improvements - CP-500-202409-01,150600,,2024-09-10,2024-09-10,8,STRAIGHT_LINE,3373.03,0.0,USD,ACTIVE
FA-BE0EC240B6,NIG-500,CP-500-202410-01,BUILDING,Buildings and improvements - CP-500-202410-01,150200,,2024-10-10,2024-10-10,30,STRAIGHT_LINE,10119.1,0.0,USD,ACTIVE
FA-E670AE6625,NIG-500,CP-500-202410-01,PLANT,Machinery and equipment - CP-500-202410-01,150300,,2024-10-10,2024-10-10,10,STRAIGHT_LINE,19394.94,0.0,USD,ACTIVE
FA-13194E9052,NIG-500,CP-500-202410-01,VEHICLE,Vehicles - CP-500-202410-01,150400,,2024-10-10,2024-10-10,6,STRAIGHT_LINE,5481.18,0.0,USD,ACTIVE
FA-DBDA2816A3,NIG-500,CP-500-202410-01,IT,Computer hardware and software - CP-500-202410-01,150500,,2024-10-10,2024-10-10,4,STRAIGHT_LINE,3794.66,0.0,USD,ACTIVE
FA-B3CA0A44C8,NIG-500,CP-500-202410-01,LEASEHOLD,Leasehold improvements - CP-500-202410-01,150600,,2024-10-10,2024-10-10,8,STRAIGHT_LINE,3373.03,0.0,USD,ACTIVE
FA-EA5F240052,NIG-500,CP-500-202411-01,BUILDING,Buildings and improvements - CP-500-202411-01,150200,,2024-11-10,2024-11-10,30,STRAIGHT_LINE,10119.1,0.0,USD,ACTIVE
FA-3BEDC185FA,NIG-500,CP-500-202411-01,PLANT,Machinery and equipment - CP-500-202411-01,150300,,2024-11-10,2024-11-10,10,STRAIGHT_LINE,19394.94,0.0,USD,ACTIVE
FA-0B6F10CBAC,NIG-500,CP-500-202411-01,VEHICLE,Vehicles - CP-500-202411-01,150400,,2024-11-10,2024-11-10,6,STRAIGHT_LINE,5481.18,0.0,USD,ACTIVE
FA-11829A4F2C,NIG-500,CP-500-202411-01,IT,Computer hardware and software - CP-500-202411-01,150500,,2024-11-10,2024-11-10,4,STRAIGHT_LINE,3794.66,0.0,USD,ACTIVE
FA-730BEF0E7A,NIG-500,CP-500-202411-01,LEASEHOLD,Leasehold improvements - CP-500-202411-01,150600,,2024-11-10,2024-11-10,8,STRAIGHT_LINE,3373.03,0.0,USD,ACTIVE
FA-32F148D0AF,NIG-500,CP-500-202412-01,BUILDING,Buildings and improvements - CP-500-202412-01,150200,,2024-12-10,2024-12-10,30,STRAIGHT_LINE,10119.1,0.0,USD,ACTIVE
FA-A6AB12E341,NIG-500,CP-500-202412-01,PLANT,Machinery and equipment - CP-500-202412-01,150300,,2024-12-10,2024-12-10,10,STRAIGHT_LINE,19394.94,0.0,USD,ACTIVE
FA-33CE8213AB,NIG-500,CP-500-202412-01,VEHICLE,Vehicles - CP-500-202412-01,150400,,2024-12-10,2024-12-10,6,STRAIGHT_LINE,5481.18,0.0,USD,ACTIVE
FA-8ED99F7DDA,NIG-500,CP-500-202412-01,IT,Computer hardware and software - CP-500-202412-01,150500,,2024-12-10,2024-12-10,4,STRAIGHT_LINE,3794.66,0.0,USD,ACTIVE
FA-72F291D1A5,NIG-500,CP-500-202412-01,LEASEHOLD,Leasehold improvements - CP-500-202412-01,150600,,2024-12-10,2024-12-10,8,STRAIGHT_LINE,3373.03,0.0,USD,ACTIVE
FA-F7E392C7E6,NIG-500,CP-500-202501-01,BUILDING,Buildings and improvements - CP-500-202501-01,150200,,2025-01-10,2025-01-10,30,STRAIGHT_LINE,9348.13,0.0,USD,ACTIVE
FA-ED9385489E,NIG-500,CP-500-202501-01,PLANT,Machinery and equipment - CP-500-202501-01,150300,,2025-01-10,2025-01-10,10,STRAIGHT_LINE,17917.25,0.0,USD,ACTIVE
FA-8AF16E84EB,NIG-500,CP-500-202501-01,VEHICLE,Vehicles - CP-500-202501-01,150400,,2025-01-10,2025-01-10,6,STRAIGHT_LINE,5063.57,0.0,USD,ACTIVE
FA-D9DEE9D88D,NIG-500,CP-500-202501-01,IT,Computer hardware and software - CP-500-202501-01,150500,,2025-01-10,2025-01-10,4,STRAIGHT_LINE,3505.55,0.0,USD,ACTIVE
FA-5713D3E8A6,NIG-500,CP-500-202501-01,LEASEHOLD,Leasehold improvements - CP-500-202501-01,150600,,2025-01-10,2025-01-10,8,STRAIGHT_LINE,3116.04,0.0,USD,ACTIVE
FA-ADF740C2F5,NIG-500,CP-500-202502-01,BUILDING,Buildings and improvements - CP-500-202502-01,150200,,2025-02-10,2025-02-10,30,STRAIGHT_LINE,9348.13,0.0,USD,ACTIVE
FA-B9C8D85148,NIG-500,CP-500-202502-01,PLANT,Machinery and equipment - CP-500-202502-01,150300,,2025-02-10,2025-02-10,10,STRAIGHT_LINE,17917.25,0.0,USD,ACTIVE
FA-5422FEBEED,NIG-500,CP-500-202502-01,VEHICLE,Vehicles - CP-500-202502-01,150400,,2025-02-10,2025-02-10,6,STRAIGHT_LINE,5063.57,0.0,USD,ACTIVE
FA-DB62D3A1BC,NIG-500,CP-500-202502-01,IT,Computer hardware and software - CP-500-202502-01,150500,,2025-02-10,2025-02-10,4,STRAIGHT_LINE,3505.55,0.0,USD,ACTIVE
FA-9BB14423FE,NIG-500,CP-500-202502-01,LEASEHOLD,Leasehold improvements - CP-500-202502-01,150600,,2025-02-10,2025-02-10,8,STRAIGHT_LINE,3116.04,0.0,USD,ACTIVE
FA-D0F87393D8,NIG-500,CP-500-202503-01,BUILDING,Buildings and improvements - CP-500-202503-01,150200,,2025-03-10,2025-03-10,30,STRAIGHT_LINE,9348.13,0.0,USD,ACTIVE
FA-529725AB9C,NIG-500,CP-500-202503-01,PLANT,Machinery and equipment - CP-500-202503-01,150300,,2025-03-10,2025-03-10,10,STRAIGHT_LINE,17917.25,0.0,USD,ACTIVE
FA-15B39E2358,NIG-500,CP-500-202503-01,VEHICLE,Vehicles - CP-500-202503-01,150400,,2025-03-10,2025-03-10,6,STRAIGHT_LINE,5063.57,0.0,USD,ACTIVE
FA-A3167C7FD1,NIG-500,CP-500-202503-01,IT,Computer hardware and software - CP-500-202503-01,150500,,2025-03-10,2025-03-10,4,STRAIGHT_LINE,3505.55,0.0,USD,ACTIVE
FA-096E5FD74F,NIG-500,CP-500-202503-01,LEASEHOLD,Leasehold improvements - CP-500-202503-01,150600,,2025-03-10,2025-03-10,8,STRAIGHT_LINE,3116.04,0.0,USD,ACTIVE
FA-20A4138853,NIG-500,CP-500-202504-01,BUILDING,Buildings and improvements - CP-500-202504-01,150200,,2025-04-10,2025-04-10,30,STRAIGHT_LINE,9348.13,0.0,USD,ACTIVE
FA-069B376709,NIG-500,CP-500-202504-01,PLANT,Machinery and equipment - CP-500-202504-01,150300,,2025-04-10,2025-04-10,10,STRAIGHT_LINE,17917.25,0.0,USD,ACTIVE
FA-5B7A6A6DA6,NIG-500,CP-500-202504-01,VEHICLE,Vehicles - CP-500-202504-01,150400,,2025-04-10,2025-04-10,6,STRAIGHT_LINE,5063.57,0.0,USD,ACTIVE
FA-EEAE15C9CA,NIG-500,CP-500-202504-01,IT,Computer hardware and software - CP-500-202504-01,150500,,2025-04-10,2025-04-10,4,STRAIGHT_LINE,3505.55,0.0,USD,ACTIVE
FA-1C04394D2F,NIG-500,CP-500-202504-01,LEASEHOLD,Leasehold improvements - CP-500-202504-01,150600,,2025-04-10,2025-04-10,8,STRAIGHT_LINE,3116.04,0.0,USD,ACTIVE
FA-0A5CA01330,NIG-500,CP-500-202505-01,BUILDING,Buildings and improvements - CP-500-202505-01,150200,,2025-05-10,2025-05-10,30,STRAIGHT_LINE,9348.13,0.0,USD,ACTIVE
FA-4B8E120CC8,NIG-500,CP-500-202505-01,PLANT,Machinery and equipment - CP-500-202505-01,150300,,2025-05-10,2025-05-10,10,STRAIGHT_LINE,17917.25,0.0,USD,ACTIVE
FA-CDC4A2E9A2,NIG-500,CP-500-202505-01,VEHICLE,Vehicles - CP-500-202505-01,150400,,2025-05-10,2025-05-10,6,STRAIGHT_LINE,5063.57,0.0,USD,ACTIVE
FA-0C80329013,NIG-500,CP-500-202505-01,IT,Computer hardware and software - CP-500-202505-01,150500,,2025-05-10,2025-05-10,4,STRAIGHT_LINE,3505.55,0.0,USD,ACTIVE
FA-4B29D28AD9,NIG-500,CP-500-202505-01,LEASEHOLD,Leasehold improvements - CP-500-202505-01,150600,,2025-05-10,2025-05-10,8,STRAIGHT_LINE,3116.04,0.0,USD,ACTIVE
FA-4F93B206D1,NIG-500,CP-500-202506-01,BUILDING,Buildings and improvements - CP-500-202506-01,150200,,2025-06-10,2025-06-10,30,STRAIGHT_LINE,9348.13,0.0,USD,ACTIVE
FA-37FB2ACB16,NIG-500,CP-500-202506-01,PLANT,Machinery and equipment - CP-500-202506-01,150300,,2025-06-10,2025-06-10,10,STRAIGHT_LINE,17917.25,0.0,USD,ACTIVE
FA-84ADBE033F,NIG-500,CP-500-202506-01,VEHICLE,Vehicles - CP-500-202506-01,150400,,2025-06-10,2025-06-10,6,STRAIGHT_LINE,5063.57,0.0,USD,ACTIVE
FA-08E77C1934,NIG-500,CP-500-202506-01,IT,Computer hardware and software - CP-500-202506-01,150500,,2025-06-10,2025-06-10,4,STRAIGHT_LINE,3505.55,0.0,USD,ACTIVE
FA-28EB89C224,NIG-500,CP-500-202506-01,LEASEHOLD,Leasehold improvements - CP-500-202506-01,150600,,2025-06-10,2025-06-10,8,STRAIGHT_LINE,3116.04,0.0,USD,ACTIVE
FA-E254BE16C3,NIG-500,CP-500-202507-01,BUILDING,Buildings and improvements - CP-500-202507-01,150200,,2025-07-10,2025-07-10,30,STRAIGHT_LINE,9348.13,0.0,USD,ACTIVE
FA-690D29F71E,NIG-500,CP-500-202507-01,PLANT,Machinery and equipment - CP-500-202507-01,150300,,2025-07-10,2025-07-10,10,STRAIGHT_LINE,17917.25,0.0,USD,ACTIVE
FA-66829F6D1E,NIG-500,CP-500-202507-01,VEHICLE,Vehicles - CP-500-202507-01,150400,,2025-07-10,2025-07-10,6,STRAIGHT_LINE,5063.57,0.0,USD,ACTIVE
FA-27BD8129CE,NIG-500,CP-500-202507-01,IT,Computer hardware and software - CP-500-202507-01,150500,,2025-07-10,2025-07-10,4,STRAIGHT_LINE,3505.55,0.0,USD,ACTIVE
FA-F6CC933411,NIG-500,CP-500-202507-01,LEASEHOLD,Leasehold improvements - CP-500-202507-01,150600,,2025-07-10,2025-07-10,8,STRAIGHT_LINE,3116.04,0.0,USD,ACTIVE
FA-65F8AF35B1,NIG-500,CP-500-202508-01,BUILDING,Buildings and improvements - CP-500-202508-01,150200,,2025-08-10,2025-08-10,30,STRAIGHT_LINE,9348.13,0.0,USD,ACTIVE
FA-95B77DA336,NIG-500,CP-500-202508-01,PLANT,Machinery and equipment - CP-500-202508-01,150300,,2025-08-10,2025-08-10,10,STRAIGHT_LINE,17917.25,0.0,USD,ACTIVE
FA-F24B9B26A9,NIG-500,CP-500-202508-01,VEHICLE,Vehicles - CP-500-202508-01,150400,,2025-08-10,2025-08-10,6,STRAIGHT_LINE,5063.57,0.0,USD,ACTIVE
FA-148A5F8372,NIG-500,CP-500-202508-01,IT,Computer hardware and software - CP-500-202508-01,150500,,2025-08-10,2025-08-10,4,STRAIGHT_LINE,3505.55,0.0,USD,ACTIVE
FA-7D142D2A5C,NIG-500,CP-500-202508-01,LEASEHOLD,Leasehold improvements - CP-500-202508-01,150600,,2025-08-10,2025-08-10,8,STRAIGHT_LINE,3116.04,0.0,USD,ACTIVE
FA-127E71B34B,NIG-500,CP-500-202509-01,BUILDING,Buildings and improvements - CP-500-202509-01,150200,,2025-09-10,2025-09-10,30,STRAIGHT_LINE,9348.13,0.0,USD,ACTIVE
FA-A0819AEEDE,NIG-500,CP-500-202509-01,PLANT,Machinery and equipment - CP-500-202509-01,150300,,2025-09-10,2025-09-10,10,STRAIGHT_LINE,17917.25,0.0,USD,ACTIVE
FA-D6332A8274,NIG-500,CP-500-202509-01,VEHICLE,Vehicles - CP-500-202509-01,150400,,2025-09-10,2025-09-10,6,STRAIGHT_LINE,5063.57,0.0,USD,ACTIVE
FA-7437811FB6,NIG-500,CP-500-202509-01,IT,Computer hardware and software - CP-500-202509-01,150500,,2025-09-10,2025-09-10,4,STRAIGHT_LINE,3505.55,0.0,USD,ACTIVE
FA-04613B4ECB,NIG-500,CP-500-202509-01,LEASEHOLD,Leasehold improvements - CP-500-202509-01,150600,,2025-09-10,2025-09-10,8,STRAIGHT_LINE,3116.04,0.0,USD,ACTIVE
FA-D8443DE0E0,NIG-500,CP-500-202510-01,BUILDING,Buildings and improvements - CP-500-202510-01,150200,,2025-10-10,2025-10-10,30,STRAIGHT_LINE,9348.13,0.0,USD,ACTIVE
FA-8AA4FB65C6,NIG-500,CP-500-202510-01,PLANT,Machinery and equipment - CP-500-202510-01,150300,,2025-10-10,2025-10-10,10,STRAIGHT_LINE,17917.25,0.0,USD,ACTIVE
FA-0887E85637,NIG-500,CP-500-202510-01,VEHICLE,Vehicles - CP-500-202510-01,150400,,2025-10-10,2025-10-10,6,STRAIGHT_LINE,5063.57,0.0,USD,ACTIVE
FA-4D4AFC6C1B,NIG-500,CP-500-202510-01,IT,Computer hardware and software - CP-500-202510-01,150500,,2025-10-10,2025-10-10,4,STRAIGHT_LINE,3505.55,0.0,USD,ACTIVE
FA-195630D011,NIG-500,CP-500-202510-01,LEASEHOLD,Leasehold improvements - CP-500-202510-01,150600,,2025-10-10,2025-10-10,8,STRAIGHT_LINE,3116.04,0.0,USD,ACTIVE
FA-B3CF4A8FC5,NIG-500,CP-500-202511-01,BUILDING,Buildings and improvements - CP-500-202511-01,150200,,2025-11-10,2025-11-10,30,STRAIGHT_LINE,9348.13,0.0,USD,ACTIVE
FA-0CE30DD4A2,NIG-500,CP-500-202511-01,PLANT,Machinery and equipment - CP-500-202511-01,150300,,2025-11-10,2025-11-10,10,STRAIGHT_LINE,17917.25,0.0,USD,ACTIVE
FA-579A68DA2E,NIG-500,CP-500-202511-01,VEHICLE,Vehicles - CP-500-202511-01,150400,,2025-11-10,2025-11-10,6,STRAIGHT_LINE,5063.57,0.0,USD,ACTIVE
FA-EBD45D03C0,NIG-500,CP-500-202511-01,IT,Computer hardware and software - CP-500-202511-01,150500,,2025-11-10,2025-11-10,4,STRAIGHT_LINE,3505.55,0.0,USD,ACTIVE
FA-C556F6D9A5,NIG-500,CP-500-202511-01,LEASEHOLD,Leasehold improvements - CP-500-202511-01,150600,,2025-11-10,2025-11-10,8,STRAIGHT_LINE,3116.04,0.0,USD,ACTIVE
FA-44307151CA,NIG-500,CP-500-202512-01,BUILDING,Buildings and improvements - CP-500-202512-01,150200,,2025-12-10,2025-12-10,30,STRAIGHT_LINE,9348.13,0.0,USD,ACTIVE
FA-4E9E868CDF,NIG-500,CP-500-202512-01,PLANT,Machinery and equipment - CP-500-202512-01,150300,,2025-12-10,2025-12-10,10,STRAIGHT_LINE,17917.25,0.0,USD,ACTIVE
FA-4D19225DCB,NIG-500,CP-500-202512-01,VEHICLE,Vehicles - CP-500-202512-01,150400,,2025-12-10,2025-12-10,6,STRAIGHT_LINE,5063.57,0.0,USD,ACTIVE
FA-464F0672B0,NIG-500,CP-500-202512-01,IT,Computer hardware and software - CP-500-202512-01,150500,,2025-12-10,2025-12-10,4,STRAIGHT_LINE,3505.55,0.0,USD,ACTIVE
FA-5C9A88D9CC,NIG-500,CP-500-202512-01,LEASEHOLD,Leasehold improvements - CP-500-202512-01,150600,,2025-12-10,2025-12-10,8,STRAIGHT_LINE,3116.04,0.0,USD,ACTIVE
FA-B89DBA30CF,NIG-500,CP-500-202601-01,BUILDING,Buildings and improvements - CP-500-202601-01,150200,,2026-01-10,2026-01-10,30,STRAIGHT_LINE,12305.9,0.0,USD,ACTIVE
FA-A8A2E95FDA,NIG-500,CP-500-202601-01,PLANT,Machinery and equipment - CP-500-202601-01,150300,,2026-01-10,2026-01-10,10,STRAIGHT_LINE,23586.31,0.0,USD,ACTIVE
FA-CB9EFA7974,NIG-500,CP-500-202601-01,VEHICLE,Vehicles - CP-500-202601-01,150400,,2026-01-10,2026-01-10,6,STRAIGHT_LINE,6665.7,0.0,USD,ACTIVE
FA-19CBA449D4,NIG-500,CP-500-202601-01,IT,Computer hardware and software - CP-500-202601-01,150500,,2026-01-10,2026-01-10,4,STRAIGHT_LINE,4614.71,0.0,USD,ACTIVE
FA-806CD80164,NIG-500,CP-500-202601-01,LEASEHOLD,Leasehold improvements - CP-500-202601-01,150600,,2026-01-10,2026-01-10,8,STRAIGHT_LINE,4101.97,0.0,USD,ACTIVE
FA-CB0DCE2C8B,NIG-500,CP-500-202602-01,BUILDING,Buildings and improvements - CP-500-202602-01,150200,,2026-02-10,2026-02-10,30,STRAIGHT_LINE,12305.9,0.0,USD,ACTIVE
FA-4F58036360,NIG-500,CP-500-202602-01,PLANT,Machinery and equipment - CP-500-202602-01,150300,,2026-02-10,2026-02-10,10,STRAIGHT_LINE,23586.31,0.0,USD,ACTIVE
FA-1B8981B1F2,NIG-500,CP-500-202602-01,VEHICLE,Vehicles - CP-500-202602-01,150400,,2026-02-10,2026-02-10,6,STRAIGHT_LINE,6665.7,0.0,USD,ACTIVE
FA-7745CB6C49,NIG-500,CP-500-202602-01,IT,Computer hardware and software - CP-500-202602-01,150500,,2026-02-10,2026-02-10,4,STRAIGHT_LINE,4614.71,0.0,USD,ACTIVE
FA-82671A32DA,NIG-500,CP-500-202602-01,LEASEHOLD,Leasehold improvements - CP-500-202602-01,150600,,2026-02-10,2026-02-10,8,STRAIGHT_LINE,4101.97,0.0,USD,ACTIVE
FA-5D55D051F4,NIG-500,CP-500-202603-01,BUILDING,Buildings and improvements - CP-500-202603-01,150200,,2026-03-10,2026-03-10,30,STRAIGHT_LINE,12305.9,0.0,USD,ACTIVE
FA-10644CE1C8,NIG-500,CP-500-202603-01,PLANT,Machinery and equipment - CP-500-202603-01,150300,,2026-03-10,2026-03-10,10,STRAIGHT_LINE,23586.31,0.0,USD,ACTIVE
FA-DC9D1F90C2,NIG-500,CP-500-202603-01,VEHICLE,Vehicles - CP-500-202603-01,150400,,2026-03-10,2026-03-10,6,STRAIGHT_LINE,6665.7,0.0,USD,ACTIVE
FA-D7DAD8A258,NIG-500,CP-500-202603-01,IT,Computer hardware and software - CP-500-202603-01,150500,,2026-03-10,2026-03-10,4,STRAIGHT_LINE,4614.71,0.0,USD,ACTIVE
FA-2950080DB0,NIG-500,CP-500-202603-01,LEASEHOLD,Leasehold improvements - CP-500-202603-01,150600,,2026-03-10,2026-03-10,8,STRAIGHT_LINE,4101.97,0.0,USD,ACTIVE
FA-5096AE7243,NIG-500,CP-500-202604-01,BUILDING,Buildings and improvements - CP-500-202604-01,150200,,2026-04-10,2026-04-10,30,STRAIGHT_LINE,12305.9,0.0,USD,ACTIVE
FA-04F1D03F4A,NIG-500,CP-500-202604-01,PLANT,Machinery and equipment - CP-500-202604-01,150300,,2026-04-10,2026-04-10,10,STRAIGHT_LINE,23586.31,0.0,USD,ACTIVE
FA-07C97F0515,NIG-500,CP-500-202604-01,VEHICLE,Vehicles - CP-500-202604-01,150400,,2026-04-10,2026-04-10,6,STRAIGHT_LINE,6665.7,0.0,USD,ACTIVE
FA-892C99E35A,NIG-500,CP-500-202604-01,IT,Computer hardware and software - CP-500-202604-01,150500,,2026-04-10,2026-04-10,4,STRAIGHT_LINE,4614.71,0.0,USD,ACTIVE
FA-A3E3028467,NIG-500,CP-500-202604-01,LEASEHOLD,Leasehold improvements - CP-500-202604-01,150600,,2026-04-10,2026-04-10,8,STRAIGHT_LINE,4101.97,0.0,USD,ACTIVE
FA-BD78E333C2,NIG-500,CP-500-202605-01,BUILDING,Buildings and improvements - CP-500-202605-01,150200,,2026-05-10,2026-05-10,30,STRAIGHT_LINE,12305.9,0.0,USD,ACTIVE
FA-4E7051F247,NIG-500,CP-500-202605-01,PLANT,Machinery and equipment - CP-500-202605-01,150300,,2026-05-10,2026-05-10,10,STRAIGHT_LINE,23586.31,0.0,USD,ACTIVE
FA-6AA39528E2,NIG-500,CP-500-202605-01,VEHICLE,Vehicles - CP-500-202605-01,150400,,2026-05-10,2026-05-10,6,STRAIGHT_LINE,6665.7,0.0,USD,ACTIVE
FA-8B99EAB58A,NIG-500,CP-500-202605-01,IT,Computer hardware and software - CP-500-202605-01,150500,,2026-05-10,2026-05-10,4,STRAIGHT_LINE,4614.71,0.0,USD,ACTIVE
FA-63921EAD32,NIG-500,CP-500-202605-01,LEASEHOLD,Leasehold improvements - CP-500-202605-01,150600,,2026-05-10,2026-05-10,8,STRAIGHT_LINE,4101.97,0.0,USD,ACTIVE
FA-8535370650,NIG-500,CP-500-202606-01,BUILDING,Buildings and improvements - CP-500-202606-01,150200,,2026-06-10,2026-06-10,30,STRAIGHT_LINE,12305.9,0.0,USD,ACTIVE
FA-DE885D2BBE,NIG-500,CP-500-202606-01,PLANT,Machinery and equipment - CP-500-202606-01,150300,,2026-06-10,2026-06-10,10,STRAIGHT_LINE,23586.31,0.0,USD,ACTIVE
FA-763E89D4CE,NIG-500,CP-500-202606-01,VEHICLE,Vehicles - CP-500-202606-01,150400,,2026-06-10,2026-06-10,6,STRAIGHT_LINE,6665.7,0.0,USD,ACTIVE
FA-D986E626B9,NIG-500,CP-500-202606-01,IT,Computer hardware and software - CP-500-202606-01,150500,,2026-06-10,2026-06-10,4,STRAIGHT_LINE,4614.71,0.0,USD,ACTIVE
FA-1AAD960208,NIG-500,CP-500-202606-01,LEASEHOLD,Leasehold improvements - CP-500-202606-01,150600,,2026-06-10,2026-06-10,8,STRAIGHT_LINE,4101.97,0.0,USD,ACTIVE
FA-56FA1653C5,NIG-500,CP-500-202607-01,BUILDING,Buildings and improvements - CP-500-202607-01,150200,,2026-07-10,2026-07-10,30,STRAIGHT_LINE,12305.9,0.0,USD,ACTIVE
FA-80C705DFB4,NIG-500,CP-500-202607-01,PLANT,Machinery and equipment - CP-500-202607-01,150300,,2026-07-10,2026-07-10,10,STRAIGHT_LINE,23586.31,0.0,USD,ACTIVE
FA-C8DFE7E830,NIG-500,CP-500-202607-01,VEHICLE,Vehicles - CP-500-202607-01,150400,,2026-07-10,2026-07-10,6,STRAIGHT_LINE,6665.7,0.0,USD,ACTIVE
FA-28468417C6,NIG-500,CP-500-202607-01,IT,Computer hardware and software - CP-500-202607-01,150500,,2026-07-10,2026-07-10,4,STRAIGHT_LINE,4614.71,0.0,USD,ACTIVE
FA-217DD18AA7,NIG-500,CP-500-202607-01,LEASEHOLD,Leasehold improvements - CP-500-202607-01,150600,,2026-07-10,2026-07-10,8,STRAIGHT_LINE,4101.97,0.0,USD,ACTIVE
FA-34868DFF03,NIG-500,CP-500-202608-01,BUILDING,Buildings and improvements - CP-500-202608-01,150200,,2026-08-10,2026-08-10,30,STRAIGHT_LINE,12305.9,0.0,USD,ACTIVE
FA-EE08AAFA72,NIG-500,CP-500-202608-01,PLANT,Machinery and equipment - CP-500-202608-01,150300,,2026-08-10,2026-08-10,10,STRAIGHT_LINE,23586.31,0.0,USD,ACTIVE
FA-A958EF5AE5,NIG-500,CP-500-202608-01,VEHICLE,Vehicles - CP-500-202608-01,150400,,2026-08-10,2026-08-10,6,STRAIGHT_LINE,6665.7,0.0,USD,ACTIVE
FA-030389D254,NIG-500,CP-500-202608-01,IT,Computer hardware and software - CP-500-202608-01,150500,,2026-08-10,2026-08-10,4,STRAIGHT_LINE,4614.71,0.0,USD,ACTIVE
FA-E369F5C775,NIG-500,CP-500-202608-01,LEASEHOLD,Leasehold improvements - CP-500-202608-01,150600,,2026-08-10,2026-08-10,8,STRAIGHT_LINE,4101.97,0.0,USD,ACTIVE
FA-FC6706CEA3,NIG-510,CP-510-202401-01,BUILDING,Buildings and improvements - CP-510-202401-01,150200,,2024-01-10,2024-01-10,30,STRAIGHT_LINE,6084.59,0.0,GBP,ACTIVE
FA-966FC95074,NIG-510,CP-510-202401-01,PLANT,Machinery and equipment - CP-510-202401-01,150300,,2024-01-10,2024-01-10,10,STRAIGHT_LINE,11662.14,0.0,GBP,ACTIVE
FA-079E68697A,NIG-510,CP-510-202401-01,VEHICLE,Vehicles - CP-510-202401-01,150400,,2024-01-10,2024-01-10,6,STRAIGHT_LINE,3295.82,0.0,GBP,ACTIVE
FA-1882F47E0B,NIG-510,CP-510-202401-01,IT,Computer hardware and software - CP-510-202401-01,150500,,2024-01-10,2024-01-10,4,STRAIGHT_LINE,2281.72,0.0,GBP,ACTIVE
FA-1A0C16C9F8,NIG-510,CP-510-202401-01,LEASEHOLD,Leasehold improvements - CP-510-202401-01,150600,,2024-01-10,2024-01-10,8,STRAIGHT_LINE,2028.2,0.0,GBP,ACTIVE
FA-241B98FEFC,NIG-510,CP-510-202402-01,BUILDING,Buildings and improvements - CP-510-202402-01,150200,,2024-02-10,2024-02-10,30,STRAIGHT_LINE,6084.59,0.0,GBP,ACTIVE
FA-63CEB10E5D,NIG-510,CP-510-202402-01,PLANT,Machinery and equipment - CP-510-202402-01,150300,,2024-02-10,2024-02-10,10,STRAIGHT_LINE,11662.14,0.0,GBP,ACTIVE
FA-04864C45F6,NIG-510,CP-510-202402-01,VEHICLE,Vehicles - CP-510-202402-01,150400,,2024-02-10,2024-02-10,6,STRAIGHT_LINE,3295.82,0.0,GBP,ACTIVE
FA-CA464A06A0,NIG-510,CP-510-202402-01,IT,Computer hardware and software - CP-510-202402-01,150500,,2024-02-10,2024-02-10,4,STRAIGHT_LINE,2281.72,0.0,GBP,ACTIVE
FA-A8A37043D8,NIG-510,CP-510-202402-01,LEASEHOLD,Leasehold improvements - CP-510-202402-01,150600,,2024-02-10,2024-02-10,8,STRAIGHT_LINE,2028.2,0.0,GBP,ACTIVE
FA-926B049498,NIG-510,CP-510-202403-01,BUILDING,Buildings and improvements - CP-510-202403-01,150200,,2024-03-10,2024-03-10,30,STRAIGHT_LINE,6084.59,0.0,GBP,ACTIVE
FA-73D3E0E518,NIG-510,CP-510-202403-01,PLANT,Machinery and equipment - CP-510-202403-01,150300,,2024-03-10,2024-03-10,10,STRAIGHT_LINE,11662.14,0.0,GBP,ACTIVE
FA-A8951F726D,NIG-510,CP-510-202403-01,VEHICLE,Vehicles - CP-510-202403-01,150400,,2024-03-10,2024-03-10,6,STRAIGHT_LINE,3295.82,0.0,GBP,ACTIVE
FA-79ABF34B8A,NIG-510,CP-510-202403-01,IT,Computer hardware and software - CP-510-202403-01,150500,,2024-03-10,2024-03-10,4,STRAIGHT_LINE,2281.72,0.0,GBP,ACTIVE
FA-9040EFFBC5,NIG-510,CP-510-202403-01,LEASEHOLD,Leasehold improvements - CP-510-202403-01,150600,,2024-03-10,2024-03-10,8,STRAIGHT_LINE,2028.2,0.0,GBP,ACTIVE
FA-DC75332C30,NIG-510,CP-510-202404-01,BUILDING,Buildings and improvements - CP-510-202404-01,150200,,2024-04-10,2024-04-10,30,STRAIGHT_LINE,6084.59,0.0,GBP,ACTIVE
FA-43FA8BC8E5,NIG-510,CP-510-202404-01,PLANT,Machinery and equipment - CP-510-202404-01,150300,,2024-04-10,2024-04-10,10,STRAIGHT_LINE,11662.14,0.0,GBP,ACTIVE
FA-850E6C05F2,NIG-510,CP-510-202404-01,VEHICLE,Vehicles - CP-510-202404-01,150400,,2024-04-10,2024-04-10,6,STRAIGHT_LINE,3295.82,0.0,GBP,ACTIVE
FA-F13F3B7A89,NIG-510,CP-510-202404-01,IT,Computer hardware and software - CP-510-202404-01,150500,,2024-04-10,2024-04-10,4,STRAIGHT_LINE,2281.72,0.0,GBP,ACTIVE
FA-AC3E7F46CC,NIG-510,CP-510-202404-01,LEASEHOLD,Leasehold improvements - CP-510-202404-01,150600,,2024-04-10,2024-04-10,8,STRAIGHT_LINE,2028.2,0.0,GBP,ACTIVE
FA-733D7BEE3F,NIG-510,CP-510-202405-01,BUILDING,Buildings and improvements - CP-510-202405-01,150200,,2024-05-10,2024-05-10,30,STRAIGHT_LINE,6084.59,0.0,GBP,ACTIVE
FA-01C74D4972,NIG-510,CP-510-202405-01,PLANT,Machinery and equipment - CP-510-202405-01,150300,,2024-05-10,2024-05-10,10,STRAIGHT_LINE,11662.14,0.0,GBP,ACTIVE
FA-A0F82EC6CD,NIG-510,CP-510-202405-01,VEHICLE,Vehicles - CP-510-202405-01,150400,,2024-05-10,2024-05-10,6,STRAIGHT_LINE,3295.82,0.0,GBP,ACTIVE
FA-615E1BEE14,NIG-510,CP-510-202405-01,IT,Computer hardware and software - CP-510-202405-01,150500,,2024-05-10,2024-05-10,4,STRAIGHT_LINE,2281.72,0.0,GBP,ACTIVE
FA-E151456C37,NIG-510,CP-510-202405-01,LEASEHOLD,Leasehold improvements - CP-510-202405-01,150600,,2024-05-10,2024-05-10,8,STRAIGHT_LINE,2028.2,0.0,GBP,ACTIVE
FA-A63AF43652,NIG-510,CP-510-202406-01,BUILDING,Buildings and improvements - CP-510-202406-01,150200,,2024-06-10,2024-06-10,30,STRAIGHT_LINE,6084.59,0.0,GBP,ACTIVE
FA-1C95311847,NIG-510,CP-510-202406-01,PLANT,Machinery and equipment - CP-510-202406-01,150300,,2024-06-10,2024-06-10,10,STRAIGHT_LINE,11662.14,0.0,GBP,ACTIVE
FA-A19CDAF510,NIG-510,CP-510-202406-01,VEHICLE,Vehicles - CP-510-202406-01,150400,,2024-06-10,2024-06-10,6,STRAIGHT_LINE,3295.82,0.0,GBP,ACTIVE
FA-0199C51AB5,NIG-510,CP-510-202406-01,IT,Computer hardware and software - CP-510-202406-01,150500,,2024-06-10,2024-06-10,4,STRAIGHT_LINE,2281.72,0.0,GBP,ACTIVE
FA-46D84CA921,NIG-510,CP-510-202406-01,LEASEHOLD,Leasehold improvements - CP-510-202406-01,150600,,2024-06-10,2024-06-10,8,STRAIGHT_LINE,2028.2,0.0,GBP,ACTIVE
FA-772EB45AEC,NIG-510,CP-510-202407-01,BUILDING,Buildings and improvements - CP-510-202407-01,150200,,2024-07-10,2024-07-10,30,STRAIGHT_LINE,6084.59,0.0,GBP,ACTIVE
FA-3058F2BFD1,NIG-510,CP-510-202407-01,PLANT,Machinery and equipment - CP-510-202407-01,150300,,2024-07-10,2024-07-10,10,STRAIGHT_LINE,11662.14,0.0,GBP,ACTIVE
FA-FA3FF233C6,NIG-510,CP-510-202407-01,VEHICLE,Vehicles - CP-510-202407-01,150400,,2024-07-10,2024-07-10,6,STRAIGHT_LINE,3295.82,0.0,GBP,ACTIVE
FA-119271F099,NIG-510,CP-510-202407-01,IT,Computer hardware and software - CP-510-202407-01,150500,,2024-07-10,2024-07-10,4,STRAIGHT_LINE,2281.72,0.0,GBP,ACTIVE
FA-515C1DB1EE,NIG-510,CP-510-202407-01,LEASEHOLD,Leasehold improvements - CP-510-202407-01,150600,,2024-07-10,2024-07-10,8,STRAIGHT_LINE,2028.2,0.0,GBP,ACTIVE
FA-928B701D41,NIG-510,CP-510-202408-01,BUILDING,Buildings and improvements - CP-510-202408-01,150200,,2024-08-10,2024-08-10,30,STRAIGHT_LINE,6084.59,0.0,GBP,ACTIVE
FA-D68DA94C37,NIG-510,CP-510-202408-01,PLANT,Machinery and equipment - CP-510-202408-01,150300,,2024-08-10,2024-08-10,10,STRAIGHT_LINE,11662.14,0.0,GBP,ACTIVE
FA-A068A5D494,NIG-510,CP-510-202408-01,VEHICLE,Vehicles - CP-510-202408-01,150400,,2024-08-10,2024-08-10,6,STRAIGHT_LINE,3295.82,0.0,GBP,ACTIVE
FA-D783B6F60F,NIG-510,CP-510-202408-01,IT,Computer hardware and software - CP-510-202408-01,150500,,2024-08-10,2024-08-10,4,STRAIGHT_LINE,2281.72,0.0,GBP,ACTIVE
FA-DF2C5816BE,NIG-510,CP-510-202408-01,LEASEHOLD,Leasehold improvements - CP-510-202408-01,150600,,2024-08-10,2024-08-10,8,STRAIGHT_LINE,2028.2,0.0,GBP,ACTIVE
FA-B257A78792,NIG-510,CP-510-202409-01,BUILDING,Buildings and improvements - CP-510-202409-01,150200,,2024-09-10,2024-09-10,30,STRAIGHT_LINE,6084.59,0.0,GBP,ACTIVE
FA-23E88814C4,NIG-510,CP-510-202409-01,PLANT,Machinery and equipment - CP-510-202409-01,150300,,2024-09-10,2024-09-10,10,STRAIGHT_LINE,11662.14,0.0,GBP,ACTIVE
FA-321B4A9BF1,NIG-510,CP-510-202409-01,VEHICLE,Vehicles - CP-510-202409-01,150400,,2024-09-10,2024-09-10,6,STRAIGHT_LINE,3295.82,0.0,GBP,ACTIVE
FA-16DC4CF78A,NIG-510,CP-510-202409-01,IT,Computer hardware and software - CP-510-202409-01,150500,,2024-09-10,2024-09-10,4,STRAIGHT_LINE,2281.72,0.0,GBP,ACTIVE
FA-62140C695F,NIG-510,CP-510-202409-01,LEASEHOLD,Leasehold improvements - CP-510-202409-01,150600,,2024-09-10,2024-09-10,8,STRAIGHT_LINE,2028.2,0.0,GBP,ACTIVE
FA-229F7274C6,NIG-510,CP-510-202410-01,BUILDING,Buildings and improvements - CP-510-202410-01,150200,,2024-10-10,2024-10-10,30,STRAIGHT_LINE,6084.59,0.0,GBP,ACTIVE
FA-2145366FD7,NIG-510,CP-510-202410-01,PLANT,Machinery and equipment - CP-510-202410-01,150300,,2024-10-10,2024-10-10,10,STRAIGHT_LINE,11662.14,0.0,GBP,ACTIVE
FA-5AFE1262D9,NIG-510,CP-510-202410-01,VEHICLE,Vehicles - CP-510-202410-01,150400,,2024-10-10,2024-10-10,6,STRAIGHT_LINE,3295.82,0.0,GBP,ACTIVE
FA-425B81E40F,NIG-510,CP-510-202410-01,IT,Computer hardware and software - CP-510-202410-01,150500,,2024-10-10,2024-10-10,4,STRAIGHT_LINE,2281.72,0.0,GBP,ACTIVE
FA-0C06178FA0,NIG-510,CP-510-202410-01,LEASEHOLD,Leasehold improvements - CP-510-202410-01,150600,,2024-10-10,2024-10-10,8,STRAIGHT_LINE,2028.2,0.0,GBP,ACTIVE
FA-95AC0E3E44,NIG-510,CP-510-202411-01,BUILDING,Buildings and improvements - CP-510-202411-01,150200,,2024-11-10,2024-11-10,30,STRAIGHT_LINE,6084.59,0.0,GBP,ACTIVE
FA-B9DB971A0B,NIG-510,CP-510-202411-01,PLANT,Machinery and equipment - CP-510-202411-01,150300,,2024-11-10,2024-11-10,10,STRAIGHT_LINE,11662.14,0.0,GBP,ACTIVE
FA-C8AE53CB83,NIG-510,CP-510-202411-01,VEHICLE,Vehicles - CP-510-202411-01,150400,,2024-11-10,2024-11-10,6,STRAIGHT_LINE,3295.82,0.0,GBP,ACTIVE
FA-F8DC694FE6,NIG-510,CP-510-202411-01,IT,Computer hardware and software - CP-510-202411-01,150500,,2024-11-10,2024-11-10,4,STRAIGHT_LINE,2281.72,0.0,GBP,ACTIVE
FA-A4C52137B6,NIG-510,CP-510-202411-01,LEASEHOLD,Leasehold improvements - CP-510-202411-01,150600,,2024-11-10,2024-11-10,8,STRAIGHT_LINE,2028.2,0.0,GBP,ACTIVE
FA-9229415EA8,NIG-510,CP-510-202412-01,BUILDING,Buildings and improvements - CP-510-202412-01,150200,,2024-12-10,2024-12-10,30,STRAIGHT_LINE,6084.59,0.0,GBP,ACTIVE
FA-B21348145E,NIG-510,CP-510-202412-01,PLANT,Machinery and equipment - CP-510-202412-01,150300,,2024-12-10,2024-12-10,10,STRAIGHT_LINE,11662.14,0.0,GBP,ACTIVE
FA-972F6EC62A,NIG-510,CP-510-202412-01,VEHICLE,Vehicles - CP-510-202412-01,150400,,2024-12-10,2024-12-10,6,STRAIGHT_LINE,3295.82,0.0,GBP,ACTIVE
FA-54E9DA9C30,NIG-510,CP-510-202412-01,IT,Computer hardware and software - CP-510-202412-01,150500,,2024-12-10,2024-12-10,4,STRAIGHT_LINE,2281.72,0.0,GBP,ACTIVE
FA-9245EE6DF2,NIG-510,CP-510-202412-01,LEASEHOLD,Leasehold improvements - CP-510-202412-01,150600,,2024-12-10,2024-12-10,8,STRAIGHT_LINE,2028.2,0.0,GBP,ACTIVE
FA-5CEBBCC902,NIG-510,CP-510-202501-01,BUILDING,Buildings and improvements - CP-510-202501-01,150200,,2025-01-10,2025-01-10,30,STRAIGHT_LINE,2623.04,0.0,GBP,ACTIVE
FA-FD938794EB,NIG-510,CP-510-202501-01,PLANT,Machinery and equipment - CP-510-202501-01,150300,,2025-01-10,2025-01-10,10,STRAIGHT_LINE,5027.5,0.0,GBP,ACTIVE
FA-20937A8E9F,NIG-510,CP-510-202501-01,VEHICLE,Vehicles - CP-510-202501-01,150400,,2025-01-10,2025-01-10,6,STRAIGHT_LINE,1420.82,0.0,GBP,ACTIVE
FA-5D49B40BDE,NIG-510,CP-510-202502-01,BUILDING,Buildings and improvements - CP-510-202502-01,150200,,2025-02-10,2025-02-10,30,STRAIGHT_LINE,2623.04,0.0,GBP,ACTIVE
FA-06F60728C5,NIG-510,CP-510-202502-01,PLANT,Machinery and equipment - CP-510-202502-01,150300,,2025-02-10,2025-02-10,10,STRAIGHT_LINE,5027.5,0.0,GBP,ACTIVE
FA-843D46C304,NIG-510,CP-510-202502-01,VEHICLE,Vehicles - CP-510-202502-01,150400,,2025-02-10,2025-02-10,6,STRAIGHT_LINE,1420.82,0.0,GBP,ACTIVE
FA-67A39A9779,NIG-510,CP-510-202503-01,BUILDING,Buildings and improvements - CP-510-202503-01,150200,,2025-03-10,2025-03-10,30,STRAIGHT_LINE,2623.04,0.0,GBP,ACTIVE
FA-A3B32985BE,NIG-510,CP-510-202503-01,PLANT,Machinery and equipment - CP-510-202503-01,150300,,2025-03-10,2025-03-10,10,STRAIGHT_LINE,5027.5,0.0,GBP,ACTIVE
FA-6C28FC49F3,NIG-510,CP-510-202503-01,VEHICLE,Vehicles - CP-510-202503-01,150400,,2025-03-10,2025-03-10,6,STRAIGHT_LINE,1420.82,0.0,GBP,ACTIVE
FA-17960EBBEC,NIG-510,CP-510-202504-01,BUILDING,Buildings and improvements - CP-510-202504-01,150200,,2025-04-10,2025-04-10,30,STRAIGHT_LINE,2623.04,0.0,GBP,ACTIVE
FA-3495C1ABB0,NIG-510,CP-510-202504-01,PLANT,Machinery and equipment - CP-510-202504-01,150300,,2025-04-10,2025-04-10,10,STRAIGHT_LINE,5027.5,0.0,GBP,ACTIVE
FA-8422965FD3,NIG-510,CP-510-202504-01,VEHICLE,Vehicles - CP-510-202504-01,150400,,2025-04-10,2025-04-10,6,STRAIGHT_LINE,1420.82,0.0,GBP,ACTIVE
FA-B448FFDDB5,NIG-510,CP-510-202505-01,BUILDING,Buildings and improvements - CP-510-202505-01,150200,,2025-05-10,2025-05-10,30,STRAIGHT_LINE,2623.04,0.0,GBP,ACTIVE
FA-36549FC2DC,NIG-510,CP-510-202505-01,PLANT,Machinery and equipment - CP-510-202505-01,150300,,2025-05-10,2025-05-10,10,STRAIGHT_LINE,5027.5,0.0,GBP,ACTIVE
FA-5974E8607E,NIG-510,CP-510-202505-01,VEHICLE,Vehicles - CP-510-202505-01,150400,,2025-05-10,2025-05-10,6,STRAIGHT_LINE,1420.82,0.0,GBP,ACTIVE
FA-7A2CE8B6A3,NIG-510,CP-510-202506-01,BUILDING,Buildings and improvements - CP-510-202506-01,150200,,2025-06-10,2025-06-10,30,STRAIGHT_LINE,2623.04,0.0,GBP,ACTIVE
FA-9BAB8C2673,NIG-510,CP-510-202506-01,PLANT,Machinery and equipment - CP-510-202506-01,150300,,2025-06-10,2025-06-10,10,STRAIGHT_LINE,5027.5,0.0,GBP,ACTIVE
FA-E032A5683D,NIG-510,CP-510-202506-01,VEHICLE,Vehicles - CP-510-202506-01,150400,,2025-06-10,2025-06-10,6,STRAIGHT_LINE,1420.82,0.0,GBP,ACTIVE
FA-B93A718FE3,NIG-510,CP-510-202507-01,BUILDING,Buildings and improvements - CP-510-202507-01,150200,,2025-07-10,2025-07-10,30,STRAIGHT_LINE,2623.04,0.0,GBP,ACTIVE
FA-62ABF879A1,NIG-510,CP-510-202507-01,PLANT,Machinery and equipment - CP-510-202507-01,150300,,2025-07-10,2025-07-10,10,STRAIGHT_LINE,5027.5,0.0,GBP,ACTIVE
FA-1487525F4B,NIG-510,CP-510-202507-01,VEHICLE,Vehicles - CP-510-202507-01,150400,,2025-07-10,2025-07-10,6,STRAIGHT_LINE,1420.82,0.0,GBP,ACTIVE
FA-98D82152CB,NIG-510,CP-510-202508-01,BUILDING,Buildings and improvements - CP-510-202508-01,150200,,2025-08-10,2025-08-10,30,STRAIGHT_LINE,2623.04,0.0,GBP,ACTIVE
FA-F8F61DD457,NIG-510,CP-510-202508-01,PLANT,Machinery and equipment - CP-510-202508-01,150300,,2025-08-10,2025-08-10,10,STRAIGHT_LINE,5027.5,0.0,GBP,ACTIVE
FA-645CABE632,NIG-510,CP-510-202508-01,VEHICLE,Vehicles - CP-510-202508-01,150400,,2025-08-10,2025-08-10,6,STRAIGHT_LINE,1420.82,0.0,GBP,ACTIVE
FA-54E9C0C028,NIG-510,CP-510-202509-01,BUILDING,Buildings and improvements - CP-510-202509-01,150200,,2025-09-10,2025-09-10,30,STRAIGHT_LINE,2623.04,0.0,GBP,ACTIVE
FA-B275B57147,NIG-510,CP-510-202509-01,PLANT,Machinery and equipment - CP-510-202509-01,150300,,2025-09-10,2025-09-10,10,STRAIGHT_LINE,5027.5,0.0,GBP,ACTIVE
FA-9140FCE98D,NIG-510,CP-510-202509-01,VEHICLE,Vehicles - CP-510-202509-01,150400,,2025-09-10,2025-09-10,6,STRAIGHT_LINE,1420.82,0.0,GBP,ACTIVE
FA-58729FC074,NIG-510,CP-510-202510-01,BUILDING,Buildings and improvements - CP-510-202510-01,150200,,2025-10-10,2025-10-10,30,STRAIGHT_LINE,2623.04,0.0,GBP,ACTIVE
FA-2F1FAE14F1,NIG-510,CP-510-202510-01,PLANT,Machinery and equipment - CP-510-202510-01,150300,,2025-10-10,2025-10-10,10,STRAIGHT_LINE,5027.5,0.0,GBP,ACTIVE
FA-7E2F4A7E1F,NIG-510,CP-510-202510-01,VEHICLE,Vehicles - CP-510-202510-01,150400,,2025-10-10,2025-10-10,6,STRAIGHT_LINE,1420.82,0.0,GBP,ACTIVE
FA-6B26747FEE,NIG-510,CP-510-202511-01,BUILDING,Buildings and improvements - CP-510-202511-01,150200,,2025-11-10,2025-11-10,30,STRAIGHT_LINE,2623.04,0.0,GBP,ACTIVE
FA-1BF98B30B7,NIG-510,CP-510-202511-01,PLANT,Machinery and equipment - CP-510-202511-01,150300,,2025-11-10,2025-11-10,10,STRAIGHT_LINE,5027.5,0.0,GBP,ACTIVE
FA-F6C18914DC,NIG-510,CP-510-202511-01,VEHICLE,Vehicles - CP-510-202511-01,150400,,2025-11-10,2025-11-10,6,STRAIGHT_LINE,1420.82,0.0,GBP,ACTIVE
FA-A7DA92B820,NIG-510,CP-510-202512-01,BUILDING,Buildings and improvements - CP-510-202512-01,150200,,2025-12-10,2025-12-10,30,STRAIGHT_LINE,2623.04,0.0,GBP,ACTIVE
FA-9CB9D9ED0D,NIG-510,CP-510-202512-01,PLANT,Machinery and equipment - CP-510-202512-01,150300,,2025-12-10,2025-12-10,10,STRAIGHT_LINE,5027.5,0.0,GBP,ACTIVE
FA-DA41F063F4,NIG-510,CP-510-202512-01,VEHICLE,Vehicles - CP-510-202512-01,150400,,2025-12-10,2025-12-10,6,STRAIGHT_LINE,1420.82,0.0,GBP,ACTIVE
FA-F31FFA94E7,NIG-510,CP-510-202601-01,BUILDING,Buildings and improvements - CP-510-202601-01,150200,,2026-01-10,2026-01-10,30,STRAIGHT_LINE,4869.6,0.0,GBP,ACTIVE
FA-986651114D,NIG-510,CP-510-202601-01,PLANT,Machinery and equipment - CP-510-202601-01,150300,,2026-01-10,2026-01-10,10,STRAIGHT_LINE,9333.4,0.0,GBP,ACTIVE
FA-E67E80C406,NIG-510,CP-510-202601-01,VEHICLE,Vehicles - CP-510-202601-01,150400,,2026-01-10,2026-01-10,6,STRAIGHT_LINE,2637.7,0.0,GBP,ACTIVE
FA-AF4F4130BD,NIG-510,CP-510-202601-01,IT,Computer hardware and software - CP-510-202601-01,150500,,2026-01-10,2026-01-10,4,STRAIGHT_LINE,1826.1,0.0,GBP,ACTIVE
FA-C81B633C53,NIG-510,CP-510-202601-01,LEASEHOLD,Leasehold improvements - CP-510-202601-01,150600,,2026-01-10,2026-01-10,8,STRAIGHT_LINE,1623.2,0.0,GBP,ACTIVE
FA-E4FCF751B9,NIG-510,CP-510-202602-01,BUILDING,Buildings and improvements - CP-510-202602-01,150200,,2026-02-10,2026-02-10,30,STRAIGHT_LINE,4869.6,0.0,GBP,ACTIVE
FA-8F22D2CC49,NIG-510,CP-510-202602-01,PLANT,Machinery and equipment - CP-510-202602-01,150300,,2026-02-10,2026-02-10,10,STRAIGHT_LINE,9333.4,0.0,GBP,ACTIVE
FA-193DA622A1,NIG-510,CP-510-202602-01,VEHICLE,Vehicles - CP-510-202602-01,150400,,2026-02-10,2026-02-10,6,STRAIGHT_LINE,2637.7,0.0,GBP,ACTIVE
FA-5B0B69241B,NIG-510,CP-510-202602-01,IT,Computer hardware and software - CP-510-202602-01,150500,,2026-02-10,2026-02-10,4,STRAIGHT_LINE,1826.1,0.0,GBP,ACTIVE
FA-4AC8234877,NIG-510,CP-510-202602-01,LEASEHOLD,Leasehold improvements - CP-510-202602-01,150600,,2026-02-10,2026-02-10,8,STRAIGHT_LINE,1623.2,0.0,GBP,ACTIVE
FA-9B21BE64E9,NIG-510,CP-510-202603-01,BUILDING,Buildings and improvements - CP-510-202603-01,150200,,2026-03-10,2026-03-10,30,STRAIGHT_LINE,4869.6,0.0,GBP,ACTIVE
FA-F84E6F6E7D,NIG-510,CP-510-202603-01,PLANT,Machinery and equipment - CP-510-202603-01,150300,,2026-03-10,2026-03-10,10,STRAIGHT_LINE,9333.4,0.0,GBP,ACTIVE
FA-36C07CBB44,NIG-510,CP-510-202603-01,VEHICLE,Vehicles - CP-510-202603-01,150400,,2026-03-10,2026-03-10,6,STRAIGHT_LINE,2637.7,0.0,GBP,ACTIVE
FA-788F9F02C1,NIG-510,CP-510-202603-01,IT,Computer hardware and software - CP-510-202603-01,150500,,2026-03-10,2026-03-10,4,STRAIGHT_LINE,1826.1,0.0,GBP,ACTIVE
FA-7D47BB8EDA,NIG-510,CP-510-202603-01,LEASEHOLD,Leasehold improvements - CP-510-202603-01,150600,,2026-03-10,2026-03-10,8,STRAIGHT_LINE,1623.2,0.0,GBP,ACTIVE
FA-CF809CCADB,NIG-510,CP-510-202604-01,BUILDING,Buildings and improvements - CP-510-202604-01,150200,,2026-04-10,2026-04-10,30,STRAIGHT_LINE,4869.6,0.0,GBP,ACTIVE
FA-B97E6CFB74,NIG-510,CP-510-202604-01,PLANT,Machinery and equipment - CP-510-202604-01,150300,,2026-04-10,2026-04-10,10,STRAIGHT_LINE,9333.4,0.0,GBP,ACTIVE
FA-299E697AFD,NIG-510,CP-510-202604-01,VEHICLE,Vehicles - CP-510-202604-01,150400,,2026-04-10,2026-04-10,6,STRAIGHT_LINE,2637.7,0.0,GBP,ACTIVE
FA-722730ACF1,NIG-510,CP-510-202604-01,IT,Computer hardware and software - CP-510-202604-01,150500,,2026-04-10,2026-04-10,4,STRAIGHT_LINE,1826.1,0.0,GBP,ACTIVE
FA-5B768D4151,NIG-510,CP-510-202604-01,LEASEHOLD,Leasehold improvements - CP-510-202604-01,150600,,2026-04-10,2026-04-10,8,STRAIGHT_LINE,1623.2,0.0,GBP,ACTIVE
FA-FC2A3336C8,NIG-510,CP-510-202605-01,BUILDING,Buildings and improvements - CP-510-202605-01,150200,,2026-05-10,2026-05-10,30,STRAIGHT_LINE,4869.6,0.0,GBP,ACTIVE
FA-C3DF200A70,NIG-510,CP-510-202605-01,PLANT,Machinery and equipment - CP-510-202605-01,150300,,2026-05-10,2026-05-10,10,STRAIGHT_LINE,9333.4,0.0,GBP,ACTIVE
FA-BA9F85E0F5,NIG-510,CP-510-202605-01,VEHICLE,Vehicles - CP-510-202605-01,150400,,2026-05-10,2026-05-10,6,STRAIGHT_LINE,2637.7,0.0,GBP,ACTIVE
FA-107C5256D0,NIG-510,CP-510-202605-01,IT,Computer hardware and software - CP-510-202605-01,150500,,2026-05-10,2026-05-10,4,STRAIGHT_LINE,1826.1,0.0,GBP,ACTIVE
FA-EF51B826B4,NIG-510,CP-510-202605-01,LEASEHOLD,Leasehold improvements - CP-510-202605-01,150600,,2026-05-10,2026-05-10,8,STRAIGHT_LINE,1623.2,0.0,GBP,ACTIVE
FA-E0C2DA371E,NIG-510,CP-510-202606-01,BUILDING,Buildings and improvements - CP-510-202606-01,150200,,2026-06-10,2026-06-10,30,STRAIGHT_LINE,4869.6,0.0,GBP,ACTIVE
FA-2D0C44F704,NIG-510,CP-510-202606-01,PLANT,Machinery and equipment - CP-510-202606-01,150300,,2026-06-10,2026-06-10,10,STRAIGHT_LINE,9333.4,0.0,GBP,ACTIVE
FA-CFD7A830FC,NIG-510,CP-510-202606-01,VEHICLE,Vehicles - CP-510-202606-01,150400,,2026-06-10,2026-06-10,6,STRAIGHT_LINE,2637.7,0.0,GBP,ACTIVE
FA-02A474C1B8,NIG-510,CP-510-202606-01,IT,Computer hardware and software - CP-510-202606-01,150500,,2026-06-10,2026-06-10,4,STRAIGHT_LINE,1826.1,0.0,GBP,ACTIVE
FA-518D1C96A5,NIG-510,CP-510-202606-01,LEASEHOLD,Leasehold improvements - CP-510-202606-01,150600,,2026-06-10,2026-06-10,8,STRAIGHT_LINE,1623.2,0.0,GBP,ACTIVE
FA-E171F54CEC,NIG-510,CP-510-202607-01,BUILDING,Buildings and improvements - CP-510-202607-01,150200,,2026-07-10,2026-07-10,30,STRAIGHT_LINE,4869.6,0.0,GBP,ACTIVE
FA-AC0B550676,NIG-510,CP-510-202607-01,PLANT,Machinery and equipment - CP-510-202607-01,150300,,2026-07-10,2026-07-10,10,STRAIGHT_LINE,9333.4,0.0,GBP,ACTIVE
FA-94D01041D3,NIG-510,CP-510-202607-01,VEHICLE,Vehicles - CP-510-202607-01,150400,,2026-07-10,2026-07-10,6,STRAIGHT_LINE,2637.7,0.0,GBP,ACTIVE
FA-8DED51CEF4,NIG-510,CP-510-202607-01,IT,Computer hardware and software - CP-510-202607-01,150500,,2026-07-10,2026-07-10,4,STRAIGHT_LINE,1826.1,0.0,GBP,ACTIVE
FA-2062754755,NIG-510,CP-510-202607-01,LEASEHOLD,Leasehold improvements - CP-510-202607-01,150600,,2026-07-10,2026-07-10,8,STRAIGHT_LINE,1623.2,0.0,GBP,ACTIVE
FA-3C03FBC973,NIG-510,CP-510-202608-01,BUILDING,Buildings and improvements - CP-510-202608-01,150200,,2026-08-10,2026-08-10,30,STRAIGHT_LINE,4869.6,0.0,GBP,ACTIVE
FA-8ACA43B57C,NIG-510,CP-510-202608-01,PLANT,Machinery and equipment - CP-510-202608-01,150300,,2026-08-10,2026-08-10,10,STRAIGHT_LINE,9333.4,0.0,GBP,ACTIVE
FA-C10746AEA7,NIG-510,CP-510-202608-01,VEHICLE,Vehicles - CP-510-202608-01,150400,,2026-08-10,2026-08-10,6,STRAIGHT_LINE,2637.7,0.0,GBP,ACTIVE
FA-692424D35F,NIG-510,CP-510-202608-01,IT,Computer hardware and software - CP-510-202608-01,150500,,2026-08-10,2026-08-10,4,STRAIGHT_LINE,1826.1,0.0,GBP,ACTIVE
FA-7900F4A7C8,NIG-510,CP-510-202608-01,LEASEHOLD,Leasehold improvements - CP-510-202608-01,150600,,2026-08-10,2026-08-10,8,STRAIGHT_LINE,1623.2,0.0,GBP,ACTIVE
